subject,task,segment_label,start_s,end_s,velocity_kmh,muscle,muscle_label,rmse_m,nrmse_pct_of_imu_rom,corr,imu_rom_m,omc_rom_m,mean_bias_m,peak_phase_imu,peak_phase_omc
austra,ng,ng_v0,200.59,202.09,3.54,glut_med1_r,Glut. medius,0.023858994097163775,116.6395900458154,0.02059175498229996,0.020455313747066578,0.0787471608316393,0.010338001728953022,43.0,46.0
austra,ng,ng_v0,200.59,202.09,3.54,rect_fem_r,Rect. femoris,0.03574652035082026,59.86828986790693,0.19735545156250195,0.059708604387550046,0.12086311337493477,0.01515666748433257,60.0,65.0
austra,ng,ng_v0,200.59,202.09,3.54,vas_lat_r,Vast. lateralis,0.01579416420971479,34.75028120593227,0.5307873756989052,0.045450464461330886,0.05347239190213149,-0.000623641250088361,29.0,30.0
austra,ng,ng_v0,200.59,202.09,3.54,tib_ant_r,Tib. anterior,0.006912321979023168,21.212495537462576,0.8092318438317037,0.032586085719219504,0.024243427671808315,-0.005312611565099333,78.0,78.0
austra,ng,ng_v0,200.59,202.09,3.54,soleus_r,Soleus,0.004699584300581927,18.41448000245431,0.8544299192937154,0.025521134997868844,0.01840108535042173,0.003727600409557345,69.0,64.0
austra,ng,ng_v0,200.59,202.09,3.54,med_gas_r,Med. gastrocnemius,0.0043989159522204125,19.639958602534023,0.8019466571030532,0.022397786274625076,0.021254647321842568,0.002795100125031106,69.0,64.0
austra,ng,ng_v0,200.59,202.09,3.54,semimem_r,Semimembranosus,0.023710845993210123,55.102039612461816,0.30709362288390096,0.0430307955204034,0.08277948728532414,-0.008343580393807042,96.0,60.0
austra,ng,ng_v0,200.59,202.09,3.54,semiten_r,Semitendinosus,0.03127611460099574,68.17403984370188,0.2290410222095252,0.045876868486450895,0.10188891705804648,-0.015122328341437466,96.0,62.0
austra,ng,ng_v0,200.59,202.09,3.54,bifemlh_r,Biceps femoris LH,0.030475738127190892,84.69088991610056,0.12819388412077154,0.035984671028231996,0.10251884794928307,-0.0123364923930572,22.0,64.0
austra,ng,ng_v0,200.59,202.09,3.54,bifemsh_r,Biceps femoris SH,0.006824315998074491,32.22254972981966,0.8298245753651246,0.021178696457279655,0.006614509190892126,0.0034403419426396785,38.0,75.0
austra,ng,ng_v1,270.55,272.05,4.02,glut_med1_r,Glut. medius,0.01749058579583252,108.78875463349216,0.17272469577266722,0.016077567809980056,0.07792110765248825,-0.0048048151956172494,35.0,44.0
austra,ng,ng_v1,270.55,272.05,4.02,rect_fem_r,Rect. femoris,0.12217934797744293,169.0764935107456,0.6178293343702292,0.07226276429116851,0.1345039191063312,-0.11966214893351487,59.0,55.0
austra,ng,ng_v1,270.55,272.05,4.02,vas_lat_r,Vast. lateralis,0.12479359181295707,297.7544308220649,0.8415271902633457,0.04191158179188692,0.055576567359196916,-0.12427371055008436,94.0,22.0
austra,ng,ng_v1,270.55,272.05,4.02,tib_ant_r,Tib. anterior,0.006837794158015024,39.12489043955488,0.6420575406178735,0.017476839120045384,0.020084165697471568,0.005482138908198519,18.0,73.0
austra,ng,ng_v1,270.55,272.05,4.02,soleus_r,Soleus,0.0039338519377373786,27.23519023716702,0.5504156657069216,0.014444003891586454,0.016399443393255386,0.0005563224419115048,61.0,58.0
austra,ng,ng_v1,270.55,272.05,4.02,med_gas_r,Med. gastrocnemius,0.04401439965807652,171.9102262363706,0.5646903597297351,0.025603130553477516,0.01545488139131479,0.04352768404494364,3.0,55.0
austra,ng,ng_v1,270.55,272.05,4.02,semimem_r,Semimembranosus,0.07262697113687752,128.97427750639343,0.29590772286040484,0.05631120603352657,0.08272339675782442,0.06985781669217819,81.0,45.0
austra,ng,ng_v1,270.55,272.05,4.02,semiten_r,Semitendinosus,0.08512056302966352,124.54445837881897,0.34877765106189484,0.06834552427114637,0.10193381119158929,0.08185932349850292,81.0,45.0
austra,ng,ng_v1,270.55,272.05,4.02,bifemlh_r,Biceps femoris LH,0.05737852818488844,114.93477652535175,0.3999469164431238,0.04992268651797671,0.1023272616491337,0.05335833285415125,82.0,46.0
austra,ng,ng_v1,270.55,272.05,4.02,bifemsh_r,Biceps femoris SH,0.06543320422933983,561.2573598771817,-0.5863267372062653,0.011658324488369898,0.016491603426371126,0.06521756058340106,76.0,67.0
austra,ng,ng_v2,340.01,341.51,4.46,glut_med1_r,Glut. medius,0.027828892232829725,179.73841518812404,0.1000848002041063,0.015482996333144747,0.09882229696405445,0.010442837259740819,45.0,0.0
austra,ng,ng_v2,340.01,341.51,4.46,rect_fem_r,Rect. femoris,0.11779588568621749,154.1154828413574,-0.5606988940793759,0.0764335182387052,0.0837537726650095,-0.1114500814027643,65.0,0.0
austra,ng,ng_v2,340.01,341.51,4.46,vas_lat_r,Vast. lateralis,0.13132738440566347,307.97384481937456,-0.609681845468451,0.04264238233694373,0.0964729389200969,-0.1264241773148767,97.0,0.0
austra,ng,ng_v2,340.01,341.51,4.46,tib_ant_r,Tib. anterior,0.024348691570985057,138.77604382042384,0.6739644217239408,0.017545313226029313,0.05566857528745828,0.02002877259514676,9.0,35.0
austra,ng,ng_v2,340.01,341.51,4.46,soleus_r,Soleus,0.013280373429120468,90.13578490975978,0.7694823793248968,0.014733741368554376,0.041481491886626976,-0.009810653870461077,53.0,67.0
austra,ng,ng_v2,340.01,341.51,4.46,med_gas_r,Med. gastrocnemius,0.03701864114669135,146.3573601678662,0.6612421303858007,0.0252933238917622,0.047282904206434606,0.035434725843159494,84.0,67.0
austra,ng,ng_v2,340.01,341.51,4.46,semimem_r,Semimembranosus,0.03862860547161667,64.12288618639961,-0.529465862690299,0.06024152649543363,0.07711847655771514,0.017245528141614334,16.0,58.0
austra,ng,ng_v2,340.01,341.51,4.46,semiten_r,Semitendinosus,0.04399805762165263,59.58594888738303,-0.5507579392878776,0.07383965254091801,0.08709338038664216,0.018914825057335802,16.0,58.0
austra,ng,ng_v2,340.01,341.51,4.46,bifemlh_r,Biceps femoris LH,0.032473177156899215,61.73309050526841,-0.49070652884187654,0.05260254571918427,0.07540745204447652,0.009737014383062584,17.0,58.0
austra,ng,ng_v2,340.01,341.51,4.46,bifemsh_r,Biceps femoris SH,0.05419182430133328,414.66450542178455,-0.4951250218380068,0.013068836033171188,0.0650564012695064,0.05070686894855661,82.0,28.0
austra,gwo,gwo_v0,6.11,7.61,3.57,glut_med1_r,Glut. medius,0.006891142688451645,194.05388164561964,0.5267949580557473,0.0035511491086976654,0.007875591602997847,-0.00657959994042074,23.0,16.0
austra,gwo,gwo_v0,6.11,7.61,3.57,rect_fem_r,Rect. femoris,0.005600246733389151,43.17182410823231,0.9790592897781708,0.012971994695774869,0.019920582964607303,-0.005166286478764074,51.0,30.0
austra,gwo,gwo_v0,6.11,7.61,3.57,vas_lat_r,Vast. lateralis,0.005463005734544414,54.43703439374216,0.9698551228404456,0.010035458021152632,0.017271175658369525,-0.004971084943927157,0.0,30.0
austra,gwo,gwo_v0,6.11,7.61,3.57,tib_ant_r,Tib. anterior,0.006384521751617255,78.36819080035585,0.6296930522133924,0.00814682805155209,0.0071298796536397036,-0.00615848223215842,95.0,99.0
austra,gwo,gwo_v0,6.11,7.61,3.57,soleus_r,Soleus,0.0036468036783753217,42.283000417418734,0.733174363547514,0.008624751418711996,0.0069174626174879905,0.003417370861476248,82.0,84.0
austra,gwo,gwo_v0,6.11,7.61,3.57,med_gas_r,Med. gastrocnemius,0.00464228106931841,40.65154909629925,0.5692339846931295,0.01141969044850255,0.009051704029246266,0.004179305362023414,2.0,83.0
austra,gwo,gwo_v0,6.11,7.61,3.57,semimem_r,Semimembranosus,0.0021077181924686913,24.03480405076039,0.8851587318880408,0.008769441964316782,0.008683175113750441,0.0016412696050322408,92.0,94.0
austra,gwo,gwo_v0,6.11,7.61,3.57,semiten_r,Semitendinosus,0.002934724056863914,30.058612954943115,0.8948455537212053,0.009763338252709697,0.010095633884955602,0.0025242770048745796,92.0,94.0
austra,gwo,gwo_v0,6.11,7.61,3.57,bifemlh_r,Biceps femoris LH,0.003955809417893366,36.93477480727275,0.9204800862946789,0.010710257307740334,0.011364267955296437,0.003675754344315703,92.0,94.0
austra,gwo,gwo_v0,6.11,7.61,3.57,bifemsh_r,Biceps femoris SH,0.0008684137101471227,49.12461953254534,0.9660975228150371,0.0017677769688817513,0.002349682669810893,0.0008304099235336896,80.0,80.0
austra,gwo,gwo_v1,37.63,39.13,4.05,glut_med1_r,Glut. medius,0.021392415609556105,110.77100549430645,-0.02368656511615126,0.019312288007221942,0.08617127271176361,-0.01025995935988173,50.0,60.0
austra,gwo,gwo_v1,37.63,39.13,4.05,rect_fem_r,Rect. femoris,0.01905735626056001,75.45975458153139,0.7553074315214757,0.02525499369331935,0.10008236891450634,-0.008800409284168104,4.0,0.0
austra,gwo,gwo_v1,37.63,39.13,4.05,vas_lat_r,Vast. lateralis,0.007516600785914579,69.53358458928636,0.47201557448635145,0.010810029182750813,0.03129613232988285,-0.003821776058926511,68.0,0.0
austra,gwo,gwo_v1,37.63,39.13,4.05,tib_ant_r,Tib. anterior,0.004648967769243746,25.77118005149715,0.6167479547868975,0.018039405878791603,0.026669655930153913,-0.00031205826045271065,49.0,44.0
austra,gwo,gwo_v1,37.63,39.13,4.05,soleus_r,Soleus,0.0034731035484364477,23.81937497445408,0.7209080424156081,0.014581002029487755,0.02421208513221651,0.00019814292583127924,22.0,100.0
austra,gwo,gwo_v1,37.63,39.13,4.05,med_gas_r,Med. gastrocnemius,0.004600366526216495,25.0714038277713,0.6165885311848824,0.018349058384679373,0.023459475854600786,1.2878748332774182e-05,2.0,76.0
austra,gwo,gwo_v1,37.63,39.13,4.05,semimem_r,Semimembranosus,0.015168097741755322,44.41936270387041,0.7711203900822513,0.034147490685258464,0.08786235996090425,0.006708996783776929,41.0,42.0
austra,gwo,gwo_v1,37.63,39.13,4.05,semiten_r,Semitendinosus,0.019191778214425168,51.25684636279168,0.7564226246442612,0.03744237029057029,0.10856956824756137,0.008549150977715195,42.0,42.0
austra,gwo,gwo_v1,37.63,39.13,4.05,bifemlh_r,Biceps femoris LH,0.01990671900297543,57.663938900922076,0.771228303398309,0.03452195493821375,0.10818571867240312,0.009938862988392924,41.0,42.0
austra,gwo,gwo_v1,37.63,39.13,4.05,bifemsh_r,Biceps femoris SH,0.0011911246062981343,51.706694065103065,0.6112868608882731,0.0023036177961762716,0.005097367780246331,0.000463170997103672,13.0,46.0
austra,gwo,gwo_v2,67.68,69.18,4.57,glut_med1_r,Glut. medius,0.014900248286671447,91.12330671775221,0.5786632486193964,0.016351742296648514,0.08064365526595606,-0.009370842194681948,52.0,53.0
austra,gwo,gwo_v2,67.68,69.18,4.57,rect_fem_r,Rect. femoris,0.02461321568282654,117.56267706052354,0.19104463509856578,0.02093624975055236,0.13704234828883222,-0.008919453395671548,4.0,1.0
austra,gwo,gwo_v2,67.68,69.18,4.57,vas_lat_r,Vast. lateralis,0.00944148310313226,70.46168721948082,0.7134654898370301,0.013399456464508186,0.053007241084053996,-0.004676281201197477,62.0,65.0
austra,gwo,gwo_v2,67.68,69.18,4.57,tib_ant_r,Tib. anterior,0.004992223956143855,36.550744648430936,0.568151738272264,0.013658337208071525,0.023345792433244195,-0.0035896834107245865,46.0,44.0
austra,gwo,gwo_v2,67.68,69.18,4.57,soleus_r,Soleus,0.002795470972778244,19.82857769621136,0.7672511502056434,0.014098192092276862,0.013077570957076068,0.001890138051678725,98.0,80.0
austra,gwo,gwo_v2,67.68,69.18,4.57,med_gas_r,Med. gastrocnemius,0.0049961268500106955,30.67685313598256,0.5026517547081953,0.01628630820724719,0.02346397537184508,0.002612677143595263,0.0,80.0
austra,gwo,gwo_v2,67.68,69.18,4.57,semimem_r,Semimembranosus,0.01597011337084845,52.187345962660224,0.2764469898677271,0.03060150516616611,0.08183592156508668,0.005553394298897482,37.0,80.0
austra,gwo,gwo_v2,67.68,69.18,4.57,semiten_r,Semitendinosus,0.020074945530104395,60.14075524009026,0.21963990743775638,0.03337993586871735,0.10279567777393128,0.007257329939996028,37.0,80.0
austra,gwo,gwo_v2,67.68,69.18,4.57,bifemlh_r,Biceps femoris LH,0.020983115069553058,67.14868690126919,0.2433997314890731,0.031248734767375552,0.10500556913891124,0.008761805855120581,36.0,80.0
austra,gwo,gwo_v2,67.68,69.18,4.57,bifemsh_r,Biceps femoris SH,0.0008939010659343306,36.33023485857478,0.7350918883197775,0.0024604879913771027,0.006011029809772139,0.00036923662964591733,13.0,69.0
austra,rd,rd_correct,49.252,50.752,,glut_med1_r,Glut. medius,0.025816379081250895,1311.0168372498342,0.05813155136500935,0.001969187454175403,0.04824803248686002,-0.02326994437517229,33.0,2.0
austra,rd,rd_correct,49.252,50.752,,rect_fem_r,Rect. femoris,0.055596953537845197,804.614427739768,0.2833289211086078,0.006909763437131233,0.08534245947501679,-0.042058684453390005,11.0,12.0
austra,rd,rd_correct,49.252,50.752,,vas_lat_r,Vast. lateralis,0.012526998172947527,227.69289226563413,0.5005972706679668,0.005501708045560383,0.0190084105227038,-0.011431384480167686,8.0,5.0
austra,rd,rd_correct,49.252,50.752,,tib_ant_r,Tib. anterior,0.003496335922802713,11.465979554677235,0.9954141886817005,0.03049312887860922,0.02509908067431188,-0.0023210878089368284,10.0,2.0
austra,rd,rd_correct,49.252,50.752,,soleus_r,Soleus,0.0033410489189658076,14.785273225200468,0.9985409292360277,0.022597140195361576,0.019008644608317027,0.0028769754686931567,49.0,48.0
austra,rd,rd_correct,49.252,50.752,,med_gas_r,Med. gastrocnemius,0.004786597467205407,19.88700119822955,0.9916994639368213,0.024068975606194143,0.021973389077442507,0.004406635181046075,49.0,48.0
austra,rd,rd_correct,49.252,50.752,,semimem_r,Semimembranosus,0.042694914799417366,1258.5239323391104,0.27720396722826157,0.00339245950770789,0.06210153120907724,0.03146384126440191,50.0,26.0
austra,rd,rd_correct,49.252,50.752,,semiten_r,Semitendinosus,0.06036369187227276,1557.1066892211243,0.2715079343238574,0.0038766574114755814,0.08739306355923637,0.04468728265366428,50.0,48.0
austra,rd,rd_correct,49.252,50.752,,bifemlh_r,Biceps femoris LH,0.04842716227553372,1066.736582911175,0.29709950286317816,0.004539748898774398,0.06701700446689496,0.0373350383323751,50.0,48.0
austra,rd,rd_correct,49.252,50.752,,bifemsh_r,Biceps femoris SH,0.0010919558279805866,155.14003047248696,0.5499497250770964,0.0007038517555107981,0.0010320537258028395,0.0010447282934609127,41.0,48.0
austra,rd,rd_toes,89.211,90.711,,glut_med1_r,Glut. medius,0.014703264831427998,1257.9426918884785,-0.055121231067734346,0.0011688342343604552,0.051642635492415406,-0.011635021929592145,80.0,78.0
austra,rd,rd_toes,89.211,90.711,,rect_fem_r,Rect. femoris,0.03365131172557794,1290.7231367544775,0.035548607651815146,0.002607167313215919,0.08684980367092471,-0.01581502880721356,49.0,3.0
austra,rd,rd_toes,89.211,90.711,,vas_lat_r,Vast. lateralis,0.010877352406456547,293.6938514510076,-0.3825137138250786,0.0037036364066583283,0.01787975263086322,-0.00908656656485872,83.0,99.0
austra,rd,rd_toes,89.211,90.711,,tib_ant_r,Tib. anterior,0.0038037734437508745,14.245479600203215,0.9496349698853906,0.026701617288452772,0.020467754707856667,0.001309761320890255,30.0,50.0
austra,rd,rd_toes,89.211,90.711,,soleus_r,Soleus,0.001978041893060069,10.731703543087779,0.9714645219607035,0.018431760485352888,0.015405230844377948,0.0008019423929583072,80.0,80.0
austra,rd,rd_toes,89.211,90.711,,med_gas_r,Med. gastrocnemius,0.002771100578055671,14.66401327341225,0.9591398593267758,0.018897286345751163,0.01827759746879687,0.0018823289022842492,80.0,84.0
austra,rd,rd_toes,89.211,90.711,,semimem_r,Semimembranosus,0.023910963160405783,920.4883422496824,0.6461159950599253,0.0025976388904575543,0.06629168158755105,0.007607196848239731,92.0,82.0
austra,rd,rd_toes,89.211,90.711,,semiten_r,Semitendinosus,0.033897057499794825,1249.5486684952432,0.6521152248234946,0.002712744077476792,0.09271190627843895,0.011971795020404363,92.0,82.0
austra,rd,rd_toes,89.211,90.711,,bifemlh_r,Biceps femoris LH,0.02714219648510093,898.166424391004,0.6474188092331445,0.003021956259777192,0.07281703314916343,0.0102564922442791,92.0,82.0
austra,rd,rd_toes,89.211,90.711,,bifemsh_r,Biceps femoris SH,0.000798147145772829,188.42292936080648,-0.30425991565634947,0.00042359342808245826,0.0006467322131150088,0.0007523133603219038,16.0,100.0
austra,rd,rd_supination,126.065,127.565,,glut_med1_r,Glut. medius,0.018683469613596078,254.6824778088172,-0.5540770538454493,0.007335985488417157,0.048244584149640626,-0.015142500094336575,75.0,28.0
austra,rd,rd_supination,126.065,127.565,,rect_fem_r,Rect. femoris,0.03523527739858656,586.773572168849,0.5050213100607645,0.006004918944857884,0.09433708069984748,-0.018723356116512328,3.0,4.0
austra,rd,rd_supination,126.065,127.565,,vas_lat_r,Vast. lateralis,0.011317732543089027,306.668083126038,0.5292357207303203,0.003690547913470843,0.028251792640331258,-0.008473509115449899,15.0,18.0
austra,rd,rd_supination,126.065,127.565,,tib_ant_r,Tib. anterior,0.0032178293062436534,13.664854446155486,0.99269009289241,0.023548215013362017,0.0231826841244685,-0.002966280761689905,28.0,36.0
austra,rd,rd_supination,126.065,127.565,,soleus_r,Soleus,0.003945133294221075,31.088049223734487,0.9908710178238683,0.012690192510404041,0.013153439731534655,0.0038513499294259295,72.0,75.0
austra,rd,rd_supination,126.065,127.565,,med_gas_r,Med. gastrocnemius,0.0048554936500422525,33.66237867895807,0.9914688811423342,0.014424095505399803,0.01625217514783328,0.004752519942146764,72.0,68.0
austra,rd,rd_supination,126.065,127.565,,semimem_r,Semimembranosus,0.024523756209455787,774.0466201565235,0.503641992601234,0.003168253122078968,0.06578748413670876,0.01117929908134771,71.0,46.0
austra,rd,rd_supination,126.065,127.565,,semiten_r,Semitendinosus,0.035189806952778874,840.403448930615,0.5020512627037019,0.004187251610825338,0.09331354799268632,0.016972804443531785,71.0,46.0
austra,rd,rd_supination,126.065,127.565,,bifemlh_r,Biceps femoris LH,0.02858303694961252,1130.3838120906403,0.5297390865562766,0.0025286134358867285,0.07451804577697574,0.014562224495204999,100.0,71.0
austra,rd,rd_supination,126.065,127.565,,bifemsh_r,Biceps femoris SH,0.0008984874874528346,173.4526426852051,0.6596273387002141,0.0005180016133184417,0.0014432957199516094,0.0008234316819809133,59.0,46.0
austra,rd,rd_pronation,171.044,172.44313,,glut_med1_r,Glut. medius,0.006317714298001702,123.1755128702499,-0.7921769697676151,0.005129034294873713,0.003064852496298634,-0.006034621049732352,3.0,66.0
austra,rd,rd_pronation,171.044,172.44313,,rect_fem_r,Rect. femoris,0.001533963221224178,21.478918268193006,0.8984555968945898,0.0071417154349702194,0.006604885797987348,-0.0011092573926470496,100.0,7.0
austra,rd,rd_pronation,171.044,172.44313,,vas_lat_r,Vast. lateralis,0.0058300059594796885,82.16771556441115,0.9764484186070793,0.00709525136415598,0.008268603117776274,-0.0057861658468802086,100.0,7.0
austra,rd,rd_pronation,171.044,172.44313,,tib_ant_r,Tib. anterior,0.003166353579700604,16.47587504172442,0.9700561228383966,0.019218120868736588,0.015523123268872618,-0.0021070675001800513,19.0,3.0
austra,rd,rd_pronation,171.044,172.44313,,soleus_r,Soleus,0.0016017264017385566,9.28269570188916,0.9898656396839854,0.017254970465234387,0.014224731690178904,0.0005183923234274339,51.0,49.0
austra,rd,rd_pronation,171.044,172.44313,,med_gas_r,Med. gastrocnemius,0.0020740059230439094,11.277075038224824,0.9911457115573872,0.018391346302244593,0.015682110273606553,0.0014328070116500602,51.0,49.0
austra,rd,rd_pronation,171.044,172.44313,,semimem_r,Semimembranosus,0.003905700627801501,187.49002425576174,-0.5159944074354134,0.0020831511667381286,0.005588239686399654,-0.00362344651788214,64.0,0.0
austra,rd,rd_pronation,171.044,172.44313,,semiten_r,Semitendinosus,0.004320004505151817,172.7111626478029,-0.5681540479329058,0.002501288532207546,0.0070237023487205175,-0.003915606442842923,64.0,0.0
austra,rd,rd_pronation,171.044,172.44313,,bifemlh_r,Biceps femoris LH,0.002863656340676828,73.73494788301825,-0.19333921265771617,0.003883716504716417,0.005637702644380238,-0.0022311559713714207,55.0,0.0
austra,rd,rd_pronation,171.044,172.44313,,bifemsh_r,Biceps femoris SH,0.0003228319742225982,59.573061830841844,0.9699214895219863,0.0005419093199192648,0.00032687167871686684,0.00031406495646222574,37.0,49.0
austra,rgs,rgs_correct,11.935,13.435,,glut_med1_r,Glut. medius,0.03215197526550821,122.36729396578939,-0.416857700981201,0.02627497448337547,0.11421082546748239,0.0003155162025572714,34.0,2.0
austra,rgs,rgs_correct,11.935,13.435,,rect_fem_r,Rect. femoris,0.041778290213403395,64.89299427399595,0.7531363231071139,0.06438027814990943,0.1343806550553589,-0.027974377028270447,100.0,100.0
austra,rgs,rgs_correct,11.935,13.435,,vas_lat_r,Vast. lateralis,0.007734296879304662,14.123607540540013,0.983639754807,0.054761482553974616,0.046920817724013825,-0.006076164563691658,84.0,78.0
austra,rgs,rgs_correct,11.935,13.435,,tib_ant_r,Tib. anterior,0.004633554485749845,35.19138413578021,0.5710059958316491,0.01316672986737899,0.014566031361924636,-0.0028542684812800133,61.0,32.0
austra,rgs,rgs_correct,11.935,13.435,,soleus_r,Soleus,0.0021363676948369112,21.24268792096626,0.7658949934196128,0.01005695561119807,0.011513650312476198,0.0010510331756341325,0.0,100.0
austra,rgs,rgs_correct,11.935,13.435,,med_gas_r,Med. gastrocnemius,0.002983828827986945,18.525677804615533,0.9360402097203493,0.016106448894644743,0.015420127834597674,0.0022232560672092146,33.0,33.0
austra,rgs,rgs_correct,11.935,13.435,,semimem_r,Semimembranosus,0.03693278151556248,111.65912633408352,0.2578881144754031,0.033076366194250695,0.08943012684426122,0.02246909771917457,42.0,56.0
austra,rgs,rgs_correct,11.935,13.435,,semiten_r,Semitendinosus,0.046212644667868126,109.42198687364508,0.345502174130388,0.04223341760484767,0.11429375671410347,0.028946897354979424,42.0,51.0
austra,rgs,rgs_correct,11.935,13.435,,bifemlh_r,Biceps femoris LH,0.041376450048583924,95.56222010389068,0.42279463577659204,0.04329791627235263,0.09826800392351015,0.02763499239996321,42.0,51.0
austra,rgs,rgs_correct,11.935,13.435,,bifemsh_r,Biceps femoris SH,0.0017765228492974048,48.094030635178385,0.49253732770435527,0.0036938531161452848,0.014080250889635215,0.0001128315661753313,45.0,47.0
austra,rgs,rgs_flexion,104.755,106.255,,glut_med1_r,Glut. medius,0.040481552764950586,577.9989611785574,-0.31746930283979397,0.007003741439674471,0.08726285743710709,0.03208679524494147,52.0,14.0
austra,rgs,rgs_flexion,104.755,106.255,,rect_fem_r,Rect. femoris,0.06742428325196209,109.8443988810321,0.18862190902702453,0.061381630687411315,0.14563626699262278,-0.04946463182096774,0.0,76.0
austra,rgs,rgs_flexion,104.755,106.255,,vas_lat_r,Vast. lateralis,0.01863920125497284,44.29111727782516,0.20381104271066233,0.04208338466165712,0.056670177744045036,0.0027713181283383695,0.0,76.0
austra,rgs,rgs_flexion,104.755,106.255,,tib_ant_r,Tib. anterior,0.00524599148169716,24.586135829884796,0.837709432916551,0.021337193929110987,0.03272975445963733,-0.0013345747298394149,59.0,58.0
austra,rgs,rgs_flexion,104.755,106.255,,soleus_r,Soleus,0.0025763407414500596,13.22457021339012,0.9618421720505503,0.019481470474113916,0.023060762469587603,-0.0018720871579121715,1.0,0.0
austra,rgs,rgs_flexion,104.755,106.255,,med_gas_r,Med. gastrocnemius,0.003281336108444992,25.802204585103173,0.7609611020886142,0.012717270330999009,0.017318286830243168,0.00013130704183282453,7.0,94.0
austra,rgs,rgs_flexion,104.755,106.255,,semimem_r,Semimembranosus,0.06787659220010099,213.13435602665177,-0.6681701165449887,0.03184685635178086,0.16931815688302893,0.02868055754869861,86.0,59.0
austra,rgs,rgs_flexion,104.755,106.255,,semiten_r,Semitendinosus,0.08204469530688828,206.13512275223553,-0.5674423564512984,0.03980141482512034,0.19688650034400285,0.04077073840011241,85.0,59.0
austra,rgs,rgs_flexion,104.755,106.255,,bifemlh_r,Biceps femoris LH,0.07530516595559054,185.26127590322602,-0.46842535790439166,0.04064808772823486,0.1783311092860782,0.034796863940411836,84.0,59.0
austra,rgs,rgs_flexion,104.755,106.255,,bifemsh_r,Biceps femoris SH,0.012614710740499325,289.40945026878427,0.41179413309116186,0.004358776373329765,0.03944623323670626,-0.007579309309510593,19.0,13.0
austra,rgs,rgs_abduction,199.825,201.325,,glut_med1_r,Glut. medius,0.03165058123777258,136.17544235602188,0.12693326051929602,0.023242502972763757,0.08182886425081502,0.007797491175652217,50.0,12.0
austra,rgs,rgs_abduction,199.825,201.325,,rect_fem_r,Rect. femoris,0.058160264871463065,123.60009459939612,0.5637150809581076,0.047055194464023675,0.1504801964687022,-0.04085011208536869,0.0,13.0
austra,rgs,rgs_abduction,199.825,201.325,,vas_lat_r,Vast. lateralis,0.008448428421835715,22.44204397262111,0.9453954195625571,0.03764553902551232,0.045897567854774196,-0.0065446994781047365,0.0,13.0
austra,rgs,rgs_abduction,199.825,201.325,,tib_ant_r,Tib. anterior,0.009263476659360979,33.85454278170978,0.9006003627742021,0.027362580907061174,0.035012528775570706,-0.0081915052530022,91.0,97.0
austra,rgs,rgs_abduction,199.825,201.325,,soleus_r,Soleus,0.0036233271292312255,14.059467753533248,0.9625108250604456,0.02577143881083732,0.023648731663170552,0.0023247032590798045,0.0,0.0
austra,rgs,rgs_abduction,199.825,201.325,,med_gas_r,Med. gastrocnemius,0.005382811086009714,25.656357625589628,0.9274561710468427,0.020980418049056593,0.01553116380196462,0.004176584477218807,0.0,0.0
austra,rgs,rgs_abduction,199.825,201.325,,semimem_r,Semimembranosus,0.048761182583581496,210.49539036264667,0.38244090606561426,0.023164964562679746,0.09194348067663055,0.033736671747524705,100.0,96.0
austra,rgs,rgs_abduction,199.825,201.325,,semiten_r,Semitendinosus,0.06013927727007956,191.38490713485868,0.4255590954233827,0.03142320790620268,0.11506559427671914,0.042984068109212785,100.0,96.0
austra,rgs,rgs_abduction,199.825,201.325,,bifemlh_r,Biceps femoris LH,0.0564776407918578,183.72333789825717,0.4495826079670476,0.030740591499123615,0.10906603320835173,0.040936764676498316,100.0,96.0
austra,rgs,rgs_abduction,199.825,201.325,,bifemsh_r,Biceps femoris SH,0.003646065158915017,127.84584138342667,-0.10764100031653447,0.0028519231595339756,0.018014321625951624,-0.001017742953525913,100.0,52.0
austra,rgs,rgs_stork,297.931,299.431,,glut_med1_r,Glut. medius,0.02217130077329426,311.4716390341509,0.03623310629055743,0.007118240634057638,0.10205779335285825,-0.003295249450819359,44.0,93.0
austra,rgs,rgs_stork,297.931,299.431,,rect_fem_r,Rect. femoris,0.03326136474599907,39.2342641312975,0.6522292953278556,0.08477631856351348,0.1549760083951544,0.0032348564509529928,0.0,97.0
austra,rgs,rgs_stork,297.931,299.431,,vas_lat_r,Vast. lateralis,0.03317796390382283,58.8537257121492,0.5382113833715242,0.056373599975802186,0.11389612367143631,0.01628914919202458,0.0,64.0
austra,rgs,rgs_stork,297.931,299.431,,tib_ant_r,Tib. anterior,0.005508400174699048,19.88253914429458,0.9743322089349822,0.02770471183143486,0.04369850463546637,-0.003132998753639719,69.0,74.0
austra,rgs,rgs_stork,297.931,299.431,,soleus_r,Soleus,0.001357181855804404,4.076638879222324,0.9947507852360477,0.033291687000328696,0.037331322393043265,0.00010561248624155387,12.0,5.0
austra,rgs,rgs_stork,297.931,299.431,,med_gas_r,Med. gastrocnemius,0.01118940347519402,38.07324960756484,0.8205695277627892,0.029389147473691812,0.05406871770669108,-0.004523054200957424,3.0,0.0
austra,rgs,rgs_stork,297.931,299.431,,semimem_r,Semimembranosus,0.027913187083277197,98.64696670598495,0.7704972208970318,0.028296041951773154,0.09333607270930644,0.011919586611413074,100.0,57.0
austra,rgs,rgs_stork,297.931,299.431,,semiten_r,Semitendinosus,0.03407860366978459,80.3542223483883,0.7948654940577282,0.042410470382043486,0.11889853654444671,0.015130768219518696,100.0,57.0
austra,rgs,rgs_stork,297.931,299.431,,bifemlh_r,Biceps femoris LH,0.025279897245771375,44.15447098689825,0.8604058812046219,0.057253312474907836,0.11699647437793997,0.010355860307237598,100.0,57.0
austra,rgs,rgs_stork,297.931,299.431,,bifemsh_r,Biceps femoris SH,0.009352441386083425,31.202102856808832,0.7789095054311237,0.029973753464640485,0.07647018427939015,-0.002724478627082607,37.0,77.0
darryl,ng,ng_v0,6.33,7.83,4.08,glut_med1_r,Glut. medius,0.005743864327161627,93.11090443564562,0.7684531182862051,0.006168841729092586,0.02176444226145252,-0.0017635903598113487,93.0,1.0
darryl,ng,ng_v0,6.33,7.83,4.08,rect_fem_r,Rect. femoris,0.004851336097518513,6.96295096168831,0.9945033474839949,0.06967356404219466,0.07532095793821386,-0.0032132200671101023,10.0,0.0
darryl,ng,ng_v0,6.33,7.83,4.08,vas_lat_r,Vast. lateralis,0.003369908592414566,5.633852354603956,0.995622753752654,0.05981535156242945,0.05838820068987696,-0.0027005086014300606,100.0,82.0
darryl,ng,ng_v0,6.33,7.83,4.08,tib_ant_r,Tib. anterior,0.006308172289686782,26.157204858489003,0.505648829273968,0.02411638523234466,0.015404844598978007,-0.001373322865419977,98.0,38.0
darryl,ng,ng_v0,6.33,7.83,4.08,soleus_r,Soleus,0.003424178545902413,17.83068869092255,0.8304767709054524,0.01920384907872702,0.01828757025168054,-0.0010544050242731744,24.0,21.0
darryl,ng,ng_v0,6.33,7.83,4.08,med_gas_r,Med. gastrocnemius,0.00480738160100331,26.22828326599832,0.7443891589551273,0.018328998326914814,0.01640464417552001,-0.003188666392191562,16.0,26.0
darryl,ng,ng_v0,6.33,7.83,4.08,semimem_r,Semimembranosus,0.003578627686723192,14.150578260559394,0.9359543202506551,0.025289621532270323,0.03252420972851361,-0.0002891631843762259,55.0,55.0
darryl,ng,ng_v0,6.33,7.83,4.08,semiten_r,Semitendinosus,0.004466576373456737,14.140907895554895,0.9516017971020003,0.031586206532472905,0.04255636485270142,0.0002879263169128381,54.0,55.0
darryl,ng,ng_v0,6.33,7.83,4.08,bifemlh_r,Biceps femoris LH,0.004467462641181723,13.553815312077827,0.9817830114037644,0.032960923093003636,0.042297255970458636,0.0029054154755641126,53.0,55.0
darryl,ng,ng_v0,6.33,7.83,4.08,bifemsh_r,Biceps femoris SH,0.000892585891667647,15.37651200460925,0.9382311387551749,0.005804865833032136,0.004277174915927495,0.0005053954995434653,55.0,32.0
darryl,ng,ng_v1,38.68,40.18,4.57,glut_med1_r,Glut. medius,0.007542034386821488,62.63308264554194,0.9270687961884244,0.012041614540200682,0.03198935773973001,0.0006879915344942075,61.0,71.0
darryl,ng,ng_v1,38.68,40.18,4.57,rect_fem_r,Rect. femoris,0.006963187862526314,9.37799731722116,0.972409051653714,0.07425026502982207,0.08388825401685773,-0.003308166554960293,77.0,0.0
darryl,ng,ng_v1,38.68,40.18,4.57,vas_lat_r,Vast. lateralis,0.005996629797701486,9.908800754096196,0.9705760218036505,0.06051821957589107,0.056760362371750805,-0.0027735876618206422,46.0,47.0
darryl,ng,ng_v1,38.68,40.18,4.57,tib_ant_r,Tib. anterior,0.004210388224141276,14.990144984010712,0.8289729621389197,0.028087708482021356,0.026978037674414534,-0.0004125569920517423,22.0,23.0
darryl,ng,ng_v1,38.68,40.18,4.57,soleus_r,Soleus,0.0028546257471165366,8.869967493576796,0.961326170338473,0.0321830463210121,0.030932729768383738,-0.0013335738473060454,10.0,83.0
darryl,ng,ng_v1,38.68,40.18,4.57,med_gas_r,Med. gastrocnemius,0.0033177484384557462,12.950811836842554,0.8680399836915458,0.025618073061778213,0.023228979365505276,-0.0011301263495645596,12.0,10.0
darryl,ng,ng_v1,38.68,40.18,4.57,semimem_r,Semimembranosus,0.0025578867362909172,7.110952476343911,0.9869296774582874,0.03597108467255644,0.04086683494520893,0.0009382388608082662,39.0,40.0
darryl,ng,ng_v1,38.68,40.18,4.57,semiten_r,Semitendinosus,0.003159170250955959,7.013590353138883,0.9900345075219721,0.04504355247297975,0.05279816593199382,0.000936340585756077,38.0,39.0
darryl,ng,ng_v1,38.68,40.18,4.57,bifemlh_r,Biceps femoris LH,0.0045811755609839,10.167538684492076,0.9888501660150785,0.04505687859315732,0.05295261857271544,0.002860063516511707,38.0,39.0
darryl,ng,ng_v1,38.68,40.18,4.57,bifemsh_r,Biceps femoris SH,0.0010398211286755746,13.6547555165722,0.8614339081126355,0.0076150841910980205,0.008573601961530675,0.00027017550527206415,93.0,17.0
darryl,ng,ng_v2,69.27,70.77,5.09,glut_med1_r,Glut. medius,0.007975391380437746,61.47273296015784,0.940232302578124,0.012973868244326822,0.032412948161024954,-0.001513688093241403,37.0,44.0
darryl,ng,ng_v2,69.27,70.77,5.09,rect_fem_r,Rect. femoris,0.006779877423521723,9.107199685270832,0.984831955124433,0.07444524835100397,0.07877722929480135,-0.004818003643483258,49.0,52.0
darryl,ng,ng_v2,69.27,70.77,5.09,vas_lat_r,Vast. lateralis,0.006365641367962442,10.855424218601659,0.9834081929362855,0.058640189823760125,0.05450690266818786,-0.004319646484044089,97.0,51.0
darryl,ng,ng_v2,69.27,70.77,5.09,tib_ant_r,Tib. anterior,0.004389755696109748,16.367730023779885,0.8321423578922852,0.02681957540680402,0.029145823977867524,-0.0017388038172302708,73.0,74.0
darryl,ng,ng_v2,69.27,70.77,5.09,soleus_r,Soleus,0.002696182879723856,8.541285269231535,0.949635973859234,0.031566477347810595,0.033343342669549525,3.0182144284560807e-05,62.0,58.0
darryl,ng,ng_v2,69.27,70.77,5.09,med_gas_r,Med. gastrocnemius,0.0031874686537046934,12.76576193440398,0.8403483156071322,0.02496888685597687,0.02540359913419643,0.0005430636737923682,64.0,60.0
darryl,ng,ng_v2,69.27,70.77,5.09,semimem_r,Semimembranosus,0.0021476636255188305,6.01277250488833,0.9872137462782482,0.03571835827437009,0.040392814167120816,0.0007437628758699842,14.0,15.0
darryl,ng,ng_v2,69.27,70.77,5.09,semiten_r,Semitendinosus,0.0025865387619758216,5.740865110854896,0.9913206304263357,0.045054860409194486,0.05133621209972472,0.0009764038786749252,13.0,14.0
darryl,ng,ng_v2,69.27,70.77,5.09,bifemlh_r,Biceps femoris LH,0.003999620743373016,8.95095421531592,0.9890699266685952,0.044683735914203326,0.050854220006354645,0.002926534587357421,13.0,14.0
darryl,ng,ng_v2,69.27,70.77,5.09,bifemsh_r,Biceps femoris SH,0.001099864020009211,16.121922130328564,0.8578286393437292,0.006822164324563673,0.0075717059281451005,0.00021322123761379714,68.0,68.0
darryl,gwo,gwo_v0,7.88,9.379999999999999,4.06,glut_med1_r,Glut. medius,0.00072441649440973,12.334390238425398,0.9410661592440897,0.005873143952855903,0.006902585059274463,0.00033411941029291354,91.0,98.0
darryl,gwo,gwo_v0,7.88,9.379999999999999,4.06,rect_fem_r,Rect. femoris,0.008517159371695397,55.98955400883627,0.9675201907849087,0.015212050752094253,0.013051918603260326,0.008413718409234638,61.0,75.0
darryl,gwo,gwo_v0,7.88,9.379999999999999,4.06,vas_lat_r,Vast. lateralis,0.002072397444504039,20.90552844706796,0.9264842041737386,0.009913155028590998,0.009556566608124123,0.0018962428100577386,61.0,76.0
darryl,gwo,gwo_v0,7.88,9.379999999999999,4.06,tib_ant_r,Tib. anterior,0.004853563214830651,44.75340029246604,0.4275164630609355,0.010845127259855869,0.003281230097072596,-0.0039404685310076735,20.0,100.0
darryl,gwo,gwo_v0,7.88,9.379999999999999,4.06,soleus_r,Soleus,0.0018855502602611156,27.91992666508616,0.31732192931397546,0.006753421249558633,0.003329496236464058,0.0007514820829589617,86.0,89.0
darryl,gwo,gwo_v0,7.88,9.379999999999999,4.06,med_gas_r,Med. gastrocnemius,0.007559551622180185,90.97648362425883,-0.5346870154885133,0.008309346900460368,0.008647329249116154,0.006040600818862052,65.0,56.0
darryl,gwo,gwo_v0,7.88,9.379999999999999,4.06,semimem_r,Semimembranosus,0.004871659106598289,29.93902419050365,0.7325699007737302,0.01627193683935607,0.01458483727130977,-0.00393343350633561,100.0,100.0
darryl,gwo,gwo_v0,7.88,9.379999999999999,4.06,semiten_r,Semitendinosus,0.005863809160305455,32.64772061462043,0.7638701276343862,0.017960853161918755,0.014544954373558405,-0.004994122284946411,100.0,100.0
darryl,gwo,gwo_v0,7.88,9.379999999999999,4.06,bifemlh_r,Biceps femoris LH,0.008380499177970914,43.88697142191138,0.9740780200929973,0.019095642525441603,0.013772875528569484,-0.008216949039679506,100.0,100.0
darryl,gwo,gwo_v0,7.88,9.379999999999999,4.06,bifemsh_r,Biceps femoris SH,0.0006878195332416818,39.572659755811955,0.9406797578545616,0.0017381180276634378,0.0021973091825531754,-0.0006548050609878268,85.0,86.0
darryl,gwo,gwo_v1,39.11,40.61,4.56,glut_med1_r,Glut. medius,0.006052095823666765,95.33437308883464,-0.02974958098090618,0.006348283024872142,0.01323642830654008,0.0042528638241063855,55.0,92.0
darryl,gwo,gwo_v1,39.11,40.61,4.56,rect_fem_r,Rect. femoris,0.006091494585751834,22.27435567194157,0.945721870384554,0.027347568097896235,0.023489957924135274,0.005289503122240554,35.0,100.0
darryl,gwo,gwo_v1,39.11,40.61,4.56,vas_lat_r,Vast. lateralis,0.0017314197455095032,7.171613335050746,0.9716441191531243,0.024142681215777673,0.02504639745243123,0.0009449658649812618,88.0,88.0
darryl,gwo,gwo_v1,39.11,40.61,4.56,tib_ant_r,Tib. anterior,0.00370569652151033,20.48010776636316,0.8696939597325911,0.018094126084612805,0.012508115201284864,-0.003002198171793548,80.0,80.0
darryl,gwo,gwo_v1,39.11,40.61,4.56,soleus_r,Soleus,0.0018828004528019804,13.270878616315798,0.9525221767756685,0.014187458925946195,0.012824051890320987,-0.0016065496296633177,38.0,35.0
darryl,gwo,gwo_v1,39.11,40.61,4.56,med_gas_r,Med. gastrocnemius,0.0033006087250086772,18.232054266634158,0.6880066628768268,0.018103328767779092,0.017832043531518682,1.3121364181959493e-05,100.0,27.0
darryl,gwo,gwo_v1,39.11,40.61,4.56,semimem_r,Semimembranosus,0.004685020998657446,14.647363086206584,0.9776303013571579,0.03198542270771815,0.029578884650582782,-0.00394340381588825,71.0,74.0
darryl,gwo,gwo_v1,39.11,40.61,4.56,semiten_r,Semitendinosus,0.0062939472367366705,16.991172919555144,0.9794341974028868,0.03704245296387376,0.03224805369407624,-0.005529201577679179,71.0,74.0
darryl,gwo,gwo_v1,39.11,40.61,4.56,bifemlh_r,Biceps femoris LH,0.006137609999910047,16.24089776883587,0.9782883957050389,0.03779107588305436,0.02936988817670405,-0.005253246394061295,71.0,74.0
darryl,gwo,gwo_v1,39.11,40.61,4.56,bifemsh_r,Biceps femoris SH,0.0003306203598584212,8.89333159645151,0.9663989544418977,0.0037176209643452474,0.004063426890340782,-0.00020908389979820615,46.0,48.0
darryl,gwo,gwo_v2,69.3,70.8,5.14,glut_med1_r,Glut. medius,0.004247893447533714,61.415044380666075,0.3061904150744348,0.006916698490363679,0.014365043825518481,0.0012202010974095472,22.0,63.0
darryl,gwo,gwo_v2,69.3,70.8,5.14,rect_fem_r,Rect. femoris,0.00510819758803016,15.51095483141775,0.9728073619217873,0.03293283774950723,0.034001243374013834,0.004324734692442945,3.0,5.0
darryl,gwo,gwo_v2,69.3,70.8,5.14,vas_lat_r,Vast. lateralis,0.0021968686728959376,9.769023352335743,0.938727782420287,0.022488109544447688,0.02181307283150613,0.0010565719788821048,66.0,64.0
darryl,gwo,gwo_v2,69.3,70.8,5.14,tib_ant_r,Tib. anterior,0.003779057048271027,25.53420873278317,0.46009613439149893,0.014799977112347817,0.009148540775158753,-0.0016768852654811088,46.0,48.0
darryl,gwo,gwo_v2,69.3,70.8,5.14,soleus_r,Soleus,0.003778224780144772,35.968356573401614,0.922951019876934,0.01050430194783697,0.010753624089629099,-0.0036149600017667824,5.0,2.0
darryl,gwo,gwo_v2,69.3,70.8,5.14,med_gas_r,Med. gastrocnemius,0.003981759740601556,32.143472630231635,0.7087029822038925,0.01238745976953537,0.016658707848092535,-0.0022691653406835084,68.0,5.0
darryl,gwo,gwo_v2,69.3,70.8,5.14,semimem_r,Semimembranosus,0.0039984984508268555,11.947055739367563,0.9622008583523466,0.033468484102331,0.03192046484850797,-0.002680240631766422,37.0,38.0
darryl,gwo,gwo_v2,69.3,70.8,5.14,semiten_r,Semitendinosus,0.00466273360788869,12.03079757926814,0.967177957113346,0.038756645826405256,0.036224809474505015,-0.003323869723410385,37.0,38.0
darryl,gwo,gwo_v2,69.3,70.8,5.14,bifemlh_r,Biceps femoris LH,0.00417181055224038,10.458541418572228,0.9787019383028084,0.03988902835754993,0.037709204980002964,-0.0032083405336618687,37.0,38.0
darryl,gwo,gwo_v2,69.3,70.8,5.14,bifemsh_r,Biceps femoris SH,0.00040084651691810387,12.219067198860486,0.9450196580813308,0.0032805001428872216,0.0036014492423606104,-0.00023205732099953666,13.0,14.0
darryl,rd,rd_correct,23.828,25.328,,glut_med1_r,Glut. medius,0.007371368415212275,188.09662897000658,-0.9094396278898726,0.0039189263813907554,0.0031768282941536663,-0.006967809621093269,29.0,100.0
darryl,rd,rd_correct,23.828,25.328,,rect_fem_r,Rect. femoris,0.007585885747220819,120.78813132812915,0.9930992132793243,0.006280323789936981,0.006209007399502642,-0.007581046250066383,95.0,100.0
darryl,rd,rd_correct,23.828,25.328,,vas_lat_r,Vast. lateralis,0.009000766648423843,101.70544991315415,0.9892150655531817,0.00884983710913187,0.009058928361073693,-0.008989049717124492,94.0,100.0
darryl,rd,rd_correct,23.828,25.328,,tib_ant_r,Tib. anterior,0.0035229765138364553,17.195998020884247,0.9117753972441176,0.020487188411849433,0.012450374889590277,0.00041578990336989236,0.0,12.0
darryl,rd,rd_correct,23.828,25.328,,soleus_r,Soleus,0.003506795435323731,20.191638598546074,0.9619178645457873,0.017367562410592285,0.011378730664085512,-0.002531468052048736,63.0,72.0
darryl,rd,rd_correct,23.828,25.328,,med_gas_r,Med. gastrocnemius,0.0027734061242313426,15.5650785984666,0.9638527230468826,0.01781813118826503,0.011428043773095364,-0.0012127710010627997,55.0,61.0
darryl,rd,rd_correct,23.828,25.328,,semimem_r,Semimembranosus,0.0003237199784120262,12.50919806530682,0.955471814114329,0.0025878555661360547,0.002314205524633739,2.5109255712202843e-05,72.0,94.0
darryl,rd,rd_correct,23.828,25.328,,semiten_r,Semitendinosus,0.0013216068308963365,50.60927247275131,0.9331752198861898,0.0026113926684243616,0.001826888421280981,0.0012470583901746351,72.0,94.0
darryl,rd,rd_correct,23.828,25.328,,bifemlh_r,Biceps femoris LH,0.0020184817746063165,54.271157100758806,0.992923547322646,0.0037192532505965215,0.0020263925551486928,0.001893375174669055,72.0,70.0
darryl,rd,rd_correct,23.828,25.328,,bifemsh_r,Biceps femoris SH,0.0003194932166164273,60.4405195676521,0.5453340906191185,0.0005286076607247114,0.00010064090463490771,0.0002707239844921932,31.0,6.0
darryl,rd,rd_toes,66.235,67.735,,glut_med1_r,Glut. medius,0.00799248838193028,1254.017378448226,0.8584708694384795,0.0006373506874219337,0.004248894631996389,-0.007910766669916958,83.0,100.0
darryl,rd,rd_toes,66.235,67.735,,rect_fem_r,Rect. femoris,0.007964228485990873,154.29527740708437,0.9798647494902124,0.005161680007210123,0.005792132912628534,-0.007958383604086284,93.0,100.0
darryl,rd,rd_toes,66.235,67.735,,vas_lat_r,Vast. lateralis,0.00856365065961961,124.43999528410792,0.9785793253104644,0.006881751031947575,0.007229308171925908,-0.00855011333358901,98.0,100.0
darryl,rd,rd_toes,66.235,67.735,,tib_ant_r,Tib. anterior,0.003523453081688911,17.700632148864273,0.8913019011625298,0.01990580365749811,0.01353425996918417,0.0002792793361355146,12.0,0.0
darryl,rd,rd_toes,66.235,67.735,,soleus_r,Soleus,0.0043129982136924155,24.532349516299348,0.9241151891787943,0.017580860776611917,0.012030933356989015,-0.0032626468483287004,92.0,92.0
darryl,rd,rd_toes,66.235,67.735,,med_gas_r,Med. gastrocnemius,0.0035061755040631313,20.03190556055399,0.920727324086173,0.01750295544008229,0.011756446849430335,-0.0019809792502602933,85.0,82.0
darryl,rd,rd_toes,66.235,67.735,,semimem_r,Semimembranosus,0.0012464095139245515,62.800719640383164,0.9701483236942249,0.0019847057821341663,0.0015529143597964867,0.0012273476836271325,76.0,78.0
darryl,rd,rd_toes,66.235,67.735,,semiten_r,Semitendinosus,0.0026265650958013785,120.55844413039532,0.8808379057724095,0.0021786653890129015,0.0013684485169596083,0.002601050106761205,76.0,78.0
darryl,rd,rd_toes,66.235,67.735,,bifemlh_r,Biceps femoris LH,0.003374159063899852,156.79949544051317,0.9070780389849715,0.002151894082580097,0.0012613889817538748,0.003354457995009239,76.0,75.0
darryl,rd,rd_toes,66.235,67.735,,bifemsh_r,Biceps femoris SH,0.0005026912149225397,84.63247154844403,0.977997807602185,0.0005939696734896804,0.0002789225308268417,0.0004898444244105666,58.0,57.0
darryl,rd,rd_supination,118.541,120.041,,glut_med1_r,Glut. medius,0.008619220251588613,364.8007100533808,0.8341468215760696,0.0023627202508260947,0.0016979131579954315,-0.008608426034701097,86.0,96.0
darryl,rd,rd_supination,118.541,120.041,,rect_fem_r,Rect. femoris,0.007975419880824322,218.84369280833766,0.9188816607777579,0.0036443453217585575,0.005443318298616606,-0.007941184136337282,0.0,55.0
darryl,rd,rd_supination,118.541,120.041,,vas_lat_r,Vast. lateralis,0.006915867143288591,275.996141829542,0.8669412790049099,0.002505783993009547,0.005167923784708123,-0.006873259473049262,62.0,60.0
darryl,rd,rd_supination,118.541,120.041,,tib_ant_r,Tib. anterior,0.0047349621408623145,20.75078159935491,0.913113562289639,0.022818235150282307,0.01012849080285505,0.00036163775483384934,0.0,22.0
darryl,rd,rd_supination,118.541,120.041,,soleus_r,Soleus,0.0025716137692949766,18.674183225560228,0.9380491873209099,0.013770957145665619,0.007550071062660979,-0.0005440528142178516,99.0,100.0
darryl,rd,rd_supination,118.541,120.041,,med_gas_r,Med. gastrocnemius,0.0027079512401338513,18.499970224128816,0.9280563160741653,0.014637597830303384,0.008306756351622258,0.0003837300531159837,99.0,100.0
darryl,rd,rd_supination,118.541,120.041,,semimem_r,Semimembranosus,0.002574037294211487,122.76058356868549,0.9926132847428553,0.002096794605714214,0.003002077436767614,0.0025597765845456377,100.0,100.0
darryl,rd,rd_supination,118.541,120.041,,semiten_r,Semitendinosus,0.00444769168720626,154.3709373741941,0.9897461203067838,0.002881171652423853,0.0041437042603018615,0.004429087853793273,100.0,100.0
darryl,rd,rd_supination,118.541,120.041,,bifemlh_r,Biceps femoris LH,0.0046780068145814944,246.70189521848235,0.9847897153043679,0.00189621843417076,0.002892364812677295,0.004668248360938368,100.0,100.0
darryl,rd,rd_supination,118.541,120.041,,bifemsh_r,Biceps femoris SH,0.00037003172128427606,210.4824003851855,0.812928281343989,0.000175801739531245,0.00015778548708828,0.00036893122353914897,98.0,97.0
darryl,rd,rd_pronation,159.811,161.311,,glut_med1_r,Glut. medius,0.008419668370840273,176.2745930427371,-0.5869838416882592,0.0047764503241819745,0.0016682205193301464,-0.008276521034947575,10.0,100.0
darryl,rd,rd_pronation,159.811,161.311,,rect_fem_r,Rect. femoris,0.006085699274622311,113.2485645541109,0.9546660033943192,0.005373754006139764,0.005846912085013034,-0.006056758482740931,20.0,6.0
darryl,rd,rd_pronation,159.811,161.311,,vas_lat_r,Vast. lateralis,0.0076059922330372065,118.00064947417764,0.9897320585527879,0.006445720652327125,0.00650334055633911,-0.00759921084978727,44.0,48.0
darryl,rd,rd_pronation,159.811,161.311,,tib_ant_r,Tib. anterior,0.00998712364396318,118.38397124398357,-0.6484794693101396,0.008436212722903347,0.0077943862987938095,-0.009077439713959811,86.0,40.0
darryl,rd,rd_pronation,159.811,161.311,,soleus_r,Soleus,0.0023086815248997464,36.749708468490255,0.6773004415640171,0.006282176433805575,0.008949304543782566,-0.0017552606130411337,100.0,99.0
darryl,rd,rd_pronation,159.811,161.311,,med_gas_r,Med. gastrocnemius,0.00162686700083739,24.614072213229456,0.7191960886559383,0.006609499585212841,0.009871740871709278,-7.225618584786286e-05,100.0,99.0
darryl,rd,rd_pronation,159.811,161.311,,semimem_r,Semimembranosus,0.00048616233215648585,44.303988712462115,0.2389266341222991,0.0010973330986330243,0.001364016199457252,-0.00023992958013074113,48.0,49.0
darryl,rd,rd_pronation,159.811,161.311,,semiten_r,Semitendinosus,0.001076838213223225,77.36950843737756,0.29659592144100705,0.0013918121427575203,0.0017406179530607968,0.000937668331564127,48.0,49.0
darryl,rd,rd_pronation,159.811,161.311,,bifemlh_r,Biceps femoris LH,0.0017309387344755605,75.71143727644362,0.4256613470292624,0.002286231508398684,0.0011679524521951423,0.0016386027042073063,94.0,71.0
darryl,rd,rd_pronation,159.811,161.311,,bifemsh_r,Biceps femoris SH,0.0002188415485737002,84.18941619283629,-0.7794798003277588,0.0002599395012699013,7.378407042318846e-05,0.00018850713644043927,94.0,61.0
darryl,rgs,rgs_correct,28.158,29.658,,glut_med1_r,Glut. medius,0.008109680988113464,97.32665807424799,0.6619517298884796,0.00833243547921557,0.016452399438365295,-0.006770552369166472,100.0,10.0
darryl,rgs,rgs_correct,28.158,29.658,,rect_fem_r,Rect. femoris,0.006167808201414861,8.785780775386561,0.9838111249416854,0.07020216369038057,0.08177608903648492,-0.0030046688534796947,0.0,0.0
darryl,rgs,rgs_correct,28.158,29.658,,vas_lat_r,Vast. lateralis,0.004875122155522434,10.009003017974145,0.9807595627869471,0.0487073702222659,0.05151108553779177,-0.0033763863775018903,0.0,0.0
darryl,rgs,rgs_correct,28.158,29.658,,tib_ant_r,Tib. anterior,0.007821875849152872,26.164990917364428,0.48729852019537484,0.02989443364936112,0.016655714416058953,0.0025256611519137097,98.0,23.0
darryl,rgs,rgs_correct,28.158,29.658,,soleus_r,Soleus,0.004572592387113233,29.941465861612016,0.6191052651401772,0.015271771957483748,0.014428841693053529,-0.0027553171691345486,54.0,62.0
darryl,rgs,rgs_correct,28.158,29.658,,med_gas_r,Med. gastrocnemius,0.00471506086030683,20.862208157170308,0.7841353722619402,0.022600967379794223,0.015630013912972474,-0.002228803375767417,48.0,52.0
darryl,rgs,rgs_correct,28.158,29.658,,semimem_r,Semimembranosus,0.0031927606767137963,9.114644256852902,0.9930357836784867,0.035028911570666066,0.04353541938362848,-9.639315046191181e-05,56.0,58.0
darryl,rgs,rgs_correct,28.158,29.658,,semiten_r,Semitendinosus,0.003954617620351774,9.207282176816106,0.9937611879468189,0.04295097667702075,0.05308743860258447,0.0007047890383325983,54.0,58.0
darryl,rgs,rgs_correct,28.158,29.658,,bifemlh_r,Biceps femoris LH,0.004880098315301324,11.038489974249082,0.9911619407784676,0.04420983600733219,0.055695333964893956,0.001689740910921533,52.0,51.0
darryl,rgs,rgs_correct,28.158,29.658,,bifemsh_r,Biceps femoris SH,0.0006501966122524105,20.42190370425429,0.8642954392310792,0.003183819793043885,0.0041112491765506465,1.6534071440825045e-05,57.0,23.0
darryl,rgs,rgs_flexion,110.993,112.493,,glut_med1_r,Glut. medius,0.008496172387872961,85.86474146751227,0.8320998852217453,0.009894832550200558,0.016195564700082474,-0.007822483817653502,0.0,0.0
darryl,rgs,rgs_flexion,110.993,112.493,,rect_fem_r,Rect. femoris,0.0029864247142971554,2.902363822185043,0.9967741702302994,0.10289629065348627,0.10120294286283399,0.0004221816225403763,0.0,0.0
darryl,rgs,rgs_flexion,110.993,112.493,,vas_lat_r,Vast. lateralis,0.0028345931268249774,5.8144708676173575,0.9945864577607696,0.04875066349737395,0.0459895225409529,-0.0018928587825104261,4.0,7.0
darryl,rgs,rgs_flexion,110.993,112.493,,tib_ant_r,Tib. anterior,0.004057965289625279,9.211976152832523,0.9822877325031946,0.04405097475613334,0.03991695605350554,0.0019877204316422724,82.0,78.0
darryl,rgs,rgs_flexion,110.993,112.493,,soleus_r,Soleus,0.004674497700932136,9.003221507796678,0.9980563925014176,0.051920278723388946,0.04641047061719333,-0.0038153629937947146,0.0,0.0
darryl,rgs,rgs_flexion,110.993,112.493,,med_gas_r,Med. gastrocnemius,0.004265994291489789,9.412782822763905,0.9978345759048446,0.04532128672057423,0.039747535717580385,-0.003351794017690856,0.0,0.0
darryl,rgs,rgs_flexion,110.993,112.493,,semimem_r,Semimembranosus,0.0037215918175380475,6.275088899649458,0.9953355196771063,0.059307395911888106,0.060195821251158965,-0.003052698252167437,75.0,77.0
darryl,rgs,rgs_flexion,110.993,112.493,,semiten_r,Semitendinosus,0.0040012604004240745,5.377387916912233,0.9950076824223991,0.07440899675174728,0.07460214871727677,-0.002917951834923477,74.0,76.0
darryl,rgs,rgs_flexion,110.993,112.493,,bifemlh_r,Biceps femoris LH,0.00355357766492206,4.6404339317540355,0.9947344783186204,0.07657856392707751,0.07799993251712789,-0.0020439112901440436,67.0,69.0
darryl,rgs,rgs_flexion,110.993,112.493,,bifemsh_r,Biceps femoris SH,0.0004933539465348299,3.5794138071637267,0.9949251306569045,0.013783093353091691,0.013367795210369515,-9.373081117746438e-05,85.0,96.0
darryl,rgs,rgs_abduction,187.026,188.526,,glut_med1_r,Glut. medius,0.005688448703035492,44.66411373428144,0.9696679314652057,0.012736060849382502,0.018581616780294477,-0.004908136166888574,93.0,0.0
darryl,rgs,rgs_abduction,187.026,188.526,,rect_fem_r,Rect. femoris,0.003901483819715233,5.273249309903886,0.993129987740673,0.07398633348109884,0.07249322673816444,-0.0024704800387797795,0.0,0.0
darryl,rgs,rgs_abduction,187.026,188.526,,vas_lat_r,Vast. lateralis,0.0057852694833518395,11.61574709317141,0.990848104414946,0.049805401554867235,0.044079563114786,-0.004708517374013947,0.0,2.0
darryl,rgs,rgs_abduction,187.026,188.526,,tib_ant_r,Tib. anterior,0.0055088343894229615,15.766528978520384,0.9070920332422692,0.03494005812520912,0.03464584355407302,0.0019459732425617694,66.0,56.0
darryl,rgs,rgs_abduction,187.026,188.526,,soleus_r,Soleus,0.005523656083322543,13.196594754455363,0.9923527621296883,0.041856677317894275,0.03800376985864873,-0.0052488434264178,0.0,0.0
darryl,rgs,rgs_abduction,187.026,188.526,,med_gas_r,Med. gastrocnemius,0.004687716382174605,12.62093969694539,0.9879782832031846,0.03714237207954618,0.03343784957308338,-0.004305238253932596,0.0,0.0
darryl,rgs,rgs_abduction,187.026,188.526,,semimem_r,Semimembranosus,0.0023434299084643864,5.169661591589531,0.9966837295030423,0.045330431536889926,0.046206765987814924,-0.001923393294188337,62.0,64.0
darryl,rgs,rgs_abduction,187.026,188.526,,semiten_r,Semitendinosus,0.00219698602584007,3.909915177089384,0.9974046382604737,0.05619011989604206,0.056554168037996955,-0.0016818397659460955,61.0,62.0
darryl,rgs,rgs_abduction,187.026,188.526,,bifemlh_r,Biceps femoris LH,0.0019826062071451067,3.4971878930080926,0.9962828915242183,0.05669144088909034,0.05847104851039392,-0.0006184140171069413,61.0,62.0
darryl,rgs,rgs_abduction,187.026,188.526,,bifemsh_r,Biceps femoris SH,0.0007473959160376237,26.9610208472006,0.7009423693548124,0.0027721350770559816,0.002979083835791485,0.0002429191059369274,66.0,24.0
darryl,rgs,rgs_stork,288.715,290.215,,glut_med1_r,Glut. medius,0.00624685415005957,38.28459993532303,0.8369576517644035,0.01631688501541831,0.009784013039883119,-0.005395244742257655,0.0,0.0
darryl,rgs,rgs_stork,288.715,290.215,,rect_fem_r,Rect. femoris,0.0046625349088522455,4.223220152960973,0.9956402156783699,0.11040236454600316,0.10522524807818467,0.0009272706688612127,8.0,7.0
darryl,rgs,rgs_stork,288.715,290.215,,vas_lat_r,Vast. lateralis,0.00395751089693906,8.190441702012226,0.9831909353634992,0.048318650457725376,0.0425157045371414,-0.0021349565570016253,7.0,8.0
darryl,rgs,rgs_stork,288.715,290.215,,tib_ant_r,Tib. anterior,0.006684927615558093,16.96039061200781,0.9898260106900477,0.039414939009867034,0.038552895464822545,0.006190892816610469,76.0,76.0
darryl,rgs,rgs_stork,288.715,290.215,,soleus_r,Soleus,0.00798413858832833,15.892399236603513,0.9937384810256077,0.05023872399290846,0.044271109292141786,-0.007320635301506438,15.0,0.0
darryl,rgs,rgs_stork,288.715,290.215,,med_gas_r,Med. gastrocnemius,0.007356179790123183,18.21526209435307,0.9933544077516403,0.04038470460660393,0.035612359650707304,-0.006831926375701464,16.0,0.0
darryl,rgs,rgs_stork,288.715,290.215,,semimem_r,Semimembranosus,0.004842784288716402,7.770031142666987,0.9929902601231999,0.06232644631401263,0.063264822323357,-0.004048453797870878,81.0,83.0
darryl,rgs,rgs_stork,288.715,290.215,,semiten_r,Semitendinosus,0.005443882793488618,6.788917198198398,0.9925097276245695,0.08018779187545966,0.0791110074604564,-0.0040163486236702,80.0,82.0
darryl,rgs,rgs_stork,288.715,290.215,,bifemlh_r,Biceps femoris LH,0.004920148517837242,5.92546644487719,0.9937842313255181,0.0830339444769097,0.08336746380309612,-0.003439584929506132,79.0,80.0
darryl,rgs,rgs_stork,288.715,290.215,,bifemsh_r,Biceps femoris SH,0.000778467719805768,3.031230507006142,0.9976192273434363,0.0256815744631258,0.026306433235952997,-0.0002622566186522903,98.0,29.0
elodie,ng,ng_v0,6.32,7.82,3.05,glut_med1_r,Glut. medius,0.0016791367663378796,32.002341384694745,0.9174619222348683,0.005246918486848384,0.005204262464566206,0.001598483714791379,100.0,100.0
elodie,ng,ng_v0,6.32,7.82,3.05,rect_fem_r,Rect. femoris,0.0031049430525180426,69.06970516334276,0.9620204537069152,0.004495376149608821,0.005991297419580155,0.003086662202742943,38.0,17.0
elodie,ng,ng_v0,6.32,7.82,3.05,vas_lat_r,Vast. lateralis,0.0018700384877216297,63.36574779808666,0.9682549625322696,0.002951181912474954,0.004283221813214166,0.0018503120866506652,0.0,17.0
elodie,ng,ng_v0,6.32,7.82,3.05,tib_ant_r,Tib. anterior,0.005197347985494047,925.2633347006805,-0.4707216057721907,0.0005617155452480316,0.0022492858192547094,0.005160745186226597,86.0,8.0
elodie,ng,ng_v0,6.32,7.82,3.05,soleus_r,Soleus,0.0018506789204767332,136.20672047573515,0.938841735734568,0.001358728052487268,0.0017373604161859957,-0.0018459551581332984,100.0,99.0
elodie,ng,ng_v0,6.32,7.82,3.05,med_gas_r,Med. gastrocnemius,0.0030074674161170035,99.82914298998054,0.976929922483414,0.003012614679481773,0.003920121898433271,-0.003000739480595307,100.0,99.0
elodie,ng,ng_v0,6.32,7.82,3.05,semimem_r,Semimembranosus,0.001700205738643522,64.67414489733439,0.9697312923746946,0.0026288801210166413,0.003367935016571677,-0.0016909104062982326,100.0,100.0
elodie,ng,ng_v0,6.32,7.82,3.05,semiten_r,Semitendinosus,0.00189706948586008,115.78574546079996,0.921423807420385,0.0016384309470135472,0.0026660194167046902,-0.0018841370221554675,100.0,99.0
elodie,ng,ng_v0,6.32,7.82,3.05,bifemlh_r,Biceps femoris LH,0.0021644643009951846,154.09475645639142,0.9187653976865383,0.001404632026922814,0.0019188205548733017,-0.002159776697218045,100.0,100.0
elodie,ng,ng_v0,6.32,7.82,3.05,bifemsh_r,Biceps femoris SH,0.0010508770334428136,57.96519020646771,0.9709322022294938,0.0018129450273511871,0.0024737602609883336,-0.0010415530859742117,100.0,100.0
elodie,ng,ng_v1,40.05,41.55,3.57,glut_med1_r,Glut. medius,0.02877890959099804,244.00503918488056,0.6527996848268544,0.011794391495821732,0.0940577924792659,-0.007460241719995644,24.0,24.0
elodie,ng,ng_v1,40.05,41.55,3.57,rect_fem_r,Rect. femoris,0.08426962016591533,112.84124006106597,0.29145098634341643,0.07467980688648174,0.11698165111085784,-0.07539929992792395,43.0,24.0
elodie,ng,ng_v1,40.05,41.55,3.57,vas_lat_r,Vast. lateralis,0.05121093101039974,76.23947098352389,-0.7559319943011544,0.06717115209451929,0.0480374734921058,-0.04007245762054797,33.0,67.0
elodie,ng,ng_v1,40.05,41.55,3.57,tib_ant_r,Tib. anterior,0.01111415929225537,34.639881824429594,0.5097546309647668,0.032084864921268774,0.06480861134505883,-0.008212567035319628,62.0,24.0
elodie,ng,ng_v1,40.05,41.55,3.57,soleus_r,Soleus,0.0050166937332038405,21.54957029138669,0.6843659624586989,0.02327978546843229,0.03809116151642217,0.0027571118916922804,49.0,48.0
elodie,ng,ng_v1,40.05,41.55,3.57,med_gas_r,Med. gastrocnemius,0.009994774470708314,40.557102192377656,0.4660603961293701,0.024643709561149918,0.04273552982829831,0.008262196021123646,47.0,48.0
elodie,ng,ng_v1,40.05,41.55,3.57,semimem_r,Semimembranosus,0.05088321186346485,243.84708055683384,0.8546704772785817,0.020866853007742048,0.11718305818636182,0.035723853057146225,78.0,5.0
elodie,ng,ng_v1,40.05,41.55,3.57,semiten_r,Semitendinosus,0.0671449708733503,284.8449022145784,0.8049447409592078,0.023572467104490735,0.14636555775372928,0.047503203575914796,78.0,5.0
elodie,ng,ng_v1,40.05,41.55,3.57,bifemlh_r,Biceps femoris LH,0.07093932769925944,225.66618115387422,0.7945898814784834,0.03143551565260383,0.13967758948179537,0.05445477867493267,76.0,5.0
elodie,ng,ng_v1,40.05,41.55,3.57,bifemsh_r,Biceps femoris SH,0.009973261667807192,193.4595761429505,-0.3760430322724549,0.005155217367186715,0.031836073185668196,-0.005120641034621251,79.0,24.0
elodie,ng,ng_v2,70.66,72.16,4.07,glut_med1_r,Glut. medius,0.023533013211448045,203.91099018247934,0.6079847015496395,0.011540826313671676,0.08756075099829391,-0.00101105787618593,71.0,65.0
elodie,ng,ng_v2,70.66,72.16,4.07,rect_fem_r,Rect. femoris,0.07211951789297633,96.93155469111335,0.5611450853845394,0.0744025184810001,0.13038707616984752,-0.06441295423591481,82.0,4.0
elodie,ng,ng_v2,70.66,72.16,4.07,vas_lat_r,Vast. lateralis,0.04475946866058337,67.09976308858987,-0.1691564604335644,0.06670585200351414,0.04866392177755266,-0.035182218201389774,78.0,0.0
elodie,ng,ng_v2,70.66,72.16,4.07,tib_ant_r,Tib. anterior,0.009187537571948179,21.44827875959066,0.5899519058104895,0.042835780320320316,0.06524539048216804,-0.0037367645484058473,16.0,65.0
elodie,ng,ng_v2,70.66,72.16,4.07,soleus_r,Soleus,0.004581649180566657,15.231756629413704,0.7718257340032515,0.030079584988373154,0.038199780873104994,0.0015650125650024692,3.0,90.0
elodie,ng,ng_v2,70.66,72.16,4.07,med_gas_r,Med. gastrocnemius,0.008901889323934408,30.41251896445223,0.49557545140412834,0.029270476853099248,0.04397037447554264,0.006474560535324845,82.0,90.0
elodie,ng,ng_v2,70.66,72.16,4.07,semimem_r,Semimembranosus,0.045041215319439415,204.36195874806677,0.8767779938771101,0.022039921517372663,0.11128040944763395,0.03240228701228992,33.0,45.0
elodie,ng,ng_v2,70.66,72.16,4.07,semiten_r,Semitendinosus,0.058932318957768584,224.21551202280642,0.8904388175038149,0.026283783145108264,0.1397906108229764,0.041831357869452565,32.0,45.0
elodie,ng,ng_v2,70.66,72.16,4.07,bifemlh_r,Biceps femoris LH,0.062340726506995896,192.09948893315638,0.9009158217631681,0.03245231252472941,0.13368063311565337,0.04740670243778978,29.0,45.0
elodie,ng,ng_v2,70.66,72.16,4.07,bifemsh_r,Biceps femoris SH,0.007342060011796736,161.12465671711564,-0.30094778560017893,0.0045567575822284545,0.024864528161928134,-0.003973216396291717,33.0,10.0
elodie,gwo,gwo_v0,5.51,7.01,3.07,glut_med1_r,Glut. medius,0.012288052923599871,165.65723792377736,0.6178181850639003,0.00741775794261032,0.019015427540792634,0.011980356388111676,95.0,99.0
elodie,gwo,gwo_v0,5.51,7.01,3.07,rect_fem_r,Rect. femoris,0.022424453275905733,119.61031992176854,0.9461390027705945,0.018747925171149538,0.01203847058184615,-0.022029176894497172,50.0,35.0
elodie,gwo,gwo_v0,5.51,7.01,3.07,vas_lat_r,Vast. lateralis,0.0318208270274651,217.31803445876102,0.1209993176786879,0.014642515567893893,0.021154485371642023,-0.03128393897558224,18.0,79.0
elodie,gwo,gwo_v0,5.51,7.01,3.07,tib_ant_r,Tib. anterior,0.002869547100805889,43.27844153448253,0.6581769475252797,0.006630430761975448,0.00417072285331993,-0.0026862474440048304,99.0,72.0
elodie,gwo,gwo_v0,5.51,7.01,3.07,soleus_r,Soleus,0.0006607354536029903,15.393636662781034,0.9081550480699452,0.004292263537702734,0.0027358207715982297,0.0004482165405305259,82.0,83.0
elodie,gwo,gwo_v0,5.51,7.01,3.07,med_gas_r,Med. gastrocnemius,0.004297921877284394,79.42502570642068,0.6205475362445909,0.005411294285469714,0.0033162744304823244,0.004156551749812199,82.0,88.0
elodie,gwo,gwo_v0,5.51,7.01,3.07,semimem_r,Semimembranosus,0.007009725601486049,51.86470351831135,0.3551804468797832,0.013515406675391861,0.020735025230799453,-0.004970846107218635,100.0,86.0
elodie,gwo,gwo_v0,5.51,7.01,3.07,semiten_r,Semitendinosus,0.007244420420424804,51.55649207176859,0.1896467352772639,0.014051422292929272,0.021642558922389254,-0.004386907342292983,100.0,86.0
elodie,gwo,gwo_v0,5.51,7.01,3.07,bifemlh_r,Biceps femoris LH,0.008870173581755092,53.4703166434543,0.44618401721061374,0.016588967746165306,0.025741721573120435,-0.00647270059905818,100.0,86.0
elodie,gwo,gwo_v0,5.51,7.01,3.07,bifemsh_r,Biceps femoris SH,0.0026523653553033482,135.4951551073889,-0.7989850121731867,0.0019575351998388224,0.00034585370689582673,0.0025506471059730104,80.0,57.0
elodie,gwo,gwo_v1,38.35,39.85,3.55,glut_med1_r,Glut. medius,0.015167225130649935,104.39882511798618,0.7035306140047937,0.014528156915088575,0.06858735473970581,0.007838588540288136,12.0,83.0
elodie,gwo,gwo_v1,38.35,39.85,3.55,rect_fem_r,Rect. femoris,0.06380327770365762,168.16388060415258,0.5323952377768046,0.037941130684208346,0.15173894419645534,-0.04771882862564527,36.0,62.0
elodie,gwo,gwo_v1,38.35,39.85,3.55,vas_lat_r,Vast. lateralis,0.028824913342369456,119.79371450538923,0.5667552174430539,0.024062125013305846,0.06724360765064724,-0.022808154340737033,30.0,66.0
elodie,gwo,gwo_v1,38.35,39.85,3.55,tib_ant_r,Tib. anterior,0.00854807982056508,45.66038256528243,0.4885566956161205,0.018720999125102722,0.04016684121268832,0.0038834287984185296,5.0,67.0
elodie,gwo,gwo_v1,38.35,39.85,3.55,soleus_r,Soleus,0.005868430903544805,60.54706477023828,0.6238642578799037,0.009692345823557436,0.026124132920467558,-0.004560723757122191,42.0,42.0
elodie,gwo,gwo_v1,38.35,39.85,3.55,med_gas_r,Med. gastrocnemius,0.004742474683133656,33.98608745901349,0.3253107096465304,0.013954164888361986,0.027571164742222654,-0.0020379049464030303,36.0,89.0
elodie,gwo,gwo_v1,38.35,39.85,3.55,semimem_r,Semimembranosus,0.0483689459731104,207.14921243632853,0.5213660747963238,0.023349809253065623,0.13279482228103856,0.031310228916516844,83.0,78.0
elodie,gwo,gwo_v1,38.35,39.85,3.55,semiten_r,Semitendinosus,0.058321871838064664,235.7010879622385,0.48644063022531137,0.0247439977228312,0.15831776214872406,0.03603316538244107,90.0,78.0
elodie,gwo,gwo_v1,38.35,39.85,3.55,bifemlh_r,Biceps femoris LH,0.05902037379738803,203.57953020969305,0.5853217385917916,0.028991310539225268,0.15551995589273593,0.04024539794736685,90.0,78.0
elodie,gwo,gwo_v1,38.35,39.85,3.55,bifemsh_r,Biceps femoris SH,0.0035289193521784133,92.30519276631217,-0.33214911602673547,0.0038230994881431335,0.013940588289884703,0.0006514217653740987,97.0,80.0
elodie,gwo,gwo_v2,66.57,68.07,4.06,glut_med1_r,Glut. medius,0.0164106152098624,89.3463784790745,0.3805832469529152,0.01836740950133292,0.05676921100697074,0.006967761505607213,24.0,79.0
elodie,gwo,gwo_v2,66.57,68.07,4.06,rect_fem_r,Rect. femoris,0.0827713203283981,252.7159663037771,0.4844897380628847,0.03275270713560807,0.21604033886660629,-0.05969204201020426,49.0,51.0
elodie,gwo,gwo_v2,66.57,68.07,4.06,vas_lat_r,Vast. lateralis,0.04076117855102835,211.25514096592943,0.39179277509179566,0.019294762894126294,0.06919272710762386,-0.0324374556212846,46.0,51.0
elodie,gwo,gwo_v2,66.57,68.07,4.06,tib_ant_r,Tib. anterior,0.006490221237331225,40.49937843119128,0.11275351335021834,0.016025483572193966,0.02177010946987118,0.002395732271701974,14.0,100.0
elodie,gwo,gwo_v2,66.57,68.07,4.06,soleus_r,Soleus,0.0042147136240611805,40.70407912538606,0.7580154871581916,0.010354523955886707,0.0123204933536597,-0.003725803202759082,52.0,50.0
elodie,gwo,gwo_v2,66.57,68.07,4.06,med_gas_r,Med. gastrocnemius,0.0041398788400211954,24.936326736657964,0.5675184628220326,0.016601798988843508,0.01362329171333898,-9.012607081544102e-05,52.0,50.0
elodie,gwo,gwo_v2,66.57,68.07,4.06,semimem_r,Semimembranosus,0.06147479232453577,275.30934101556477,0.5211193037697487,0.022329352174454642,0.15525773945308896,0.03482826216463565,98.0,80.0
elodie,gwo,gwo_v2,66.57,68.07,4.06,semiten_r,Semitendinosus,0.0767553180457307,329.6194043240755,0.5408806279619677,0.023286043551691615,0.19373724064322612,0.04347906279980403,99.0,80.0
elodie,gwo,gwo_v2,66.57,68.07,4.06,bifemlh_r,Biceps femoris LH,0.07327503626884778,270.01872571563524,0.585049780816456,0.02713702024726089,0.1850616067500963,0.04424938368803426,1.0,80.0
elodie,gwo,gwo_v2,66.57,68.07,4.06,bifemsh_r,Biceps femoris SH,0.0024829418237950875,75.14043919543708,-0.3686068799988101,0.003304401531826373,0.006786299955901298,0.0005571863486463758,20.0,96.0
elodie,rd,rd_correct,44.901,46.401,,glut_med1_r,Glut. medius,0.02083215666482955,8280.869667985044,0.47086986490251065,0.0002515696720281624,0.004977632857191577,-0.020792708025332465,0.0,100.0
elodie,rd,rd_correct,44.901,46.401,,rect_fem_r,Rect. femoris,0.018601416560104146,400.6744990172262,0.8909670665939288,0.004642525692483468,0.009663724108334826,-0.018533256047873543,100.0,100.0
elodie,rd,rd_correct,44.901,46.401,,vas_lat_r,Vast. lateralis,0.003502359192976921,62.998465901446544,0.9811711336055381,0.005559435682856051,0.007585547760034922,-0.0034315772527519018,100.0,100.0
elodie,rd,rd_correct,44.901,46.401,,tib_ant_r,Tib. anterior,0.007746744036124162,29.929638329910507,0.9945526267064363,0.02588318626083219,0.021215082661524,0.007424132702122574,7.0,0.0
elodie,rd,rd_correct,44.901,46.401,,soleus_r,Soleus,0.0044222820701221655,24.568193429371338,0.9928902629500583,0.018000029521239913,0.01814666718393987,-0.004345666848940664,100.0,91.0
elodie,rd,rd_correct,44.901,46.401,,med_gas_r,Med. gastrocnemius,0.0042856523705660276,23.733586517267696,0.9924872410422672,0.018057331400157084,0.017775057009120077,-0.0041878581692056886,98.0,91.0
elodie,rd,rd_correct,44.901,46.401,,semimem_r,Semimembranosus,0.01865073056727023,2681.446481362183,-0.35581806392535,0.0006955473732891959,0.004582102606431271,0.01861266601580052,60.0,0.0
elodie,rd,rd_correct,44.901,46.401,,semiten_r,Semitendinosus,0.02378303074728518,2324.1103570543073,-0.056423430616307294,0.0010233176180768355,0.006277415014787735,0.023730400144812938,40.0,0.0
elodie,rd,rd_correct,44.901,46.401,,bifemlh_r,Biceps femoris LH,0.02589355086413349,2499.3730936376082,0.004460598292991691,0.0010360018250195613,0.006226366744384371,0.02584687602436424,40.0,0.0
elodie,rd,rd_correct,44.901,46.401,,bifemsh_r,Biceps femoris SH,0.0003256384357765571,54.39430266892676,0.9848841078545287,0.0005986627639268938,0.0006854691942349,0.0003227571997352748,10.0,3.0
elodie,rd,rd_toes,101.671,103.171,,glut_med1_r,Glut. medius,0.016909409014163122,1835.6659555268595,0.3137569391059458,0.0009211593734280432,0.0017959328347757625,-0.016903986627286073,96.0,64.0
elodie,rd,rd_toes,101.671,103.171,,rect_fem_r,Rect. femoris,0.013974453649773394,438.45405879645523,0.5296941032534476,0.003187210465820045,0.0031016207855206757,-0.013950095933571594,100.0,7.0
elodie,rd,rd_toes,101.671,103.171,,vas_lat_r,Vast. lateralis,0.0018999365944561111,43.912966546187185,0.6837149779178457,0.004326595864248384,0.0037849076918495816,-0.0017489951584905203,100.0,100.0
elodie,rd,rd_toes,101.671,103.171,,tib_ant_r,Tib. anterior,0.011186009012325233,46.34652742571014,0.9672508244757314,0.02413559253226799,0.018535155500209677,0.010959825021139243,4.0,0.0
elodie,rd,rd_toes,101.671,103.171,,soleus_r,Soleus,0.008541482054482828,49.65064872147705,0.9656275554422491,0.01720316304908237,0.01608555063416872,-0.008424057263163835,100.0,97.0
elodie,rd,rd_toes,101.671,103.171,,med_gas_r,Med. gastrocnemius,0.008552105541165202,49.076748049260864,0.9647725003059134,0.017425982529610584,0.016163757540992973,-0.008427713303539147,100.0,97.0
elodie,rd,rd_toes,101.671,103.171,,semimem_r,Semimembranosus,0.014630150466289854,2500.264838462289,0.9412947336295973,0.0005851440311934186,0.0016880501871726072,0.014626666869947574,100.0,95.0
elodie,rd,rd_toes,101.671,103.171,,semiten_r,Semitendinosus,0.01878162871960485,4169.191543148308,0.9002571938145886,0.00045048610804343525,0.001883506576807692,0.018777003043528685,100.0,95.0
elodie,rd,rd_toes,101.671,103.171,,bifemlh_r,Biceps femoris LH,0.020481397889037634,4083.837080454572,0.8401476078154303,0.0005015233831697774,0.0017176649416769663,0.020477490471646122,54.0,95.0
elodie,rd,rd_toes,101.671,103.171,,bifemsh_r,Biceps femoris SH,0.00013492996463731032,39.409007460377396,0.6972966782813135,0.0003423835649070117,0.00025369914007333794,0.00012339496297463458,54.0,76.0
elodie,rd,rd_supination,170.684,172.184,,glut_med1_r,Glut. medius,0.0172588396268453,962.0862573231115,0.9501459061127234,0.0017938973242239142,0.005100759754462586,-0.01722656071760804,100.0,100.0
elodie,rd,rd_supination,170.684,172.184,,rect_fem_r,Rect. femoris,0.011852105965417954,369.09464934939706,0.0975930013798543,0.0032111291741317993,0.002419178029509972,-0.011809984242926928,0.0,40.0
elodie,rd,rd_supination,170.684,172.184,,vas_lat_r,Vast. lateralis,0.0023462488445615583,109.81734537397136,-0.5442190104989408,0.002136501147948583,0.0032057775999221327,0.001908140274733771,0.0,40.0
elodie,rd,rd_supination,170.684,172.184,,tib_ant_r,Tib. anterior,0.008241186618607522,42.83372831971576,0.9251623215539891,0.019239946980786682,0.012164428157475315,0.008022822585364511,0.0,0.0
elodie,rd,rd_supination,170.684,172.184,,soleus_r,Soleus,0.004924107131231831,54.47324079072613,0.9750570187057193,0.009039497301343125,0.008049415003309857,-0.004900213409562604,100.0,100.0
elodie,rd,rd_supination,170.684,172.184,,med_gas_r,Med. gastrocnemius,0.005385040865968907,54.23871083100714,0.9759759105762851,0.00992840866507172,0.008186111948221275,-0.005359782462843454,100.0,100.0
elodie,rd,rd_supination,170.684,172.184,,semimem_r,Semimembranosus,0.01497939896856312,865.4388697997265,0.8842046799122258,0.0017308442561667636,0.001984991699321592,0.01497716888189458,57.0,100.0
elodie,rd,rd_supination,170.684,172.184,,semiten_r,Semitendinosus,0.0192735315834445,713.2471046339184,0.9146060249765119,0.0027022235993985344,0.00288213391622294,0.019270157349041826,57.0,100.0
elodie,rd,rd_supination,170.684,172.184,,bifemlh_r,Biceps femoris LH,0.02063921858188452,1549.6310720835352,0.2183468890893107,0.0013318795004629291,0.0005902299385764365,0.02063619505933666,57.0,24.0
elodie,rd,rd_supination,170.684,172.184,,bifemsh_r,Biceps femoris SH,0.00019706895496992947,113.40666086091733,-0.542670555338578,0.00017377194026690912,0.000276364875847368,-0.00015976390718937182,74.0,15.0
elodie,rd,rd_pronation,228.282,229.782,,glut_med1_r,Glut. medius,0.02145068886572688,1569.751686350822,0.49462346241497734,0.0013665020431093133,0.0027827939165844806,-0.021441816252438017,0.0,6.0
elodie,rd,rd_pronation,228.282,229.782,,rect_fem_r,Rect. femoris,0.016361853105893852,207.98477440384158,0.9449642237131303,0.007866851385055829,0.009366318854128253,-0.016341469096156264,5.0,6.0
elodie,rd,rd_pronation,228.282,229.782,,vas_lat_r,Vast. lateralis,0.006180730072438288,80.81034996218169,0.9458726936732633,0.0076484386905028845,0.011400275873960974,-0.006038603896744445,4.0,6.0
elodie,rd,rd_pronation,228.282,229.782,,tib_ant_r,Tib. anterior,0.002728929647106372,22.550550196727837,0.9509070665563404,0.012101388317799666,0.012419452442421097,0.0025653050619779245,65.0,37.0
elodie,rd,rd_pronation,228.282,229.782,,soleus_r,Soleus,0.0067627936594231676,45.84211174915478,0.9917666616165575,0.014752360660060249,0.013370163138811397,-0.0067383223184838996,100.0,100.0
elodie,rd,rd_pronation,228.282,229.782,,med_gas_r,Med. gastrocnemius,0.005918585295046993,38.18690000999836,0.9943191690403222,0.015498993878783951,0.014187664120650423,-0.005894455900098168,100.0,100.0
elodie,rd,rd_pronation,228.282,229.782,,semimem_r,Semimembranosus,0.014468404714354574,658.7420976224411,0.40430913359006476,0.0021963686193086085,0.0022906947039398884,0.014446202915460938,96.0,100.0
elodie,rd,rd_pronation,228.282,229.782,,semiten_r,Semitendinosus,0.018703526404605052,715.5707687964672,0.42504967363551216,0.0026137912866484037,0.002753567860601991,0.018679993196370547,96.0,28.0
elodie,rd,rd_pronation,228.282,229.782,,bifemlh_r,Biceps femoris LH,0.021561802916794475,577.3583459560343,0.7839247550542487,0.0037345615713046953,0.0025990655452372002,0.021549332708376893,96.0,100.0
elodie,rd,rd_pronation,228.282,229.782,,bifemsh_r,Biceps femoris SH,0.0003202683711113503,59.80183225685147,0.9299920749954501,0.0005355494288800111,0.0005305635544349818,0.0003147041678565857,96.0,98.0
elodie,rgs,rgs_correct,45.757,47.257,,glut_med1_r,Glut. medius,0.03598501684574563,546.8725678518533,-0.5938460302563613,0.006580146630337819,0.1066108092390798,-0.02199719644561471,58.0,82.0
elodie,rgs,rgs_correct,45.757,47.257,,rect_fem_r,Rect. femoris,0.038476974625844734,44.84195097572433,0.9232324067734595,0.08580575507670185,0.1636276787100575,-0.020917997874673494,9.0,0.0
elodie,rgs,rgs_correct,45.757,47.257,,vas_lat_r,Vast. lateralis,0.01246272555037819,22.229122797685996,0.8672572778977341,0.05606485538725592,0.06837012970768053,-0.0001397351740132972,12.0,13.0
elodie,rgs,rgs_correct,45.757,47.257,,tib_ant_r,Tib. anterior,0.016548292091954044,152.09955387507722,-0.19506557522734708,0.01087990836945224,0.025987926570257947,0.01324425787562924,36.0,80.0
elodie,rgs,rgs_correct,45.757,47.257,,soleus_r,Soleus,0.007349178004470836,91.23899528975657,0.4348490417746281,0.008054865116753351,0.013726336940183326,-0.0061798889005561,17.0,11.0
elodie,rgs,rgs_correct,45.757,47.257,,med_gas_r,Med. gastrocnemius,0.006604667118443399,59.51647272856727,0.059995003145353665,0.011097208580496454,0.012773991180453192,-0.0047486067080771055,50.0,4.0
elodie,rgs,rgs_correct,45.757,47.257,,semimem_r,Semimembranosus,0.024595029243136064,60.228655200525296,0.8610759177220355,0.04083609232391022,0.09723344695417913,0.017385068867067,69.0,79.0
elodie,rgs,rgs_correct,45.757,47.257,,semiten_r,Semitendinosus,0.03439285798985033,67.08065521027565,0.8111593979176428,0.05127090348482749,0.12302559993556861,0.025099641232646925,65.0,79.0
elodie,rgs,rgs_correct,45.757,47.257,,bifemlh_r,Biceps femoris LH,0.032169735462868866,58.43679292434727,0.8875153501254183,0.055050480789587575,0.12195060934474689,0.021358709918512808,64.0,79.0
elodie,rgs,rgs_correct,45.757,47.257,,bifemsh_r,Biceps femoris SH,0.004432719432006671,42.7754754768149,0.8163681290004917,0.010362758993548271,0.021828435314501238,-0.0029053484576709782,35.0,34.0
elodie,rgs,rgs_flexion,143.217,144.717,,glut_med1_r,Glut. medius,0.017840704168674226,217.00859079601696,-0.5005020096971461,0.008221197190043078,0.042538452820795256,-0.012110881457456377,0.0,20.0
elodie,rgs,rgs_flexion,143.217,144.717,,rect_fem_r,Rect. femoris,0.014207070372826102,15.996642986985671,0.971727066361286,0.08881282394302664,0.11726704480539796,-0.003641921534857902,0.0,27.0
elodie,rgs,rgs_flexion,143.217,144.717,,vas_lat_r,Vast. lateralis,0.00821371915102639,14.598184790723149,0.9483600334771576,0.05626534578632025,0.06829582775221965,0.0025197932787417478,0.0,26.0
elodie,rgs,rgs_flexion,143.217,144.717,,tib_ant_r,Tib. anterior,0.005109772638507949,9.7243041464698,0.9976534754269283,0.05254640909563635,0.05714649343731215,0.004695372908246861,100.0,98.0
elodie,rgs,rgs_flexion,143.217,144.717,,soleus_r,Soleus,0.003970104048162049,6.971322960731602,0.9991551119223666,0.056949076531456644,0.05679620629531157,-0.003814910368501658,25.0,9.0
elodie,rgs,rgs_flexion,143.217,144.717,,med_gas_r,Med. gastrocnemius,0.003301328080766891,6.972833210746004,0.9935432561063962,0.04734557648215554,0.0526237908428121,-0.0024333099160438994,31.0,7.0
elodie,rgs,rgs_flexion,143.217,144.717,,semimem_r,Semimembranosus,0.010383441551501033,30.961264091074277,0.8573679039077239,0.03353687860081411,0.05354580480038412,0.0076143359518610655,100.0,100.0
elodie,rgs,rgs_flexion,143.217,144.717,,semiten_r,Semitendinosus,0.016510295073692005,34.6731637806805,0.8206708975724847,0.0476169269643959,0.06832808961542647,0.012907356435389414,100.0,100.0
elodie,rgs,rgs_flexion,143.217,144.717,,bifemlh_r,Biceps femoris LH,0.012679536960766227,22.94143004091725,0.951782132267312,0.05526916560193329,0.08240522121746413,0.008885071092188699,100.0,100.0
elodie,rgs,rgs_flexion,143.217,144.717,,bifemsh_r,Biceps femoris SH,0.0025348096857143497,17.624770654335176,0.9862543306611232,0.01438208607322139,0.018550328092769464,-0.0018806324050043455,51.0,47.0
elodie,rgs,rgs_abduction,253.739,255.239,,glut_med1_r,Glut. medius,0.01093725095169101,86.97368729160799,0.23077869330820852,0.012575356170677537,0.08483769362104933,0.00520561475390996,0.0,99.0
elodie,rgs,rgs_abduction,253.739,255.239,,rect_fem_r,Rect. femoris,0.014058249010245895,49.929496347515546,0.6964772808274194,0.028156200319744307,0.16750256765352195,0.0031622011406309326,0.0,4.0
elodie,rgs,rgs_abduction,253.739,255.239,,vas_lat_r,Vast. lateralis,0.006734904265391943,65.0583778014933,0.4482868409281934,0.010352093754845137,0.06936246144161629,0.0006250930297511692,0.0,2.0
elodie,rgs,rgs_abduction,253.739,255.239,,tib_ant_r,Tib. anterior,0.005862943555900083,13.54971583226465,0.9784959521936488,0.04326986357853507,0.04677670996672262,-0.00032908182952143836,87.0,100.0
elodie,rgs,rgs_abduction,253.739,255.239,,soleus_r,Soleus,0.003983365967477375,9.692302427073301,0.9844244237039093,0.041098242625516146,0.046023023064675705,0.0006523183592392587,0.0,1.0
elodie,rgs,rgs_abduction,253.739,255.239,,med_gas_r,Med. gastrocnemius,0.004163304424523256,8.851265918109537,0.9861032745822703,0.047036259706142225,0.042281098789745175,0.0009009187684567336,0.0,1.0
elodie,rgs,rgs_abduction,253.739,255.239,,semimem_r,Semimembranosus,0.007808529919752516,35.35830259844765,0.7788410100593472,0.02208400671387245,0.09533748505662532,-0.0022847693284694564,96.0,100.0
elodie,rgs,rgs_abduction,253.739,255.239,,semiten_r,Semitendinosus,0.01054532721821651,39.89084100938932,0.7392535646430552,0.026435459748102075,0.1263949813925912,-0.003175860905995577,94.0,100.0
elodie,rgs,rgs_abduction,253.739,255.239,,bifemlh_r,Biceps femoris LH,0.010650438244418829,36.14015482891256,0.7618951486328681,0.029469819083061455,0.12548123788277554,-0.003991095611351781,95.0,100.0
elodie,rgs,rgs_abduction,253.739,255.239,,bifemsh_r,Biceps femoris SH,0.0007434288015783596,33.13002210163812,0.8949376122142384,0.0022439731531045393,0.004436758691889309,-0.00041712915074141894,33.0,96.0
elodie,rgs,rgs_stork,351.646,353.146,,glut_med1_r,Glut. medius,0.02502625820265876,727.5307368749311,-0.3477261842504846,0.0034398901564156176,0.06753962267190491,-0.02005986569625423,0.0,23.0
elodie,rgs,rgs_stork,351.646,353.146,,rect_fem_r,Rect. femoris,0.025093173490247887,25.1476336154316,0.7915012527072917,0.09978343837031928,0.10735810241661065,0.010438077444955656,0.0,0.0
elodie,rgs,rgs_stork,351.646,353.146,,vas_lat_r,Vast. lateralis,0.01874437104284967,29.996528955867742,0.9007367942860532,0.06248846681703488,0.08922335907955939,0.012082703137341272,0.0,77.0
elodie,rgs,rgs_stork,351.646,353.146,,tib_ant_r,Tib. anterior,0.010868299461566784,18.826497828255526,0.9925040381180473,0.057728737233619876,0.07591724262294963,0.008475021272271196,100.0,100.0
elodie,rgs,rgs_stork,351.646,353.146,,soleus_r,Soleus,0.007064765018221284,11.672530706256907,0.9942570870211457,0.06052470707517016,0.07374318785126316,-0.005583569730354237,9.0,2.0
elodie,rgs,rgs_stork,351.646,353.146,,med_gas_r,Med. gastrocnemius,0.008754538893766721,17.070149252234838,0.9891108806568786,0.05128566109414989,0.07076977883377278,-0.0060354932119920735,11.0,10.0
elodie,rgs,rgs_stork,351.646,353.146,,semimem_r,Semimembranosus,0.0349192873469784,91.60236350928294,-0.3409105675327978,0.038120509132321345,0.07941099668809182,-0.014745757817844207,100.0,45.0
elodie,rgs,rgs_stork,351.646,353.146,,semiten_r,Semitendinosus,0.0454929273610081,80.63346880042349,-0.4434914374289612,0.05641941000158135,0.09542165801467234,-0.016218384313124622,100.0,45.0
elodie,rgs,rgs_stork,351.646,353.146,,bifemlh_r,Biceps femoris LH,0.03094057754215066,46.91710006174844,0.1343020260580576,0.06594733583582363,0.06319394370952935,-0.01060863199872121,100.0,59.0
elodie,rgs,rgs_stork,351.646,353.146,,bifemsh_r,Biceps femoris SH,0.01021179663423571,28.51389004024844,0.9920447633559293,0.03581341100713151,0.05594121657028048,-0.007164169245837207,31.0,28.0
erna,ng,ng_v0,11.42,12.92,3.05,glut_med1_r,Glut. medius,0.008866770261930662,258.435013331091,0.19383561486745152,0.0034309477449060294,0.07953843298804324,0.003815271712928457,57.0,90.0
erna,ng,ng_v0,11.42,12.92,3.05,rect_fem_r,Rect. femoris,0.012491931287324056,36.422121406280645,0.7410752113412493,0.03429764880518449,0.12628633588160953,-0.002954361384225952,51.0,0.0
erna,ng,ng_v0,11.42,12.92,3.05,vas_lat_r,Vast. lateralis,0.004876740686077832,22.204526209078754,0.8053344444671767,0.021962822535181503,0.05188331847806599,0.00038851405556428707,57.0,24.0
erna,ng,ng_v0,11.42,12.92,3.05,tib_ant_r,Tib. anterior,0.009579488388203543,116.49401813948295,-0.0661283566681093,0.008223159043869221,0.04551315967238334,0.005997359578556533,94.0,86.0
erna,ng,ng_v0,11.42,12.92,3.05,soleus_r,Soleus,0.006324200911940339,81.86663915311908,0.2882598104673533,0.007725003710133849,0.027835567837873054,-0.004086590381832236,100.0,90.0
erna,ng,ng_v0,11.42,12.92,3.05,med_gas_r,Med. gastrocnemius,0.005961075924660841,48.10314462686572,0.6345876981880214,0.012392279072190981,0.029745534970959553,-0.004434817288307012,80.0,90.0
erna,ng,ng_v0,11.42,12.92,3.05,semimem_r,Semimembranosus,0.011302697425490461,75.7806670796352,0.6228909838781415,0.014915014423946493,0.08578196062219501,0.00418645802395298,100.0,90.0
erna,ng,ng_v0,11.42,12.92,3.05,semiten_r,Semitendinosus,0.014088392000880738,70.05397792054622,0.674313616312159,0.02011076661036937,0.10807114686479613,0.004666469854548318,100.0,90.0
erna,ng,ng_v0,11.42,12.92,3.05,bifemlh_r,Biceps femoris LH,0.012578143864937403,56.35866230548585,0.7521104459097832,0.022318031249143166,0.10237286712719651,0.0044062498915296705,100.0,90.0
erna,ng,ng_v0,11.42,12.92,3.05,bifemsh_r,Biceps femoris SH,0.0006962762955541281,13.854851049410675,0.9732067933969484,0.005025505457048884,0.006608474013458765,-0.0004794115507245759,100.0,89.0
erna,ng,ng_v1,28.31,29.81,3.57,glut_med1_r,Glut. medius,0.02436072472621286,364.0089936808326,0.15460435253030205,0.006692341439116373,0.11783024042310085,0.008143653804595669,75.0,66.0
erna,ng,ng_v1,28.31,29.81,3.57,rect_fem_r,Rect. femoris,0.04082486674641596,53.39959836936251,0.6704564667681244,0.07645163632885826,0.13247634982803702,-0.019821049470991677,0.0,2.0
erna,ng,ng_v1,28.31,29.81,3.57,vas_lat_r,Vast. lateralis,0.014818128208574373,23.397416494626185,0.8301268497341828,0.06333232650697881,0.06406041791726585,-0.005634033897778942,0.0,0.0
erna,ng,ng_v1,28.31,29.81,3.57,tib_ant_r,Tib. anterior,0.00540642597722927,21.96357939342814,0.8493829153759797,0.024615413910389128,0.02998336540306401,0.004349316367956902,67.0,34.0
erna,ng,ng_v1,28.31,29.81,3.57,soleus_r,Soleus,0.003660677378779463,16.63057461845877,0.9538623699708574,0.022011731180451022,0.022765717815072528,-0.003312330253554878,23.0,100.0
erna,ng,ng_v1,28.31,29.81,3.57,med_gas_r,Med. gastrocnemius,0.004534299634915737,19.2952897464509,0.8882359381034212,0.023499515656403958,0.027214206806271957,-0.0038450264001856464,20.0,100.0
erna,ng,ng_v1,28.31,29.81,3.57,semimem_r,Semimembranosus,0.030712538637014467,111.8387354344952,0.8048308395187335,0.027461450201216764,0.09182641649487255,0.01642662273476279,51.0,66.0
erna,ng,ng_v1,28.31,29.81,3.57,semiten_r,Semitendinosus,0.040460789685875805,118.41019028118419,0.7838568573800081,0.034170023365214686,0.11850026555068072,0.02103558795086832,50.0,66.0
erna,ng,ng_v1,28.31,29.81,3.57,bifemlh_r,Biceps femoris LH,0.035677633950497466,93.97450175759506,0.7557094187235658,0.037965228102541104,0.10453137847002664,0.02009286782272034,49.0,66.0
erna,ng,ng_v1,28.31,29.81,3.57,bifemsh_r,Biceps femoris SH,0.001835375687062132,23.82879181351356,0.7578057360045917,0.007702344715695031,0.008049700597033138,0.00041987513919537495,51.0,66.0
erna,ng,ng_v2,42.72,44.22,4.06,glut_med1_r,Glut. medius,0.021447481944865184,266.6275480573648,0.40335261574579334,0.00804398574008218,0.07405898232936214,-0.011316517391550943,57.0,64.0
erna,ng,ng_v2,42.72,44.22,4.06,rect_fem_r,Rect. femoris,0.030630636174483413,38.76905539331435,0.7060633968051871,0.0790079507063915,0.16321473646529477,-0.009845433746911896,75.0,54.0
erna,ng,ng_v2,42.72,44.22,4.06,vas_lat_r,Vast. lateralis,0.014337299987462342,23.542285174789786,0.8520147013130367,0.060900205230779436,0.10404122980086061,0.00021917012637181438,72.0,51.0
erna,ng,ng_v2,42.72,44.22,4.06,tib_ant_r,Tib. anterior,0.0068392497392977284,25.084960896634374,0.7422818881872203,0.02726434283664897,0.04333999189692178,0.0038994810033578186,50.0,50.0
erna,ng,ng_v2,42.72,44.22,4.06,soleus_r,Soleus,0.0075574818832212795,34.443706261069316,0.7233465827476254,0.02194154666730297,0.048544934512727844,-0.004226707194745142,86.0,8.0
erna,ng,ng_v2,42.72,44.22,4.06,med_gas_r,Med. gastrocnemius,0.01042283478241466,38.79895376433333,0.6748771194741506,0.026863700618638964,0.07275528904414807,-0.004457804962195022,5.0,8.0
erna,ng,ng_v2,42.72,44.22,4.06,semimem_r,Semimembranosus,0.01994250420458117,63.47314731579434,0.3249520340742504,0.031418804719675175,0.08870974027772838,0.009421175889715371,35.0,8.0
erna,ng,ng_v2,42.72,44.22,4.06,semiten_r,Semitendinosus,0.023726006467989957,60.92553167611868,0.4010408521270247,0.038942633433414864,0.10443953599409395,0.011097239138577032,34.0,8.0
erna,ng,ng_v2,42.72,44.22,4.06,bifemlh_r,Biceps femoris LH,0.026687933327828175,62.700502617002506,0.4917677806163061,0.04256414576267081,0.1050935412253412,0.014577509712056347,33.0,8.0
erna,ng,ng_v2,42.72,44.22,4.06,bifemsh_r,Biceps femoris SH,0.007103985968897544,110.04333193491031,0.15073929694760752,0.006455626019302552,0.03609870165602136,-0.0017333024382038533,92.0,34.0
erna,gwo,gwo_v0,37.67,39.17,3.05,glut_med1_r,Glut. medius,0.026883690991590107,1341.7591546367837,0.4526378838090849,0.0020036152463493023,0.04284941414486408,-0.024396861786741005,32.0,78.0
erna,gwo,gwo_v0,37.67,39.17,3.05,rect_fem_r,Rect. femoris,0.01941344544801834,424.7341604770041,-0.2253268490282702,0.004570728529632695,0.07614543418412117,-0.008681732295552438,0.0,65.0
erna,gwo,gwo_v0,37.67,39.17,3.05,vas_lat_r,Vast. lateralis,0.01498992749951962,3064.697853654547,0.13733998043223872,0.0004891159982262083,0.07539059639607076,-0.0010353929624994911,83.0,67.0
erna,gwo,gwo_v0,37.67,39.17,3.05,tib_ant_r,Tib. anterior,0.03313633770364358,1464.8215072201426,0.06621675548334248,0.002262141669842621,0.05911619627212905,0.03117360345446327,31.0,73.0
erna,gwo,gwo_v0,37.67,39.17,3.05,soleus_r,Soleus,0.03388854330045352,1869.5547655444798,-0.041547964021617353,0.0018126531474237928,0.05623824912502673,-0.03281915713678116,0.0,61.0
erna,gwo,gwo_v0,37.67,39.17,3.05,med_gas_r,Med. gastrocnemius,0.03670122435849933,1769.5138226149318,-0.0889116068667111,0.002074085202921072,0.04839530616711302,-0.03588319325496708,0.0,61.0
erna,gwo,gwo_v0,37.67,39.17,3.05,semimem_r,Semimembranosus,0.024722333386701042,463.63669404009784,-0.28734946855330673,0.00533226418540611,0.06546438016048378,0.017370240921705637,86.0,27.0
erna,gwo,gwo_v0,37.67,39.17,3.05,semiten_r,Semitendinosus,0.03581487609102075,602.493373804979,-0.32285096377705846,0.005944443150442624,0.08485183684758191,0.02752554455988989,86.0,27.0
erna,gwo,gwo_v0,37.67,39.17,3.05,bifemlh_r,Biceps femoris LH,0.03441803821926578,532.7158732693727,-0.3225126809180917,0.006460862149279711,0.07178340106646786,0.02800772454300507,84.0,16.0
erna,gwo,gwo_v0,37.67,39.17,3.05,bifemsh_r,Biceps femoris SH,0.00872761016750385,3448.2730010361793,0.22104276867841519,0.0002531009048553079,0.037825784263911255,-0.0008841172938923673,0.0,85.0
erna,gwo,gwo_v1,68.65,70.15,3.56,glut_med1_r,Glut. medius,0.029874082342321254,643.6577908338114,0.2912032369885956,0.004641298958507373,0.09646137550519354,-0.025456805783097843,90.0,99.0
erna,gwo,gwo_v1,68.65,70.15,3.56,rect_fem_r,Rect. femoris,0.021834004474363507,452.5079381924976,0.3279523522505249,0.0048251097122356534,0.15673207122812216,0.010456110490756825,10.0,100.0
erna,gwo,gwo_v1,68.65,70.15,3.56,vas_lat_r,Vast. lateralis,0.02548593026988383,1531.2598604557325,-0.173894526527552,0.00166437656520943,0.08198377298233461,0.017604490151553617,93.0,100.0
erna,gwo,gwo_v1,68.65,70.15,3.56,tib_ant_r,Tib. anterior,0.006541290559395093,88.90664790043186,0.10818690063919671,0.0073574819362448585,0.04629976226150789,-0.0006203234675444373,45.0,26.0
erna,gwo,gwo_v1,68.65,70.15,3.56,soleus_r,Soleus,0.012384316859397747,205.98477064967372,-0.19569457254072653,0.006012248779527607,0.0543777436529464,-0.007323383119331583,40.0,40.0
erna,gwo,gwo_v1,68.65,70.15,3.56,med_gas_r,Med. gastrocnemius,0.02190941295022156,333.400720380007,-0.22915888406543802,0.006571495384067982,0.05802397993614972,-0.015107918397219727,40.0,41.0
erna,gwo,gwo_v1,68.65,70.15,3.56,semimem_r,Semimembranosus,0.014081706363551444,256.96231359728,0.30785464369467985,0.0054800667718227225,0.10982091132172128,-0.004539110090253119,89.0,70.0
erna,gwo,gwo_v1,68.65,70.15,3.56,semiten_r,Semitendinosus,0.015281396619746437,262.51118138329605,0.26179035809812834,0.005821236466660773,0.13258947002406835,-0.0008689794828844142,89.0,70.0
erna,gwo,gwo_v1,68.65,70.15,3.56,bifemlh_r,Biceps femoris LH,0.014341549383584147,214.406729825436,0.19186585830839,0.006688945536019619,0.12112274970138892,0.002050775205100396,89.0,70.0
erna,gwo,gwo_v1,68.65,70.15,3.56,bifemsh_r,Biceps femoris SH,0.01626538586340123,1714.8029324902793,-0.17299433770628447,0.0009485279943964309,0.032612407286415096,-0.011538300711547364,41.0,70.0
erna,gwo,gwo_v2,98.88,100.38,4.04,glut_med1_r,Glut. medius,0.02793849799737909,164.38277388965145,0.3704430222636687,0.016996001062820565,0.0989986029555453,-0.021339735486365374,14.0,23.0
erna,gwo,gwo_v2,98.88,100.38,4.04,rect_fem_r,Rect. femoris,0.031195843470593752,169.53559307748725,0.223666018989623,0.018400763464658132,0.17748365730548932,0.017114637676013678,48.0,28.0
erna,gwo,gwo_v2,98.88,100.38,4.04,vas_lat_r,Vast. lateralis,0.03305872916365322,623.0805562754572,0.3390962908489958,0.00530569102673753,0.11525532438454494,0.02246988774495038,76.0,98.0
erna,gwo,gwo_v2,98.88,100.38,4.04,tib_ant_r,Tib. anterior,0.012628599121945857,50.09923116783328,0.5227604232980859,0.025207171502572234,0.06412525910984357,0.0031949858559268663,86.0,20.0
erna,gwo,gwo_v2,98.88,100.38,4.04,soleus_r,Soleus,0.019308382651112833,86.0802272687889,0.21584640754134607,0.02243068270582238,0.06929062263585739,-0.010971217006135663,43.0,50.0
erna,gwo,gwo_v2,98.88,100.38,4.04,med_gas_r,Med. gastrocnemius,0.03172151148133276,141.33208918965886,0.1000706615666735,0.022444663248955776,0.08232789984784128,-0.0217113304024424,45.0,54.0
erna,gwo,gwo_v2,98.88,100.38,4.04,semimem_r,Semimembranosus,0.01976003064068567,89.05792903597127,0.258857991346112,0.02218783981907374,0.09577631925391478,-0.011449324464320258,5.0,54.0
erna,gwo,gwo_v2,98.88,100.38,4.04,semiten_r,Semitendinosus,0.019973189106638388,92.23821076784238,0.2639700092547826,0.021653920799601822,0.11663879766173091,-0.009316374385155072,6.0,54.0
erna,gwo,gwo_v2,98.88,100.38,4.04,bifemlh_r,Biceps femoris LH,0.017093474323523178,67.83536951815,0.24177704994066918,0.025198468652772144,0.1172095129347811,-0.004274054412915263,5.0,54.0
erna,gwo,gwo_v2,98.88,100.38,4.04,bifemsh_r,Biceps femoris SH,0.02172672672984818,822.7878107647326,0.2655914622700827,0.0026406233108454136,0.047144716611263154,-0.016328075813765622,59.0,56.0
erna,rd,rd_correct,36.058,37.558,,glut_med1_r,Glut. medius,0.017648686213740782,842.7498735880047,0.6030352810359308,0.002094178446874345,0.07086794877953989,-0.006719005996687033,84.0,67.0
erna,rd,rd_correct,36.058,37.558,,rect_fem_r,Rect. femoris,0.026909430208599202,494.862680413742,0.8329803476661539,0.005437757033143198,0.07317338540565871,-0.002723673603635912,83.0,69.0
erna,rd,rd_correct,36.058,37.558,,vas_lat_r,Vast. lateralis,0.0185747695782783,487.96809866750766,0.7964083343550172,0.003806554081916491,0.0840223866146717,-0.0065033635117862434,83.0,69.0
erna,rd,rd_correct,36.058,37.558,,tib_ant_r,Tib. anterior,0.021245570165553854,120.05800290029549,0.7779329021212497,0.01769608826759983,0.03422411487328447,-0.02093827041937383,99.0,69.0
erna,rd,rd_correct,36.058,37.558,,soleus_r,Soleus,0.009240283428481426,59.91763520292533,0.9033630996144175,0.015421642388233459,0.012204100368460924,0.009025312026343935,54.0,54.0
erna,rd,rd_correct,36.058,37.558,,med_gas_r,Med. gastrocnemius,0.011682894807395578,56.23539233660681,0.5611461196245372,0.02077498586204496,0.03785437859669549,0.010219370859112663,54.0,50.0
erna,rd,rd_correct,36.058,37.558,,semimem_r,Semimembranosus,0.013548037558447126,292.35882526107383,-0.7603394692209349,0.004634044327667841,0.027484570351620885,0.0016550138016901456,51.0,42.0
erna,rd,rd_correct,36.058,37.558,,semiten_r,Semitendinosus,0.016051454044630206,382.8096199232195,-0.6222510346766386,0.004193064439668381,0.030793596954619473,0.007110026787313014,51.0,37.0
erna,rd,rd_correct,36.058,37.558,,bifemlh_r,Biceps femoris LH,0.020771789271386676,509.3898131298881,0.7021919365586261,0.0040777786944259375,0.046948512248979946,0.0007994960596493825,40.0,37.0
erna,rd,rd_correct,36.058,37.558,,bifemsh_r,Biceps femoris SH,0.006610792337915326,632.8348873640463,0.5441363041144128,0.0010446314623157593,0.044194583811834914,-0.0010937747364628031,33.0,37.0
erna,rd,rd_toes,81.005,82.505,,glut_med1_r,Glut. medius,0.004813216982680053,221.82888537184468,0.9337483896904549,0.002169788201663553,0.0020441942792259332,0.004806298141487363,60.0,38.0
erna,rd,rd_toes,81.005,82.505,,rect_fem_r,Rect. femoris,0.0009951303212568895,50.107412937707196,0.6980142502374285,0.001985994213059894,0.0025499930678025695,-0.0008251166992931176,100.0,94.0
erna,rd,rd_toes,81.005,82.505,,vas_lat_r,Vast. lateralis,0.0023316129913875344,172.3027305482641,0.8129136612254887,0.0013532072207842472,0.0012034444092273167,-0.0023249527709479144,100.0,100.0
erna,rd,rd_toes,81.005,82.505,,tib_ant_r,Tib. anterior,0.0033834847742241635,17.560839617740413,0.9629756879822049,0.01926721528056141,0.010987577638315205,-0.0014671897861026865,0.0,0.0
erna,rd,rd_toes,81.005,82.505,,soleus_r,Soleus,0.0051344696011406885,31.73224991984074,0.969076856363239,0.016180603689025963,0.011251012890694634,-0.004788674376832135,51.0,49.0
erna,rd,rd_toes,81.005,82.505,,med_gas_r,Med. gastrocnemius,0.0036273064095198875,21.60083341649963,0.9685566246747184,0.016792437308225328,0.011594540266137265,-0.003039553024472061,51.0,49.0
erna,rd,rd_toes,81.005,82.505,,semimem_r,Semimembranosus,0.0008706926073267899,59.16445604971715,0.6832789476318718,0.0014716481236557444,0.0023171108332132873,-0.0007022307934250403,29.0,67.0
erna,rd,rd_toes,81.005,82.505,,semiten_r,Semitendinosus,0.001471618863025882,91.29614731504392,0.525883236770857,0.0016119178150504343,0.002400095009808201,-0.0013507690450052397,25.0,67.0
erna,rd,rd_toes,81.005,82.505,,bifemlh_r,Biceps femoris LH,0.0023531279695492087,168.52832711688967,0.6246530830963305,0.0013962803819426162,0.002497743932779406,-0.0022821828477175127,29.0,67.0
erna,rd,rd_toes,81.005,82.505,,bifemsh_r,Biceps femoris SH,0.001235050262543609,177.43767580620596,0.8107740964687357,0.0006960473625074459,0.0006617258295293915,0.0012311768188934431,25.0,26.0
erna,rd,rd_supination,126.694,128.19400000000002,,glut_med1_r,Glut. medius,0.005322951833779374,1073.9889383895388,0.06409813763533448,0.0004956244560359452,0.0231495432436786,0.0005182046490639918,82.0,46.0
erna,rd,rd_supination,126.694,128.19400000000002,,rect_fem_r,Rect. femoris,0.012181584258641671,461.12361966936095,0.30124551250372167,0.002641717695436252,0.029634283076674484,-0.010403726882927667,0.0,0.0
erna,rd,rd_supination,126.694,128.19400000000002,,vas_lat_r,Vast. lateralis,0.01002904334719124,708.4532845598004,0.4000563846375827,0.0014156252170420547,0.020278622228262433,-0.009028897275408364,0.0,16.0
erna,rd,rd_supination,126.694,128.19400000000002,,tib_ant_r,Tib. anterior,0.005879091357178959,25.22610907139334,0.8912678687563915,0.023305581294920774,0.01771657348616623,-0.0038824524530800255,0.0,10.0
erna,rd,rd_supination,126.694,128.19400000000002,,soleus_r,Soleus,0.0027823560644650654,21.203390741807,0.9163478570319045,0.013122222282019536,0.011002652927348755,-0.0018782297825979937,81.0,40.0
erna,rd,rd_supination,126.694,128.19400000000002,,med_gas_r,Med. gastrocnemius,0.005036490237965338,42.021371339650685,0.5869881898842318,0.011985544682148408,0.014470137937765193,-0.0026712946013569892,81.0,40.0
erna,rd,rd_supination,126.694,128.19400000000002,,semimem_r,Semimembranosus,0.004910086591545546,112.41450204652598,-0.47741083667376655,0.004367840894329955,0.016489166189852522,0.001858983276010738,34.0,45.0
erna,rd,rd_supination,126.694,128.19400000000002,,semiten_r,Semitendinosus,0.006339912735861783,152.2757389360903,-0.47323659016059244,0.004163442436830089,0.022623344099677478,0.00265088343819773,34.0,43.0
erna,rd,rd_supination,126.694,128.19400000000002,,bifemlh_r,Biceps femoris LH,0.006631534835932579,380.9499579409008,0.062138192705030695,0.0017407889665553844,0.023346475850995863,0.004152416716628419,64.0,40.0
erna,rd,rd_supination,126.694,128.19400000000002,,bifemsh_r,Biceps femoris SH,0.0015921579885045702,450.6422609097285,0.5047703059378601,0.0003533086278438291,0.0023915535906596785,0.0015123626177339215,58.0,40.0
erna,rd,rd_pronation,176.715,178.215,,glut_med1_r,Glut. medius,0.008231708844829584,1121.6160822225988,-0.2629357159829718,0.0007339150156012025,0.024815310344867406,0.0014294575598182053,0.0,47.0
erna,rd,rd_pronation,176.715,178.215,,rect_fem_r,Rect. femoris,0.015006911619273958,298.4598009645683,-0.6719115428114267,0.005028118215844923,0.02663054124600861,-0.011675751431287856,0.0,16.0
erna,rd,rd_pronation,176.715,178.215,,vas_lat_r,Vast. lateralis,0.012733410965669458,332.2147939376846,-0.559592547729257,0.0038328849882759697,0.01784700537913994,-0.011105479786028603,0.0,98.0
erna,rd,rd_pronation,176.715,178.215,,tib_ant_r,Tib. anterior,0.012713515078455598,97.82199856475813,0.4122552077805817,0.012996580794696455,0.015380341289292665,-0.011819475301351533,29.0,14.0
erna,rd,rd_pronation,176.715,178.215,,soleus_r,Soleus,0.0031272352346921614,23.270270771605766,0.7624591284635489,0.013438757397305379,0.010860026844303428,-0.001555700840369021,62.0,61.0
erna,rd,rd_pronation,176.715,178.215,,med_gas_r,Med. gastrocnemius,0.0037970744232077107,26.977171794462535,0.5752152789833095,0.014075138980977675,0.011120531235796483,0.0007327413406639469,62.0,61.0
erna,rd,rd_pronation,176.715,178.215,,semimem_r,Semimembranosus,0.006032634753521071,240.20530429975727,-0.8008350609807595,0.002511449433270141,0.015626069516343655,0.002593481175022594,40.0,12.0
erna,rd,rd_pronation,176.715,178.215,,semiten_r,Semitendinosus,0.008166750458777105,275.44265600794296,-0.8089437473121993,0.002964954875595449,0.02172889598549399,0.003087947209131944,29.0,10.0
erna,rd,rd_pronation,176.715,178.215,,bifemlh_r,Biceps femoris LH,0.008716456008608358,248.48255181630475,-0.7960963241616361,0.0035078744744428403,0.02269416482222758,0.003333717719064001,40.0,10.0
erna,rd,rd_pronation,176.715,178.215,,bifemsh_r,Biceps femoris SH,0.001570255709054518,244.92398838037462,-0.523575984846601,0.0006411196058982438,0.0014846498600524227,0.001461513899284376,40.0,0.0
erna,rgs,rgs_correct,32.533,34.033,,glut_med1_r,Glut. medius,0.005439797964679408,100.1619867512714,0.5654840239635514,0.005431000463467103,0.004282533300756244,-0.0052805768497962684,40.0,100.0
erna,rgs,rgs_correct,32.533,34.033,,rect_fem_r,Rect. femoris,0.008921937541940704,12.509158072859009,0.9953261804873691,0.07132324565710413,0.07937525035296511,-0.007503453189085792,99.0,100.0
erna,rgs,rgs_correct,32.533,34.033,,vas_lat_r,Vast. lateralis,0.004791910371357616,7.372449918680292,0.9967287932863055,0.06499753032185254,0.06569829861700319,-0.0041795415216193035,98.0,93.0
erna,rgs,rgs_correct,32.533,34.033,,tib_ant_r,Tib. anterior,0.004962148086683198,20.349854466366008,0.8066153116246086,0.024384194466277764,0.020190852550713345,-0.0031618604771966466,60.0,19.0
erna,rgs,rgs_correct,32.533,34.033,,soleus_r,Soleus,0.0038452099549916006,18.026166266034377,0.9097825411842441,0.02133126865825541,0.020648932480670734,0.0027983861833025033,35.0,39.0
erna,rgs,rgs_correct,32.533,34.033,,med_gas_r,Med. gastrocnemius,0.0043294224395791555,15.572142487025594,0.9301935012666849,0.027802355669339307,0.022365095036512073,0.00337500948029135,34.0,36.0
erna,rgs,rgs_correct,32.533,34.033,,semimem_r,Semimembranosus,0.005149322090532053,19.513073723123274,0.9603000643592735,0.02638908745796431,0.03257975701919236,0.004324968198164748,48.0,50.0
erna,rgs,rgs_correct,32.533,34.033,,semiten_r,Semitendinosus,0.006850723491602096,20.508588447310753,0.9654429609037363,0.03340416874229302,0.04102666712857905,0.0058700150499828505,47.0,50.0
erna,rgs,rgs_correct,32.533,34.033,,bifemlh_r,Biceps femoris LH,0.008003395570950755,22.85471084377133,0.9747350154457708,0.035018581620479994,0.04307922516136592,0.007166802814980256,47.0,43.0
erna,rgs,rgs_correct,32.533,34.033,,bifemsh_r,Biceps femoris SH,0.0008519679926501422,8.528649495574514,0.9782839856180904,0.009989483013602862,0.008988044483418334,0.00011458943784695663,42.0,46.0
erna,rgs,rgs_flexion,117.055,118.555,,glut_med1_r,Glut. medius,0.0031188723561236995,95.79353797652684,0.9545386952009298,0.0032558275036129736,0.005336167295251382,-0.002999375801234846,0.0,2.0
erna,rgs,rgs_flexion,117.055,118.555,,rect_fem_r,Rect. femoris,0.00387802057918649,14.119383433024128,0.9720181073460907,0.027465934313506246,0.0308287573256818,-0.003169267235927965,35.0,35.0
erna,rgs,rgs_flexion,117.055,118.555,,vas_lat_r,Vast. lateralis,0.0026225185866653494,10.618778106999214,0.9750885205911007,0.024696990183237316,0.0271358589982183,-0.0019357236591364866,35.0,38.0
erna,rgs,rgs_flexion,117.055,118.555,,tib_ant_r,Tib. anterior,0.002627870284407495,36.51236708908819,0.9403903168171263,0.0071972060260996895,0.007378345477269177,0.002539157420491649,0.0,0.0
erna,rgs,rgs_flexion,117.055,118.555,,soleus_r,Soleus,0.002373034624604262,35.330753115125574,0.9334813992750532,0.00671662621193414,0.006614624868820862,-0.0022883292539291615,43.0,42.0
erna,rgs,rgs_flexion,117.055,118.555,,med_gas_r,Med. gastrocnemius,0.003962886958439975,35.85697012829857,0.4614521239531737,0.011051929218393264,0.0034197316749843276,-0.0030125180046292922,42.0,42.0
erna,rgs,rgs_flexion,117.055,118.555,,semimem_r,Semimembranosus,0.002155257789907122,32.35124823980626,0.6429078993996186,0.006662054502290293,0.00846303194368525,0.001152998201767438,0.0,0.0
erna,rgs,rgs_flexion,117.055,118.555,,semiten_r,Semitendinosus,0.0027947058986566354,34.86812519168267,0.7433580428392957,0.008015073604597689,0.00968813769613397,0.0021540672807778202,0.0,0.0
erna,rgs,rgs_flexion,117.055,118.555,,bifemlh_r,Biceps femoris LH,0.0033604166538614222,34.67039372010308,0.9615589763495916,0.00969246753004982,0.011225498565641479,0.0032041896094799098,0.0,0.0
erna,rgs,rgs_flexion,117.055,118.555,,bifemsh_r,Biceps femoris SH,0.0003862694387780153,10.771739990463693,0.9680221542764592,0.003585952122126812,0.0034984471924984772,0.00029825153076825685,0.0,0.0
erna,rgs,rgs_abduction,211.936,213.436,,glut_med1_r,Glut. medius,0.011952243320309572,91.77187023580477,0.5969507375583746,0.013023863728175836,0.04068181529893347,-0.010468452808265983,99.0,0.0
erna,rgs,rgs_abduction,211.936,213.436,,rect_fem_r,Rect. femoris,0.024003013430558873,104.18297730328017,0.7630764252821681,0.023039285353388672,0.0525848202806557,-0.02246946298344532,24.0,14.0
erna,rgs,rgs_abduction,211.936,213.436,,vas_lat_r,Vast. lateralis,0.01892033116171136,124.52026298552457,-0.14578585116945175,0.015194580149506143,0.041807232105665726,-0.016772826336649768,69.0,14.0
erna,rgs,rgs_abduction,211.936,213.436,,tib_ant_r,Tib. anterior,0.027308265838967994,76.02115151935384,0.48133057265767726,0.035921931321989675,0.04274318243312791,0.024083002322484424,76.0,57.0
erna,rgs,rgs_abduction,211.936,213.436,,soleus_r,Soleus,0.007128590901287097,20.140539824673432,0.9832052982857408,0.03539423949577619,0.03877922578833154,-0.0060657941070230105,26.0,27.0
erna,rgs,rgs_abduction,211.936,213.436,,med_gas_r,Med. gastrocnemius,0.003467907079596049,9.81178909022214,0.9821780358526804,0.035344288872372565,0.03902098475143628,-0.001134400755775449,26.0,27.0
erna,rgs,rgs_abduction,211.936,213.436,,semimem_r,Semimembranosus,0.008469046556053272,31.030072227108406,0.9929309563773974,0.02729302882077911,0.03211190196869673,0.008284439551715464,77.0,71.0
erna,rgs,rgs_abduction,211.936,213.436,,semiten_r,Semitendinosus,0.012332522360554463,37.977733303246836,0.9867528276074883,0.032473034296388925,0.04038439721394027,0.012034512181250113,75.0,71.0
erna,rgs,rgs_abduction,211.936,213.436,,bifemlh_r,Biceps femoris LH,0.013768742388411453,42.770153255584646,0.9858404287098498,0.03219240835105874,0.038160776272752606,0.013527250535032459,77.0,77.0
erna,rgs,rgs_abduction,211.936,213.436,,bifemsh_r,Biceps femoris SH,0.0005630102776073221,66.88308917349097,-0.3794065613919395,0.0008417827055609006,0.0019290309359578095,-9.324697427684355e-05,0.0,11.0
erna,rgs,rgs_stork,304.96,306.46,,glut_med1_r,Glut. medius,0.012538380346695212,549.7438438824062,-0.3421205547305581,0.002280767758697677,0.030503340727444983,-0.011510923962001745,93.0,34.0
erna,rgs,rgs_stork,304.96,306.46,,rect_fem_r,Rect. femoris,0.007102304585422451,12.530174814174089,0.9674842102314869,0.05668160812400119,0.049132478895458465,-0.0033303825145485863,6.0,11.0
erna,rgs,rgs_stork,304.96,306.46,,vas_lat_r,Vast. lateralis,0.01159689979777664,33.17051940170451,0.6640116146673778,0.034961465804423664,0.0404139024378527,0.0060401979633460424,52.0,52.0
erna,rgs,rgs_stork,304.96,306.46,,tib_ant_r,Tib. anterior,0.009399386913258895,29.314380683774292,0.9243614230424152,0.03206408149861245,0.04490943641452494,0.003600476802577853,99.0,100.0
erna,rgs,rgs_stork,304.96,306.46,,soleus_r,Soleus,0.006319013486694429,18.71491065223819,0.9333200463787306,0.03376459339889348,0.04098841718836188,-0.001741354696648797,6.0,11.0
erna,rgs,rgs_stork,304.96,306.46,,med_gas_r,Med. gastrocnemius,0.005535212555344839,17.521088917446537,0.9341228017291009,0.03159171545458672,0.03583711408778395,-0.0009009197664809222,5.0,0.0
erna,rgs,rgs_stork,304.96,306.46,,semimem_r,Semimembranosus,0.007191728097651707,17.354411626063378,0.9232067329201727,0.04144034527134849,0.034614140189832776,-0.0009516014352895282,94.0,100.0
erna,rgs,rgs_stork,304.96,306.46,,semiten_r,Semitendinosus,0.007777950938112517,15.073590096407639,0.9469719839391825,0.05159985702388292,0.03995159436766926,3.3514225270745566e-06,94.0,98.0
erna,rgs,rgs_stork,304.96,306.46,,bifemlh_r,Biceps femoris LH,0.00703967882550136,12.992971479779165,0.9799838369109755,0.054180668651948816,0.04425982655544397,0.0037056230376507127,91.0,64.0
erna,rgs,rgs_stork,304.96,306.46,,bifemsh_r,Biceps femoris SH,0.006678922187016392,25.041923094464487,0.8898753836602511,0.026670963575048945,0.028949730818101926,-0.004659647380328032,8.0,11.0
etsuko,ng,ng_v0,4.79,6.29,3.04,glut_med1_r,Glut. medius,0.003598871472851634,148.83018025726608,0.7156855256935146,0.002418105969253459,0.004308451522630347,-0.0035518236825880702,72.0,70.0
etsuko,ng,ng_v0,4.79,6.29,3.04,rect_fem_r,Rect. femoris,0.005305927521695642,95.87459382385141,0.9067151362662181,0.005534237288602362,0.00787096166536344,0.005176830720274154,22.0,0.0
etsuko,ng,ng_v0,4.79,6.29,3.04,vas_lat_r,Vast. lateralis,0.0012009219718021066,49.041756247682024,0.9596364622669836,0.002448774398977338,0.003055969837918171,0.0010632204135635026,32.0,33.0
etsuko,ng,ng_v0,4.79,6.29,3.04,tib_ant_r,Tib. anterior,0.005096654778657685,95.69876038767076,-0.3519511582635942,0.005325727060634222,0.003636968157287368,-0.004618324696415817,67.0,40.0
etsuko,ng,ng_v0,4.79,6.29,3.04,soleus_r,Soleus,0.0017189712228986445,35.599505459822495,0.598408098520798,0.004828637928239399,0.003925141711354274,0.0013981585194470974,100.0,100.0
etsuko,ng,ng_v0,4.79,6.29,3.04,med_gas_r,Med. gastrocnemius,0.0019794561867741535,30.170618112407016,0.508222253337452,0.006560873825651403,0.006183882121950313,0.0011081642235417038,98.0,100.0
etsuko,ng,ng_v0,4.79,6.29,3.04,semimem_r,Semimembranosus,0.005171246051066203,85.49557406322398,0.8064407141894285,0.0060485541008731825,0.006759535104229886,-0.005001496399935047,78.0,95.0
etsuko,ng,ng_v0,4.79,6.29,3.04,semiten_r,Semitendinosus,0.005490311505521051,88.60905372117026,0.8295265506425398,0.0061961066899525186,0.007792030649437676,-0.0052972461421641045,78.0,95.0
etsuko,ng,ng_v0,4.79,6.29,3.04,bifemlh_r,Biceps femoris LH,0.004904108962773277,85.52996050768151,0.8757833870907228,0.005733790748486123,0.007436402056175406,-0.004755234506656631,78.0,95.0
etsuko,ng,ng_v0,4.79,6.29,3.04,bifemsh_r,Biceps femoris SH,0.000695096360276227,49.87925437141982,0.9658042638690747,0.0013935580413858561,0.0018534636940893412,-0.0006250902938003101,100.0,97.0
etsuko,ng,ng_v1,37.81,39.31,3.56,glut_med1_r,Glut. medius,0.0055166240573245855,35.794168462953394,0.9465825302856762,0.015412074911124798,0.02421661157356661,-0.004705250418920947,64.0,65.0
etsuko,ng,ng_v1,37.81,39.31,3.56,rect_fem_r,Rect. femoris,0.004163175853821492,6.079362903732693,0.9927851803675624,0.06848046283378356,0.0770658315689865,0.0009620815140949698,4.0,5.0
etsuko,ng,ng_v1,37.81,39.31,3.56,vas_lat_r,Vast. lateralis,0.002718877870354387,4.925930323466223,0.9918613422044107,0.05519521576263786,0.05611071746152016,-0.0007986232168386914,87.0,0.0
etsuko,ng,ng_v1,37.81,39.31,3.56,tib_ant_r,Tib. anterior,0.0032631290008223565,18.292238170507343,0.7471546572732595,0.017838872260495242,0.016599061831798434,-0.0015831375992142707,23.0,24.0
etsuko,ng,ng_v1,37.81,39.31,3.56,soleus_r,Soleus,0.0020556476933012878,11.27702986366996,0.9209554729633039,0.01822862684724952,0.02080393359995303,0.00013607036071224413,71.0,72.0
etsuko,ng,ng_v1,37.81,39.31,3.56,med_gas_r,Med. gastrocnemius,0.0028170446322525484,16.013479306978937,0.8064799384626447,0.017591708698963593,0.018130439256432984,0.000749388506857757,94.0,81.0
etsuko,ng,ng_v1,37.81,39.31,3.56,semimem_r,Semimembranosus,0.0029898692383885225,9.540683066028349,0.9894158921611403,0.03133810459582914,0.03779538948590716,-0.002076392753106751,41.0,41.0
etsuko,ng,ng_v1,37.81,39.31,3.56,semiten_r,Semitendinosus,0.003052755601068994,7.742637005672466,0.9917188922095753,0.03942785382851427,0.04617684636638375,-0.001955446026992508,41.0,41.0
etsuko,ng,ng_v1,37.81,39.31,3.56,bifemlh_r,Biceps femoris LH,0.0032136421722208496,8.269987253057836,0.9958902394609542,0.03885909462596332,0.047651339247007096,-0.0013066056583652108,40.0,41.0
etsuko,ng,ng_v1,37.81,39.31,3.56,bifemsh_r,Biceps femoris SH,0.0005702210130672746,12.493225166228287,0.9363879873594467,0.004564241862931417,0.005247996540365396,-0.00015083835747133054,19.0,19.0
etsuko,ng,ng_v2,69.97,71.47,4.09,glut_med1_r,Glut. medius,0.005785518121901373,37.50311912500949,0.9563561076510685,0.015426765178161453,0.024180566102307496,-0.004746203936694104,55.0,56.0
etsuko,ng,ng_v2,69.97,71.47,4.09,rect_fem_r,Rect. femoris,0.00445026758630071,6.447174204329735,0.9887913840037617,0.06902663779911578,0.07841950550069832,-0.001091961929391746,79.0,84.0
etsuko,ng,ng_v2,69.97,71.47,4.09,vas_lat_r,Vast. lateralis,0.0031602029419060596,5.6427746930537435,0.9912053587720981,0.05600441473937051,0.05611390419920739,-0.0015985499859286943,77.0,78.0
etsuko,ng,ng_v2,69.97,71.47,4.09,tib_ant_r,Tib. anterior,0.0032073644479520182,12.712844288466988,0.9019752131614759,0.0252293222128247,0.0192268077837498,-0.0018848593941753415,100.0,13.0
etsuko,ng,ng_v2,69.97,71.47,4.09,soleus_r,Soleus,0.0028159184073474025,11.265558660125286,0.9345198985094277,0.024995816828102924,0.023910469233902443,0.0016294972923317386,81.0,75.0
etsuko,ng,ng_v2,69.97,71.47,4.09,med_gas_r,Med. gastrocnemius,0.0035489039357169344,14.54666523892463,0.8789474456365872,0.024396683895774374,0.02225534599082124,0.002033506514670197,84.0,70.0
etsuko,ng,ng_v2,69.97,71.47,4.09,semimem_r,Semimembranosus,0.0027329300626975795,8.572705773649227,0.9900452381672329,0.031879433808378876,0.04057229759002967,-0.0007760632144012867,31.0,31.0
etsuko,ng,ng_v2,69.97,71.47,4.09,semiten_r,Semitendinosus,0.0029072978142775704,7.225010185273188,0.9904560969093278,0.040239359388081486,0.04903192628738062,-0.0002520406069257128,30.0,31.0
etsuko,ng,ng_v2,69.97,71.47,4.09,bifemlh_r,Biceps femoris LH,0.0032813673362982994,8.422214096271357,0.9928858708668711,0.03896086348304789,0.050108698698683396,0.0005134134759463626,29.0,30.0
etsuko,ng,ng_v2,69.97,71.47,4.09,bifemsh_r,Biceps femoris SH,0.0006032656328495916,12.558108902044903,0.922023447660282,0.004803793609015117,0.005507904977628986,3.905109340651911e-06,96.0,8.0
etsuko,gwo,gwo_v0,5.29,6.79,3.05,glut_med1_r,Glut. medius,0.0023630057781249786,127.29798786477609,0.6660120393666134,0.001856278970124109,0.002785979018421314,-0.002324226959066584,88.0,84.0
etsuko,gwo,gwo_v0,5.29,6.79,3.05,rect_fem_r,Rect. femoris,0.003117064525219735,87.96253350715368,0.9455079691419317,0.003543627497912205,0.009206597038851627,0.0025311242901562216,0.0,0.0
etsuko,gwo,gwo_v0,5.29,6.79,3.05,vas_lat_r,Vast. lateralis,0.002107405191129709,512.2609723536522,0.23872008170851994,0.00041139288465544266,0.006316814283114425,-7.279074783652837e-05,87.0,29.0
etsuko,gwo,gwo_v0,5.29,6.79,3.05,tib_ant_r,Tib. anterior,0.004558038901942297,114.10306965384788,-0.7234590969674054,0.003994668080157637,0.0028280189332250405,-0.004082351201324209,86.0,62.0
etsuko,gwo,gwo_v0,5.29,6.79,3.05,soleus_r,Soleus,0.0021253139154367605,86.66928006106419,-0.6582640436703565,0.002452211341711086,0.0028797424475269784,0.0015219724815354837,53.0,100.0
etsuko,gwo,gwo_v0,5.29,6.79,3.05,med_gas_r,Med. gastrocnemius,0.002505042865646704,96.08062651990186,-0.708527661905201,0.002607229944663003,0.0036757253968043857,0.0017453286399043615,53.0,100.0
etsuko,gwo,gwo_v0,5.29,6.79,3.05,semimem_r,Semimembranosus,0.0029960102841246256,72.81129616939526,0.9022919070500139,0.004114760266256512,0.0052156472861178416,-0.002943232046516543,90.0,95.0
etsuko,gwo,gwo_v0,5.29,6.79,3.05,semiten_r,Semitendinosus,0.00308161307272795,67.69907515083743,0.9136908140465106,0.0045519278747337966,0.0061048341865770905,-0.0030197265798102757,94.0,95.0
etsuko,gwo,gwo_v0,5.29,6.79,3.05,bifemlh_r,Biceps femoris LH,0.0031224846068594867,68.16057308176904,0.9159120384455954,0.004581071528130476,0.006368160558605063,-0.0030549581445420584,91.0,95.0
etsuko,gwo,gwo_v0,5.29,6.79,3.05,bifemsh_r,Biceps femoris SH,0.00036365691480245684,497.4207029017268,0.25026741031341404,7.31085201482462e-05,0.0010779782552249317,1.9301082383482495e-06,75.0,100.0
etsuko,gwo,gwo_v1,37.1,38.6,3.55,glut_med1_r,Glut. medius,0.0056273078008207125,46.20105950319729,0.8973047589363776,0.012180040590695287,0.028286437347609605,-0.00477219152808791,87.0,88.0
etsuko,gwo,gwo_v1,37.1,38.6,3.55,rect_fem_r,Rect. femoris,0.01425409556038538,63.11334792109125,0.7342605817068049,0.022584914332554273,0.06630032380610751,-0.00750045577768416,36.0,49.0
etsuko,gwo,gwo_v1,37.1,38.6,3.55,vas_lat_r,Vast. lateralis,0.01533943847626855,116.557348931869,0.48723641346306,0.013160421558004787,0.07450624793278965,-0.008240571826615613,79.0,49.0
etsuko,gwo,gwo_v1,37.1,38.6,3.55,tib_ant_r,Tib. anterior,0.01332018567553814,80.32415563464279,-0.14682869669324963,0.01658303852719656,0.04087511842418862,-0.00046723864063273737,80.0,15.0
etsuko,gwo,gwo_v1,37.1,38.6,3.55,soleus_r,Soleus,0.008799436565428437,47.20963134620061,0.004699860999696784,0.018639070703390714,0.028558613827553758,0.0012209905808989432,57.0,59.0
etsuko,gwo,gwo_v1,37.1,38.6,3.55,med_gas_r,Med. gastrocnemius,0.010018030726912628,57.28808279014769,-0.08059489946076044,0.017487111173906333,0.03203942869865278,0.0024605245207538397,57.0,59.0
etsuko,gwo,gwo_v1,37.1,38.6,3.55,semimem_r,Semimembranosus,0.007584353029148062,28.4164019418354,0.726404184909234,0.026690054021167864,0.03070477588129511,0.0036729180987856934,71.0,15.0
etsuko,gwo,gwo_v1,37.1,38.6,3.55,semiten_r,Semitendinosus,0.011602953457888442,37.497428478714376,0.6028031204378212,0.03094333112595954,0.04101507612754551,0.006301251245466284,71.0,15.0
etsuko,gwo,gwo_v1,37.1,38.6,3.55,bifemlh_r,Biceps femoris LH,0.009885002615307427,32.5312458846567,0.6986408623886295,0.030386179030326255,0.03459070213900639,0.006136170471489499,71.0,15.0
etsuko,gwo,gwo_v1,37.1,38.6,3.55,bifemsh_r,Biceps femoris SH,0.004134431542832347,214.08511724769818,0.07168596379054885,0.001931209229293962,0.02432099557790901,-1.3013826096892875e-06,46.0,43.0
etsuko,gwo,gwo_v2,70.53,72.03,4.08,glut_med1_r,Glut. medius,0.004066804820202483,32.26914075057635,0.9427628786495739,0.012602767615155192,0.017529006358643476,-0.0036062661864411914,72.0,71.0
etsuko,gwo,gwo_v2,70.53,72.03,4.08,rect_fem_r,Rect. femoris,0.012916197163510617,57.982111378372416,0.8109218548037985,0.022276175973006074,0.05094732535528357,-0.009844050953947322,20.0,83.0
etsuko,gwo,gwo_v2,70.53,72.03,4.08,vas_lat_r,Vast. lateralis,0.01315973415522753,85.06251829832301,0.9381300692078961,0.015470661365885013,0.05557512276990745,-0.010961979146293226,64.0,83.0
etsuko,gwo,gwo_v2,70.53,72.03,4.08,tib_ant_r,Tib. anterior,0.006503640731855332,39.795745284322976,0.5512855497353709,0.01634255291712644,0.041065426290574136,-0.005094643008364583,27.0,83.0
etsuko,gwo,gwo_v2,70.53,72.03,4.08,soleus_r,Soleus,0.005073521177482812,22.33360737220203,0.7772159842616487,0.02271698025728558,0.026974466680001974,0.00414796371001571,42.0,43.0
etsuko,gwo,gwo_v2,70.53,72.03,4.08,med_gas_r,Med. gastrocnemius,0.0067001230470082425,30.87207984713567,0.6397908765068788,0.02170285604398592,0.03173952595694396,0.0056799403933873735,41.0,42.0
etsuko,gwo,gwo_v2,70.53,72.03,4.08,semimem_r,Semimembranosus,0.0031103995015364376,11.748499321439422,0.941817358693446,0.02647486641855934,0.028930011458652594,0.0008717413338049618,56.0,56.0
etsuko,gwo,gwo_v2,70.53,72.03,4.08,semiten_r,Semitendinosus,0.004773279633270248,15.705121054449348,0.9113091593719987,0.03039314129907933,0.037339047404079395,0.0020648821012831057,56.0,83.0
etsuko,gwo,gwo_v2,70.53,72.03,4.08,bifemlh_r,Biceps femoris LH,0.005013361243298661,16.49188963822446,0.9098179443054645,0.030398949746054726,0.033033647265627464,0.0026529992718397994,56.0,56.0
etsuko,gwo,gwo_v2,70.53,72.03,4.08,bifemsh_r,Biceps femoris SH,0.0015121621476286806,67.44862106073519,0.6129614897419645,0.0022419467201071908,0.010148763920899334,0.0011669233398057554,30.0,26.0
etsuko,rd,rd_correct,36.75,38.25,,glut_med1_r,Glut. medius,0.0035430478772238393,108.21691300715011,-0.6399081017800916,0.0032740241601511427,0.0015214581378905634,-0.0032512323090794276,0.0,100.0
etsuko,rd,rd_correct,36.75,38.25,,rect_fem_r,Rect. femoris,0.0040155398131506885,56.379643102486746,-0.8282152131959455,0.00712232215775338,0.002772415589352706,-0.0025455559331487416,3.0,100.0
etsuko,rd,rd_correct,36.75,38.25,,vas_lat_r,Vast. lateralis,0.003885735861891633,75.2159140597337,0.09674790283456632,0.005166108675892345,0.002739908044166156,-0.0035027130252029497,0.0,100.0
etsuko,rd,rd_correct,36.75,38.25,,tib_ant_r,Tib. anterior,0.006101968018509253,29.098059563372047,0.9827494281466018,0.02097036060160612,0.016304048980975372,-0.005837943045298327,1.0,10.0
etsuko,rd,rd_correct,36.75,38.25,,soleus_r,Soleus,0.0034531381079705298,18.35162448231615,0.9875027089288354,0.018816525541365647,0.015760133359655704,0.003238108388172113,77.0,78.0
etsuko,rd,rd_correct,36.75,38.25,,med_gas_r,Med. gastrocnemius,0.004201741324726908,21.189852700317672,0.9875535755429721,0.019829025638596898,0.016016924265117527,0.003972222261392532,76.0,78.0
etsuko,rd,rd_correct,36.75,38.25,,semimem_r,Semimembranosus,0.002056479445442382,45.91372765657128,-0.7256200835090019,0.004479007805300805,0.0020103882956597485,-0.0005033222345090659,79.0,0.0
etsuko,rd,rd_correct,36.75,38.25,,semiten_r,Semitendinosus,0.0025920942145844766,46.2575276447987,-0.8020491394780843,0.005603615987626043,0.002764562151967853,0.00010876411218200013,79.0,0.0
etsuko,rd,rd_correct,36.75,38.25,,bifemlh_r,Biceps femoris LH,0.0026848629784065837,43.544116677431504,-0.8555787258533586,0.0061658455453251215,0.002217226989074339,4.280674442237113e-05,76.0,0.0
etsuko,rd,rd_correct,36.75,38.25,,bifemsh_r,Biceps femoris SH,0.0003048750458956011,66.97087414831805,0.06949350257353958,0.0004552352791758474,0.00018090392272018807,0.00026773517937001495,55.0,32.0
etsuko,rd,rd_toes,72.565,74.065,,glut_med1_r,Glut. medius,0.002618327523332305,179.4377127194233,0.9428432914965054,0.0014591846293908334,0.0018000555242951022,-0.0026098448648405083,70.0,76.0
etsuko,rd,rd_toes,72.565,74.065,,rect_fem_r,Rect. femoris,0.0025413645286838167,45.33294486057516,0.8282824348524258,0.005605999205434309,0.00698018884971463,0.00208889890609969,23.0,33.0
etsuko,rd,rd_toes,72.565,74.065,,vas_lat_r,Vast. lateralis,0.0016497475666212354,58.079641335693466,0.8759737225257785,0.002840492001467243,0.004291373774738649,-0.0014416061944184792,23.0,30.0
etsuko,rd,rd_toes,72.565,74.065,,tib_ant_r,Tib. anterior,0.0029030007775925123,9.569885255770199,0.9648503333760872,0.030334750104157593,0.021493212172507214,0.0009371420835846741,1.0,0.0
etsuko,rd,rd_toes,72.565,74.065,,soleus_r,Soleus,0.0022348446482380467,8.259462729779292,0.9815554055159975,0.027057990590360903,0.021776002515177195,-0.0013033146560984471,64.0,60.0
etsuko,rd,rd_toes,72.565,74.065,,med_gas_r,Med. gastrocnemius,0.00406000791431596,14.58035936463429,0.9304908093828791,0.027845732829904046,0.02225065871260823,-0.002940237879029255,64.0,60.0
etsuko,rd,rd_toes,72.565,74.065,,semimem_r,Semimembranosus,0.004838306578834974,95.73026312675223,0.16435007169050636,0.005054103499568141,0.004347062089804399,-0.004608625177023897,86.0,38.0
etsuko,rd,rd_toes,72.565,74.065,,semiten_r,Semitendinosus,0.00501990233238904,105.67442249943484,0.42772746041142123,0.004750347542628763,0.004913112407501918,-0.004829062951406247,86.0,84.0
etsuko,rd,rd_toes,72.565,74.065,,bifemlh_r,Biceps femoris LH,0.00390829930388382,89.07216979768832,0.7804057909758735,0.004387789488861482,0.004874818168616679,-0.0037207820079555396,67.0,84.0
etsuko,rd,rd_toes,72.565,74.065,,bifemsh_r,Biceps femoris SH,0.0003970141528982885,35.21415124907882,0.9205021261275597,0.0011274278629920809,0.0011443256853034267,0.0003695419474719201,55.0,77.0
etsuko,rd,rd_supination,116.359,117.859,,glut_med1_r,Glut. medius,0.003554835037807794,49.056211086189926,0.9884837347559615,0.007246452506415715,0.006558113518366437,-0.0035177861590854555,87.0,71.0
etsuko,rd,rd_supination,116.359,117.859,,rect_fem_r,Rect. femoris,0.007152520845782671,70.5122225520611,0.8700495978965188,0.010143661037633256,0.007476585849251427,0.006938054041148655,95.0,70.0
etsuko,rd,rd_supination,116.359,117.859,,vas_lat_r,Vast. lateralis,0.0017570117161468772,24.08795989124458,0.9370677045012749,0.007294149127114374,0.006616337532563271,0.0014417196950077963,68.0,76.0
etsuko,rd,rd_supination,116.359,117.859,,tib_ant_r,Tib. anterior,0.006100801862559609,22.237336600069323,0.9674757183587824,0.027434948583458463,0.023020560427630454,-0.005307839963246723,0.0,0.0
etsuko,rd,rd_supination,116.359,117.859,,soleus_r,Soleus,0.004756802444078265,25.74124505035683,0.9720639842186887,0.018479302126888864,0.01818458705842052,0.004450608098510361,63.0,62.0
etsuko,rd,rd_supination,116.359,117.859,,med_gas_r,Med. gastrocnemius,0.0069337299232421126,36.07344318695913,0.9448026817542571,0.019221148054280324,0.02473155878064026,0.0062573756014794426,63.0,62.0
etsuko,rd,rd_supination,116.359,117.859,,semimem_r,Semimembranosus,0.005957513180434379,114.01567776007072,0.15816405398563338,0.005225170167361626,0.004164264131348794,-0.005673214736586427,35.0,84.0
etsuko,rd,rd_supination,116.359,117.859,,semiten_r,Semitendinosus,0.006917350783309555,99.94858386847615,0.5273667529008873,0.006920909247110696,0.0031135702397194764,-0.006686480239007778,35.0,84.0
etsuko,rd,rd_supination,116.359,117.859,,bifemlh_r,Biceps femoris LH,0.007650071118647264,108.4477672357825,0.7772729677432366,0.00705415271668508,0.00382859391588386,-0.007511484665553727,30.0,23.0
etsuko,rd,rd_supination,116.359,117.859,,bifemsh_r,Biceps femoris SH,0.0003810727563083586,29.87839841333681,0.9130214282770265,0.0012754122595080575,0.001523814025312542,-0.00031601591580938,30.0,19.0
etsuko,rd,rd_pronation,170.354,171.854,,glut_med1_r,Glut. medius,0.0024168615943981793,31.138081065638634,0.7347485199705828,0.007761755097571585,0.002900316318948104,0.0015884589758040559,0.0,2.0
etsuko,rd,rd_pronation,170.354,171.854,,rect_fem_r,Rect. femoris,0.002131182405692994,14.575041564525415,0.9554651275685713,0.014622136041657241,0.01125852362091262,0.0014602009250852092,100.0,2.0
etsuko,rd,rd_pronation,170.354,171.854,,vas_lat_r,Vast. lateralis,0.001177976963242633,8.037547912395949,0.9889640852841769,0.014655924618824256,0.011669184523036447,-0.0005786241385525114,100.0,100.0
etsuko,rd,rd_pronation,170.354,171.854,,tib_ant_r,Tib. anterior,0.009718829124420372,99.94852253001321,0.8444059952363123,0.009723834708514012,0.010382971452201906,-0.009505044282396437,16.0,98.0
etsuko,rd,rd_pronation,170.354,171.854,,soleus_r,Soleus,0.0035391039008621787,26.172584285475402,0.9723571784408127,0.013522179782705757,0.012580615523664906,0.0033663109003296996,48.0,53.0
etsuko,rd,rd_pronation,170.354,171.854,,med_gas_r,Med. gastrocnemius,0.004117765929498879,27.586708818394523,0.9762765590378564,0.014926629909375766,0.014032563010887233,0.003960605663874218,48.0,53.0
etsuko,rd,rd_pronation,170.354,171.854,,semimem_r,Semimembranosus,0.002729323266293729,76.23297523087136,0.5869623443640459,0.003580239729628787,0.002749834857046385,-0.0025701260394168433,47.0,67.0
etsuko,rd,rd_pronation,170.354,171.854,,semiten_r,Semitendinosus,0.0030560041583849932,62.198451877145985,0.6330302791085878,0.00491331225481495,0.0038700498728325705,-0.00279728237441716,47.0,67.0
etsuko,rd,rd_pronation,170.354,171.854,,bifemlh_r,Biceps femoris LH,0.0036878983295763673,56.87248267503777,0.7955706947793442,0.006484503851622858,0.004479721931575864,-0.003444016788808876,47.0,66.0
etsuko,rd,rd_pronation,170.354,171.854,,bifemsh_r,Biceps femoris SH,0.00011284225707625601,9.748636291557467,0.986965658333402,0.001157518382073397,0.0008320502209797631,5.898385644065307e-05,55.0,44.0
etsuko,rgs,rgs_correct,28.179,29.679,,glut_med1_r,Glut. medius,0.0042780721181588785,51.12046770223665,0.9122896171518012,0.00836860911186793,0.014186219476534326,-0.003435068741118001,98.0,100.0
etsuko,rgs,rgs_correct,28.179,29.679,,rect_fem_r,Rect. femoris,0.004281715859238061,4.799185911967613,0.9940066592077224,0.08921754517908653,0.09432438493114537,-5.139179112129243e-05,12.0,15.0
etsuko,rgs,rgs_correct,28.179,29.679,,vas_lat_r,Vast. lateralis,0.002680747559903334,4.873205668826188,0.9922719140154614,0.05500994093173678,0.055676976016532015,0.00015686775364704634,12.0,13.0
etsuko,rgs,rgs_correct,28.179,29.679,,tib_ant_r,Tib. anterior,0.004006624025951312,14.007856547851585,0.9559656379819451,0.02860269172706381,0.03157606023272891,0.002019412735261522,44.0,65.0
etsuko,rgs,rgs_correct,28.179,29.679,,soleus_r,Soleus,0.0023773141939910317,6.669408429412684,0.9921774748653233,0.03564505336795487,0.03637566139062082,-0.001696900621591511,15.0,0.0
etsuko,rgs,rgs_correct,28.179,29.679,,med_gas_r,Med. gastrocnemius,0.002703739048724653,8.493626629706723,0.9802812396559427,0.03183256300987192,0.03194072746172394,-0.001482457599751787,18.0,0.0
etsuko,rgs,rgs_correct,28.179,29.679,,semimem_r,Semimembranosus,0.0025764686211130145,6.17875494111034,0.9901780011356385,0.041698831652482005,0.0468174941979016,-0.0006123215967768769,77.0,80.0
etsuko,rgs,rgs_correct,28.179,29.679,,semiten_r,Semitendinosus,0.0028823661615369413,5.353921592242214,0.9909648998408871,0.05383654041018204,0.0581691159881676,6.161884422042824e-05,76.0,79.0
etsuko,rgs,rgs_correct,28.179,29.679,,bifemlh_r,Biceps femoris LH,0.0028972523356000372,5.030410077705169,0.9937373950675255,0.057594754519928515,0.06287831947181904,-1.7469371571350025e-05,74.0,77.0
etsuko,rgs,rgs_correct,28.179,29.679,,bifemsh_r,Biceps femoris SH,0.0007987805565793433,5.945818352366988,0.9932037432441556,0.013434324919484875,0.014274001829442107,-0.0005269679964891586,34.0,35.0
etsuko,rgs,rgs_flexion,114.357,115.857,,glut_med1_r,Glut. medius,0.004717158534300457,44.05562239987016,0.9906273827029224,0.010707279292266586,0.01762924324349699,-0.004066160275953059,82.0,98.0
etsuko,rgs,rgs_flexion,114.357,115.857,,rect_fem_r,Rect. femoris,0.004169121317830356,5.409911848551623,0.9968667189990761,0.07706449632717288,0.08405288823997698,0.0007388606395292383,9.0,10.0
etsuko,rgs,rgs_flexion,114.357,115.857,,vas_lat_r,Vast. lateralis,0.002703651628388336,6.063715926492871,0.993355722036627,0.04458737284469183,0.047151686140081334,0.0010294548677703395,10.0,14.0
etsuko,rgs,rgs_flexion,114.357,115.857,,tib_ant_r,Tib. anterior,0.003675046029756648,17.035710254065872,0.9619170410834775,0.02157260234500369,0.017874138076614532,0.0032233282880924047,57.0,60.0
etsuko,rgs,rgs_flexion,114.357,115.857,,soleus_r,Soleus,0.0030235260383148247,12.064945082705487,0.9829005872462573,0.025060421059428628,0.021177358264884205,-0.0026717691192609328,0.0,5.0
etsuko,rgs,rgs_flexion,114.357,115.857,,med_gas_r,Med. gastrocnemius,0.0031423675605324083,19.35442109230288,0.9398307369194756,0.016235916050116872,0.011767267137531678,-0.0027370212904661516,0.0,2.0
etsuko,rgs,rgs_flexion,114.357,115.857,,semimem_r,Semimembranosus,0.0021573475776336198,5.006590420917878,0.9971817265965803,0.04309015510076625,0.04765453532762798,-0.000849822529707941,91.0,93.0
etsuko,rgs,rgs_flexion,114.357,115.857,,semiten_r,Semitendinosus,0.002180186352315031,4.0697870255058595,0.9969572248030188,0.05357003545029587,0.057785089745027385,-0.00035268211936071955,88.0,90.0
etsuko,rgs,rgs_flexion,114.357,115.857,,bifemlh_r,Biceps femoris LH,0.002613116106895735,4.684931146977035,0.9977576208879935,0.055777043993098074,0.06152761650336264,-4.196326446509908e-05,86.0,89.0
etsuko,rgs,rgs_flexion,114.357,115.857,,bifemsh_r,Biceps femoris SH,0.0007115614557116104,6.21448664804789,0.9953472181618238,0.011450044002188464,0.012191263998422325,-0.0005671915849476622,39.0,100.0
etsuko,rgs,rgs_abduction,178.981,180.481,,glut_med1_r,Glut. medius,0.0058681210544886545,24.825127099960778,0.8945267097693782,0.023637828845186157,0.025775348513587176,-0.004916890184390973,100.0,100.0
etsuko,rgs,rgs_abduction,178.981,180.481,,rect_fem_r,Rect. femoris,0.00326661707031757,6.725744725983689,0.9945772797938305,0.04856885301783148,0.05225392107859106,0.0013239573616194576,0.0,0.0
etsuko,rgs,rgs_abduction,178.981,180.481,,vas_lat_r,Vast. lateralis,0.0026947078751331723,8.255238766728887,0.9828696200776414,0.03264239777041533,0.03278102477131989,0.001696022484820087,0.0,0.0
etsuko,rgs,rgs_abduction,178.981,180.481,,tib_ant_r,Tib. anterior,0.003293023722869429,16.479587187881446,0.9370012496854159,0.019982440611686025,0.018014965284202433,0.0026521284174259438,54.0,64.0
etsuko,rgs,rgs_abduction,178.981,180.481,,soleus_r,Soleus,0.0021259256622302818,7.46281233672009,0.978819454019713,0.028486923780326856,0.02442683634831666,-0.0012272995786188725,0.0,0.0
etsuko,rgs,rgs_abduction,178.981,180.481,,med_gas_r,Med. gastrocnemius,0.002667382413864083,8.957923523465139,0.9662607936179034,0.029776793772316956,0.025322702416488374,-0.0014824445605266265,0.0,0.0
etsuko,rgs,rgs_abduction,178.981,180.481,,semimem_r,Semimembranosus,0.002081931474494714,6.384300415833104,0.9899104935631771,0.032610174003270764,0.03390904800018141,0.00020855076365995198,87.0,87.0
etsuko,rgs,rgs_abduction,178.981,180.481,,semiten_r,Semitendinosus,0.0022628982846003656,5.726940284092937,0.993710253951389,0.039513215999226636,0.04093757185356428,0.0012318613921035182,84.0,82.0
etsuko,rgs,rgs_abduction,178.981,180.481,,bifemlh_r,Biceps femoris LH,0.0021324167598512204,5.146048716351868,0.9946108069852397,0.04143794350557434,0.0441472166093112,0.000803255198647357,84.0,85.0
etsuko,rgs,rgs_abduction,178.981,180.481,,bifemsh_r,Biceps femoris SH,0.0005495585413550654,12.271973665553176,0.9881463252109562,0.004478159392548642,0.00533017275822556,-0.0003333249645718136,47.0,49.0
etsuko,rgs,rgs_stork,296.169,297.669,,glut_med1_r,Glut. medius,0.006356827957220228,52.66760136967073,0.9424556085655026,0.012069712293525645,0.017514004982571385,-0.00561996410357404,77.0,80.0
etsuko,rgs,rgs_stork,296.169,297.669,,rect_fem_r,Rect. femoris,0.0055994237933834345,6.74737177219402,0.975736368693096,0.08298673887303365,0.087344475669484,-0.00038096806734113785,0.0,0.0
etsuko,rgs,rgs_stork,296.169,297.669,,vas_lat_r,Vast. lateralis,0.004485371590335148,10.801668995303295,0.9504164487597893,0.04152480132732678,0.04136879068129351,0.0013267298524153827,50.0,52.0
etsuko,rgs,rgs_stork,296.169,297.669,,tib_ant_r,Tib. anterior,0.0034286502700823433,8.780523718123922,0.9924947214631122,0.039048357252372656,0.02940902345840768,-0.0014150195231755576,75.0,81.0
etsuko,rgs,rgs_stork,296.169,297.669,,soleus_r,Soleus,0.0028500453007923566,6.60352972241933,0.9935044792336674,0.04315942262084932,0.03478798903716945,0.0009754092063026243,0.0,0.0
etsuko,rgs,rgs_stork,296.169,297.669,,med_gas_r,Med. gastrocnemius,0.0030391092969433695,8.667060448697512,0.992068193372429,0.035065052504624994,0.026538430874812835,0.001017776247105189,0.0,0.0
etsuko,rgs,rgs_stork,296.169,297.669,,semimem_r,Semimembranosus,0.0035149494637780423,7.176804510943223,0.9822569365814181,0.04897652511529932,0.05299895205449401,-0.0003592169635970904,86.0,90.0
etsuko,rgs,rgs_stork,296.169,297.669,,semiten_r,Semitendinosus,0.004772774835359935,7.481193784284342,0.9768262479944819,0.06379696841145927,0.06640035823966223,0.00017980611526515128,84.0,89.0
etsuko,rgs,rgs_stork,296.169,297.669,,bifemlh_r,Biceps femoris LH,0.004543527484392447,6.829363021783953,0.9820156465410642,0.06652930104754623,0.06945841227988292,0.001081001453917767,83.0,87.0
etsuko,rgs,rgs_stork,296.169,297.669,,bifemsh_r,Biceps femoris SH,0.002032761836008352,6.80881623579994,0.9852555653703879,0.02985484944240871,0.029752193046027664,-0.0007965965450990784,12.0,14.0
gregers,ng,ng_v0,5.58,7.08,3.05,glut_med1_r,Glut. medius,0.0023127269367850846,167.61171424029195,0.3974987523975438,0.0013798122328547435,0.003552709997753825,0.002048968236344352,10.0,31.0
gregers,ng,ng_v0,5.58,7.08,3.05,rect_fem_r,Rect. femoris,0.0009242809183969045,23.714466844083017,0.5161118440328919,0.0038975403683912946,0.001982435767627466,0.000475549715995719,5.0,15.0
gregers,ng,ng_v0,5.58,7.08,3.05,vas_lat_r,Vast. lateralis,0.0010330332633994904,24.73991127847214,0.9680585352861734,0.004175573840066282,0.0024939348354560686,-0.0009849400349738436,27.0,15.0
gregers,ng,ng_v0,5.58,7.08,3.05,tib_ant_r,Tib. anterior,0.0021115096038132556,71.28985891639618,0.6321738565497835,0.0029618653142370333,0.0008865487965031282,-0.0020397913050696948,30.0,32.0
gregers,ng,ng_v0,5.58,7.08,3.05,soleus_r,Soleus,0.0016266071506018988,53.59901109042619,0.8644810175325789,0.003034770824143884,0.0020568587303562424,0.0015442393778310468,100.0,100.0
gregers,ng,ng_v0,5.58,7.08,3.05,med_gas_r,Med. gastrocnemius,0.0023898031127020385,48.93712413393874,0.9611759530973737,0.004883415515307465,0.003236177879735791,0.0023138105299439437,0.0,100.0
gregers,ng,ng_v0,5.58,7.08,3.05,semimem_r,Semimembranosus,0.0014218022013508865,37.628931537008306,0.4126209731248496,0.0037784814590138827,0.0015117902958795004,-0.0012102259197436013,79.0,78.0
gregers,ng,ng_v0,5.58,7.08,3.05,semiten_r,Semitendinosus,0.001869581292660495,43.53684715551222,0.4688852349931212,0.004294250536752031,0.0017823109913076562,-0.001678533233296405,79.0,78.0
gregers,ng,ng_v0,5.58,7.08,3.05,bifemlh_r,Biceps femoris LH,0.0019347949855160456,46.9490319504334,0.5710590732003517,0.004121054056149043,0.001600256185242066,-0.0017830600028795548,78.0,75.0
gregers,ng,ng_v0,5.58,7.08,3.05,bifemsh_r,Biceps femoris SH,0.000448782789176892,24.92001697268812,0.96924231772188,0.001800892790999098,0.0010587803158488285,0.0004262376610862576,0.0,0.0
gregers,ng,ng_v1,81.5,83.0,3.59,glut_med1_r,Glut. medius,0.012650893804220424,98.72237766159515,0.03841576500958466,0.012814616203416118,0.06790616614623148,0.005536005296884891,45.0,76.0
gregers,ng,ng_v1,81.5,83.0,3.59,rect_fem_r,Rect. femoris,0.011807452424606775,20.299630790395348,0.8605502929230494,0.05816584816997461,0.07478758060819218,0.007035774373046065,68.0,69.0
gregers,ng,ng_v1,81.5,83.0,3.59,vas_lat_r,Vast. lateralis,0.0029424789955783447,8.66878004396645,0.9883340158484938,0.03394340357760417,0.03509093402579036,0.0021094609414041366,64.0,65.0
gregers,ng,ng_v1,81.5,83.0,3.59,tib_ant_r,Tib. anterior,0.0032337738693177342,25.78833717059497,0.6876316102205665,0.012539675776401082,0.0208305327806792,0.002005654772004438,38.0,81.0
gregers,ng,ng_v1,81.5,83.0,3.59,soleus_r,Soleus,0.002409472288881244,13.103439141921896,0.9201012264422119,0.018388090811767177,0.027129216731982764,-0.0015499112677141793,70.0,67.0
gregers,ng,ng_v1,81.5,83.0,3.59,med_gas_r,Med. gastrocnemius,0.0036706514592830283,21.961030802165755,0.7931608361517486,0.016714386006512205,0.023234805582067475,-0.002047121636050594,17.0,67.0
gregers,ng,ng_v1,81.5,83.0,3.59,semimem_r,Semimembranosus,0.011465172060991945,32.46305343430749,0.5105745620548583,0.035317602160231054,0.06502297827901321,-0.0045409527318969,25.0,76.0
gregers,ng,ng_v1,81.5,83.0,3.59,semiten_r,Semitendinosus,0.01388646341794078,33.11077934847687,0.5046944232000832,0.041939403696275634,0.07621976922286988,-0.006134234483177908,24.0,76.0
gregers,ng,ng_v1,81.5,83.0,3.59,bifemlh_r,Biceps femoris LH,0.013062424206672876,31.145021218723763,0.5674257968227944,0.04194064956622989,0.06918038926110281,-0.00662835586047426,24.0,76.0
gregers,ng,ng_v1,81.5,83.0,3.59,bifemsh_r,Biceps femoris SH,0.0010054034257008571,22.355447722725597,0.6846393356765796,0.00449735312023658,0.002832831516622447,0.00041751379980212687,99.0,79.0
gregers,ng,ng_v2,101.54,103.04,4.09,glut_med1_r,Glut. medius,0.04886347473041783,544.6242689117457,-0.2800835391581144,0.008971960582670246,0.011280087921247295,0.048568333767951125,100.0,0.0
gregers,ng,ng_v2,101.54,103.04,4.09,rect_fem_r,Rect. femoris,0.0917248473662801,393.5313599399261,0.2864019243135701,0.023308141790855552,0.03717707881898974,-0.09084762158957846,1.0,0.0
gregers,ng,ng_v2,101.54,103.04,4.09,vas_lat_r,Vast. lateralis,0.022823643181198526,122.9564167205901,0.21840106997303593,0.018562384778228913,0.024357218398511737,-0.021214712634819638,0.0,0.0
gregers,ng,ng_v2,101.54,103.04,4.09,tib_ant_r,Tib. anterior,0.0025930768816382647,22.313656139858562,0.3769759988351425,0.011621030930051346,0.006445842961250059,-0.0006724519789372813,40.0,40.0
gregers,ng,ng_v2,101.54,103.04,4.09,soleus_r,Soleus,0.0026823312956016495,27.5009748223206,0.46568065850711315,0.00975358623805797,0.008928854392390995,0.000733435703021647,31.0,100.0
gregers,ng,ng_v2,101.54,103.04,4.09,med_gas_r,Med. gastrocnemius,0.005986638152242232,50.50699061404217,0.256008384917955,0.011853088215035723,0.011101522788831863,0.0048562399034000996,30.0,100.0
gregers,ng,ng_v2,101.54,103.04,4.09,semimem_r,Semimembranosus,0.07087909689115864,761.4147730687773,0.2897032328692607,0.009308868096358336,0.00852978967865381,0.07080757016612217,29.0,64.0
gregers,ng,ng_v2,101.54,103.04,4.09,semiten_r,Semitendinosus,0.09202900130578363,792.5477411259003,0.32857030421599664,0.011611792770369445,0.017369899446822545,0.09184373095693217,29.0,64.0
gregers,ng,ng_v2,101.54,103.04,4.09,bifemlh_r,Biceps femoris LH,0.0810779937550998,627.9260217231713,0.32595623882394636,0.012912029594283003,0.014725936664235606,0.0809071991795824,29.0,83.0
gregers,ng,ng_v2,101.54,103.04,4.09,bifemsh_r,Biceps femoris SH,0.001401685223080761,44.57605269666242,0.5197455774546812,0.0031444803617295403,0.0015048613455497795,0.001238354490170175,28.0,30.0
gregers,gwo,gwo_v0,4.15,5.65,3.04,glut_med1_r,Glut. medius,0.003658445253733111,41.93718504748241,0.6004070754530559,0.008723630948502911,0.011657819635328512,-0.002517994791815558,94.0,100.0
gregers,gwo,gwo_v0,4.15,5.65,3.04,rect_fem_r,Rect. femoris,0.0025989069115367066,22.189265746357194,0.7227210618352012,0.011712451152032233,0.008488121931705284,0.00048265107666751507,46.0,14.0
gregers,gwo,gwo_v0,4.15,5.65,3.04,vas_lat_r,Vast. lateralis,0.0006479577249373318,16.543273981316254,0.8393714054280701,0.003916744204739198,0.0044620475316435315,-5.8476900810165556e-05,44.0,42.0
gregers,gwo,gwo_v0,4.15,5.65,3.04,tib_ant_r,Tib. anterior,0.006074110190706182,29.440195534493448,0.9378884531249807,0.02063203073359171,0.013163531932004147,-0.005689548790429217,92.0,92.0
gregers,gwo,gwo_v0,4.15,5.65,3.04,soleus_r,Soleus,0.0049953198463596115,25.14555675790345,0.9777041190755957,0.019865616396779695,0.01443147629233782,0.004750766901468941,60.0,42.0
gregers,gwo,gwo_v0,4.15,5.65,3.04,med_gas_r,Med. gastrocnemius,0.007029292911977927,30.184425615738093,0.8983585183864153,0.023287814058362832,0.013610676355462425,0.006097933631028626,47.0,17.0
gregers,gwo,gwo_v0,4.15,5.65,3.04,semimem_r,Semimembranosus,0.0024673407780549505,16.98623832207061,0.7261311904689803,0.014525527849500841,0.010910102765273988,0.0003542997886477331,79.0,79.0
gregers,gwo,gwo_v0,4.15,5.65,3.04,semiten_r,Semitendinosus,0.0030858211162597135,21.009901859042817,0.624075830993848,0.014687460878983372,0.011199791041503204,0.0009320529173294968,79.0,79.0
gregers,gwo,gwo_v0,4.15,5.65,3.04,bifemlh_r,Biceps femoris LH,0.0031907890158491352,23.714343978474915,0.6915773557383368,0.01345510134602651,0.012681858224120879,-0.00021040547714941006,79.0,79.0
gregers,gwo,gwo_v0,4.15,5.65,3.04,bifemsh_r,Biceps femoris SH,0.00031410655077584776,19.767623677971244,0.7785104701923973,0.0015889949945065152,0.0014558876620278105,6.487922977211973e-05,63.0,62.0
gregers,gwo,gwo_v1,36.76,38.26,3.56,glut_med1_r,Glut. medius,0.0040251534976275425,34.263007425704906,0.6121187013380521,0.011747811415432782,0.014780967582082777,0.002251254403181579,42.0,69.0
gregers,gwo,gwo_v1,36.76,38.26,3.56,rect_fem_r,Rect. femoris,0.004383614528880971,21.574036661331323,0.7050724319950287,0.02031893519833511,0.014250107127119105,0.0019464297354107793,20.0,89.0
gregers,gwo,gwo_v1,36.76,38.26,3.56,vas_lat_r,Vast. lateralis,0.001590142906573453,18.531565656836488,0.8806947810580181,0.0085807261837417,0.017254891738253786,0.0001138932245953835,77.0,37.0
gregers,gwo,gwo_v1,36.76,38.26,3.56,tib_ant_r,Tib. anterior,0.006163729691141016,28.863777475247232,0.6548581956354159,0.021354549647657373,0.034779621109763625,-0.003991726814943075,56.0,37.0
gregers,gwo,gwo_v1,36.76,38.26,3.56,soleus_r,Soleus,0.004217836577274353,21.338146933729714,0.823181796129945,0.01976664885837448,0.01983465531874845,0.003094806454106844,35.0,20.0
gregers,gwo,gwo_v1,36.76,38.26,3.56,med_gas_r,Med. gastrocnemius,0.00486064702802597,22.114573841501738,0.7602582054315777,0.021979383653797313,0.024821921607145137,0.003490258967613571,21.0,21.0
gregers,gwo,gwo_v1,36.76,38.26,3.56,semimem_r,Semimembranosus,0.005005157155035356,19.8133202304366,0.5816013872836262,0.025261577044248196,0.028832264252765027,-0.001272006237647034,49.0,37.0
gregers,gwo,gwo_v1,36.76,38.26,3.56,semiten_r,Semitendinosus,0.006432753785514102,25.31313538747797,0.35122903053738574,0.02541271038551901,0.039744713175285606,-0.0018816833007421379,49.0,37.0
gregers,gwo,gwo_v1,36.76,38.26,3.56,bifemlh_r,Biceps femoris LH,0.0058069472922243305,23.37583015171441,0.5245086496134668,0.024841673020961963,0.03342908126149685,-0.001612674501213182,49.0,37.0
gregers,gwo,gwo_v1,36.76,38.26,3.56,bifemsh_r,Biceps femoris SH,0.0005865815975265433,23.294110507741728,0.8498543558960893,0.002518154094493519,0.005913224923825677,-0.00016462879732598163,28.0,28.0
gregers,gwo,gwo_v2,66.39,67.89,4.07,glut_med1_r,Glut. medius,0.004738804097547509,35.3885933704397,0.6890834788528516,0.013390767041636248,0.018269735988812652,0.002702371031632363,71.0,24.0
gregers,gwo,gwo_v2,66.39,67.89,4.07,rect_fem_r,Rect. femoris,0.004450266022708015,23.362378780743832,0.6595972011062085,0.01904885655897376,0.013154115325313187,0.0016345441984340937,44.0,27.0
gregers,gwo,gwo_v2,66.39,67.89,4.07,vas_lat_r,Vast. lateralis,0.002241081715473396,30.347243425252813,0.6989989451964377,0.007384795001210975,0.01622003033651881,0.0011474292572931071,46.0,66.0
gregers,gwo,gwo_v2,66.39,67.89,4.07,tib_ant_r,Tib. anterior,0.006654471526851676,26.903729813736877,0.6042177468139845,0.024734382826926637,0.031823673613934345,-0.0035324564775494408,90.0,66.0
gregers,gwo,gwo_v2,66.39,67.89,4.07,soleus_r,Soleus,0.005390304779087732,24.671704477996908,0.835233710241526,0.021848124777495592,0.015490977351407809,0.004150161944985963,64.0,63.0
gregers,gwo,gwo_v2,66.39,67.89,4.07,med_gas_r,Med. gastrocnemius,0.006166297507693933,27.23069540772949,0.7449100066403859,0.022644656757254966,0.01951795709400017,0.0045924836629357094,64.0,48.0
gregers,gwo,gwo_v2,66.39,67.89,4.07,semimem_r,Semimembranosus,0.00543733655785343,23.888281068973193,0.5612960429733025,0.022761522866187323,0.02514009990438032,0.0002552081609464082,4.0,66.0
gregers,gwo,gwo_v2,66.39,67.89,4.07,semiten_r,Semitendinosus,0.006992379556011999,31.667185621122734,0.3193171463798013,0.022080836736397325,0.03677898516847261,-0.0004414025814015688,4.0,66.0
gregers,gwo,gwo_v2,66.39,67.89,4.07,bifemlh_r,Biceps femoris LH,0.006066067862073199,28.340619247303394,0.4848014686557779,0.021404147203489154,0.029882869646724652,-0.0002888505464604055,4.0,66.0
gregers,gwo,gwo_v2,66.39,67.89,4.07,bifemsh_r,Biceps femoris SH,0.0009323070724224907,38.0568540151743,0.6550869875232306,0.002449774413961686,0.006264689340785251,-0.0005757356759774591,56.0,56.0
gregers,rd,rd_correct,23.099,24.599,,glut_med1_r,Glut. medius,0.003858111626224333,173.32488729943765,0.8559621363503609,0.002225942094258526,0.0054657536879273855,-0.003688921817365976,67.0,58.0
gregers,rd,rd_correct,23.099,24.599,,rect_fem_r,Rect. femoris,0.006879720131318373,174.08777434512044,0.7610354459694963,0.0039518686232840605,0.002600352864009059,0.006830741141992721,0.0,10.0
gregers,rd,rd_correct,23.099,24.599,,vas_lat_r,Vast. lateralis,0.0007511737718700533,25.00044520321029,0.9352214146962918,0.0030046415804371174,0.0029229742973161665,0.000683699799559778,0.0,13.0
gregers,rd,rd_correct,23.099,24.599,,tib_ant_r,Tib. anterior,0.003248127481435525,13.215797616166846,0.9205789067848007,0.024577612156091888,0.020481537411959905,-0.0006950035225316768,0.0,0.0
gregers,rd,rd_correct,23.099,24.599,,soleus_r,Soleus,0.0028058224992759248,10.542013463531164,0.9392393928725731,0.026615622423385554,0.023669452485417686,5.585084393877395e-06,54.0,60.0
gregers,rd,rd_correct,23.099,24.599,,med_gas_r,Med. gastrocnemius,0.0030564892464080774,10.74978927046667,0.9371936133778237,0.02843301547133853,0.025202065022788434,-0.00027097326333101485,55.0,60.0
gregers,rd,rd_correct,23.099,24.599,,semimem_r,Semimembranosus,0.006815546780898737,193.52875746949863,0.5318715381504203,0.003521723009032862,0.0013382739342084893,-0.006739301309047324,62.0,64.0
gregers,rd,rd_correct,23.099,24.599,,semiten_r,Semitendinosus,0.00732719455551184,208.37315446810925,0.023997711321304637,0.003516381260443624,0.0011528174038183403,-0.007217545777462315,62.0,74.0
gregers,rd,rd_correct,23.099,24.599,,bifemlh_r,Biceps femoris LH,0.007232511630168052,192.0653860277537,0.06136271930664631,0.0037656507399635997,0.001155145528250634,-0.0071133011156821946,52.0,64.0
gregers,rd,rd_correct,23.099,24.599,,bifemsh_r,Biceps femoris SH,0.0003604185797668503,24.95808641924533,0.9352375261167747,0.0014440954074464996,0.001401661321568215,-0.0003281550316762578,62.0,60.0
gregers,rd,rd_toes,63.724,65.22399999999999,,glut_med1_r,Glut. medius,0.0013173686126853451,36.66667446843411,0.9758075737083654,0.003592822724677286,0.005506117270098407,0.0010372660804953645,84.0,84.0
gregers,rd,rd_toes,63.724,65.22399999999999,,rect_fem_r,Rect. femoris,0.009197918529487781,346.7777935328181,0.7602290432527607,0.002652395482358738,0.0033552664063639104,0.009179809551612446,0.0,0.0
gregers,rd,rd_toes,63.724,65.22399999999999,,vas_lat_r,Vast. lateralis,0.0012055535588099734,56.5779015846616,0.8833801661899784,0.0021307852094974156,0.003364984811849381,0.0010415315277831456,0.0,2.0
gregers,rd,rd_toes,63.724,65.22399999999999,,tib_ant_r,Tib. anterior,0.00328202936340711,10.20567414573886,0.9865922374753786,0.032158868846282385,0.02362229611278427,7.160093348518689e-05,0.0,0.0
gregers,rd,rd_toes,63.724,65.22399999999999,,soleus_r,Soleus,0.0036743013967375487,10.809889503505623,0.9877145014776436,0.03399018459481923,0.027533277693004177,-0.0026616921502724995,82.0,80.0
gregers,rd,rd_toes,63.724,65.22399999999999,,med_gas_r,Med. gastrocnemius,0.0038927842543518363,10.943107195041248,0.9874683664322909,0.035572933582482036,0.02928828709195752,-0.002951585822075685,82.0,80.0
gregers,rd,rd_toes,63.724,65.22399999999999,,semimem_r,Semimembranosus,0.009872044817284776,371.050392164218,0.8363931038687807,0.002660567142835857,0.0018029788306050953,-0.009863826868927018,37.0,100.0
gregers,rd,rd_toes,63.724,65.22399999999999,,semiten_r,Semitendinosus,0.011193481100698469,352.96765589761026,0.8599170607354076,0.003171248388817105,0.0023812131414153725,-0.011183690845757455,29.0,42.0
gregers,rd,rd_toes,63.724,65.22399999999999,,bifemlh_r,Biceps femoris LH,0.011403372904019526,364.57486197296976,0.6671668277088402,0.003127854960242704,0.0021001651713259406,-0.011385308111678732,37.0,43.0
gregers,rd,rd_toes,63.724,65.22399999999999,,bifemsh_r,Biceps femoris SH,0.0005817182665647607,57.08274046077456,0.887141757629643,0.0010190790804174843,0.0016340941163164868,-0.0005018251183308174,98.0,90.0
gregers,rd,rd_supination,101.907,103.407,,glut_med1_r,Glut. medius,0.002724479188365798,63.58918104958674,0.8862968535789855,0.004284501142169536,0.005185702052500879,-0.0026303948404677226,91.0,100.0
gregers,rd,rd_supination,101.907,103.407,,rect_fem_r,Rect. femoris,0.006375030102876428,324.31028912330197,-0.10868882720894994,0.001965719348624384,0.005278595970577504,0.006177383665436268,86.0,52.0
gregers,rd,rd_supination,101.907,103.407,,vas_lat_r,Vast. lateralis,0.0018374195802596071,102.66692284518048,0.8385119010467837,0.001789689930641436,0.004731608322601749,0.001527638779036318,24.0,34.0
gregers,rd,rd_supination,101.907,103.407,,tib_ant_r,Tib. anterior,0.005951259747228343,16.755269833885116,0.9294940568521028,0.03551873414293083,0.025349295783177572,0.0041674293119807505,2.0,20.0
gregers,rd,rd_supination,101.907,103.407,,soleus_r,Soleus,0.004283765928255947,14.166035429450584,0.96088223012939,0.030239695146817014,0.024621369662865766,-0.0033137959114708185,100.0,98.0
gregers,rd,rd_supination,101.907,103.407,,med_gas_r,Med. gastrocnemius,0.005304939012963181,16.370272564290048,0.9570842376691112,0.03240592966384276,0.027871629983084012,-0.004407452964070723,100.0,98.0
gregers,rd,rd_supination,101.907,103.407,,semimem_r,Semimembranosus,0.006154966004397631,231.4222237116057,-0.1921149014076512,0.002659626161084616,0.0031919748012477767,-0.006058877702155786,10.0,100.0
gregers,rd,rd_supination,101.907,103.407,,semiten_r,Semitendinosus,0.006778055490766414,192.72936902780603,-0.12127815756522335,0.0035168773316476276,0.003112543706491111,-0.006658077686308249,10.0,100.0
gregers,rd,rd_supination,101.907,103.407,,bifemlh_r,Biceps femoris LH,0.006569319733340486,167.37553542485645,0.5281034733115161,0.0039248984128207876,0.0028207786968127424,-0.006499840711983096,10.0,14.0
gregers,rd,rd_supination,101.907,103.407,,bifemsh_r,Biceps femoris SH,0.0008829157171587299,102.07954344757286,0.8388055569744524,0.000864929139903714,0.0022979769110866854,-0.0007321695554826481,100.0,98.0
gregers,rd,rd_pronation,148.038,149.538,,glut_med1_r,Glut. medius,0.0013843834348138213,22.109346249323806,0.27684611756490735,0.006261530391728165,0.002238206650796659,0.00022066273940229137,0.0,100.0
gregers,rd,rd_pronation,148.038,149.538,,rect_fem_r,Rect. femoris,0.006522839731261541,82.83646084093802,0.9247454758761958,0.007874358301939832,0.006113049455477082,0.006485220928471325,0.0,0.0
gregers,rd,rd_pronation,148.038,149.538,,vas_lat_r,Vast. lateralis,0.0005696163171930407,12.782040180948206,0.9318507023811247,0.004456380273644117,0.005030645871851092,-0.00030530820066091335,0.0,0.0
gregers,rd,rd_pronation,148.038,149.538,,tib_ant_r,Tib. anterior,0.009178974494465043,29.03348120230586,0.9901400025510727,0.03161513574795172,0.02623585835458908,-0.00892139021395748,38.0,0.0
gregers,rd,rd_pronation,148.038,149.538,,soleus_r,Soleus,0.0028122280641420232,7.922695452192315,0.9943142017290244,0.03549584962733665,0.031085192526985717,0.0016177924511813339,90.0,92.0
gregers,rd,rd_pronation,148.038,149.538,,med_gas_r,Med. gastrocnemius,0.0034482028388484764,9.359447194075802,0.992979816779283,0.03684194982189831,0.03395403700920818,0.002567314645859543,90.0,92.0
gregers,rd,rd_pronation,148.038,149.538,,semimem_r,Semimembranosus,0.007187344298269226,96.03072912389976,0.8417510617862453,0.007484421251239326,0.004425750709997622,-0.007132790972944396,34.0,48.0
gregers,rd,rd_pronation,148.038,149.538,,semiten_r,Semitendinosus,0.008146007078470805,84.03618109638138,0.8585782948323134,0.009693452239492084,0.005386911133144656,-0.008067463404686294,34.0,48.0
gregers,rd,rd_pronation,148.038,149.538,,bifemlh_r,Biceps femoris LH,0.00829614339130443,95.235117419369,0.7716424239468624,0.008711222935518903,0.004200994600432939,-0.008209701018516816,34.0,48.0
gregers,rd,rd_pronation,148.038,149.538,,bifemsh_r,Biceps femoris SH,0.000277363514099132,12.85926775296081,0.9309222090450539,0.002156915303635931,0.002447547417918583,0.00014830378682997554,29.0,92.0
gregers,rgs,rgs_correct,18.073,19.573,,glut_med1_r,Glut. medius,0.0038568010365735163,71.57615743351461,0.9307293806754924,0.005388387942110481,0.012936625840610866,-0.002550719818451864,93.0,94.0
gregers,rgs,rgs_correct,18.073,19.573,,rect_fem_r,Rect. femoris,0.00968149196144852,17.603259038163912,0.9952950186547692,0.05499829287553526,0.05133804647547663,0.009472266061342527,100.0,100.0
gregers,rgs,rgs_correct,18.073,19.573,,vas_lat_r,Vast. lateralis,0.0034833931260507033,9.46777673543664,0.9857220459958734,0.03679209199148964,0.03800336749168323,0.0025354445262959096,100.0,100.0
gregers,rgs,rgs_correct,18.073,19.573,,tib_ant_r,Tib. anterior,0.003847430148435228,24.879663322678372,0.6580468419374607,0.01546415680363411,0.018361640122315614,-0.0011666956257341777,26.0,25.0
gregers,rgs,rgs_correct,18.073,19.573,,soleus_r,Soleus,0.0020310259639223787,9.234409342542605,0.961321014475674,0.021994107999582735,0.024363575766119583,0.00016573493093429158,50.0,52.0
gregers,rgs,rgs_correct,18.073,19.573,,med_gas_r,Med. gastrocnemius,0.0025766791302185,11.69937649255595,0.9328273359468453,0.022024072238875148,0.02510615999514354,-0.0003091981653000735,48.0,52.0
gregers,rgs,rgs_correct,18.073,19.573,,semimem_r,Semimembranosus,0.008151113260536256,27.329535023922197,0.9748075130076697,0.029825290673263893,0.02181818837397037,-0.007526288733180575,53.0,56.0
gregers,rgs,rgs_correct,18.073,19.573,,semiten_r,Semitendinosus,0.00987457665271058,28.085218538572963,0.9618881214907938,0.03515933706959973,0.024279616613851474,-0.008924227645558095,53.0,54.0
gregers,rgs,rgs_correct,18.073,19.573,,bifemlh_r,Biceps femoris LH,0.009344458423046553,24.569504443575237,0.9819475936035973,0.03803275090267466,0.02747547654388427,-0.008454540735043283,52.0,54.0
gregers,rgs,rgs_correct,18.073,19.573,,bifemsh_r,Biceps femoris SH,0.000853986207032666,12.523856124644137,0.957505129607836,0.006818875899989085,0.0049936690944376305,0.00024070472750523016,18.0,58.0
gregers,rgs,rgs_flexion,92.002,93.502,,glut_med1_r,Glut. medius,0.00488241146728796,129.66846657161796,-0.36143894308038965,0.0037653036211323793,0.011875066131965387,0.0004701397558111586,28.0,67.0
gregers,rgs,rgs_flexion,92.002,93.502,,rect_fem_r,Rect. femoris,0.010812105813580417,22.084595144499495,0.9956245191975795,0.04895768178151699,0.04737723736995253,0.010725482781781783,0.0,1.0
gregers,rgs,rgs_flexion,92.002,93.502,,vas_lat_r,Vast. lateralis,0.006818366763197524,27.948955202432774,0.6712675003096943,0.024395784077839267,0.019999676101589065,-0.0030323469882012942,57.0,2.0
gregers,rgs,rgs_flexion,92.002,93.502,,tib_ant_r,Tib. anterior,0.008206763230255635,36.81182687759429,0.9812568985201446,0.02229382219346121,0.010349901374184678,-0.006926958921327536,51.0,88.0
gregers,rgs,rgs_flexion,92.002,93.502,,soleus_r,Soleus,0.011125248516294192,36.01297288230723,0.9851809596822975,0.030892335805356136,0.015857373803726565,0.009589337656995156,0.0,3.0
gregers,rgs,rgs_flexion,92.002,93.502,,med_gas_r,Med. gastrocnemius,0.010624528153371506,42.760068909543456,0.8969680314718286,0.024846845256136285,0.009903544982656443,0.008688756247766381,0.0,3.0
gregers,rgs,rgs_flexion,92.002,93.502,,semimem_r,Semimembranosus,0.009742156949620957,30.799492194476986,0.956221974152705,0.03163090121131262,0.025473474647680572,-0.00934340754750455,94.0,94.0
gregers,rgs,rgs_flexion,92.002,93.502,,semiten_r,Semitendinosus,0.013029857541893137,32.79496193754967,0.9348304227363864,0.039731278135664405,0.029500885167694002,-0.012332272736162173,93.0,94.0
gregers,rgs,rgs_flexion,92.002,93.502,,bifemlh_r,Biceps femoris LH,0.013201562994303927,29.50002784415816,0.9654887925830239,0.04475101875850673,0.03447709486908984,-0.012562064780251608,92.0,87.0
gregers,rgs,rgs_flexion,92.002,93.502,,bifemsh_r,Biceps femoris SH,0.0038522082265255724,17.878947181425485,0.9958403715633194,0.021546057424050385,0.015927687131378293,0.0034221182923292494,0.0,13.0
gregers,rgs,rgs_abduction,171.819,173.319,,glut_med1_r,Glut. medius,0.006807095410174653,37.561132861920996,0.9489935029145768,0.018122710609390594,0.015365719629417574,-0.00645360932888557,15.0,20.0
gregers,rgs,rgs_abduction,171.819,173.319,,rect_fem_r,Rect. femoris,0.018140200661090802,91.84201018343413,0.971136523274712,0.019751528330945456,0.02839326486657523,0.017674144505208274,84.0,93.0
gregers,rgs,rgs_abduction,171.819,173.319,,vas_lat_r,Vast. lateralis,0.010974826275314244,36.634659993481186,0.9969931390308817,0.02995749456189062,0.03573654385646005,0.010594730712212631,98.0,100.0
gregers,rgs,rgs_abduction,171.819,173.319,,tib_ant_r,Tib. anterior,0.006867581801366429,22.87665853126502,0.9694616988807333,0.03002003894922267,0.018460641270938438,-0.004671433062580885,61.0,70.0
gregers,rgs,rgs_abduction,171.819,173.319,,soleus_r,Soleus,0.006047762521546293,17.717735586760384,0.9742970343593398,0.03413394726392405,0.023823804537846993,0.0036768610620343907,24.0,28.0
gregers,rgs,rgs_abduction,171.819,173.319,,med_gas_r,Med. gastrocnemius,0.00587761262652845,15.358018850355098,0.9696529318446528,0.038270643393516546,0.02881624015042794,0.0024786355513791666,24.0,28.0
gregers,rgs,rgs_abduction,171.819,173.319,,semimem_r,Semimembranosus,0.00896013801589439,54.05685763203958,0.9276966500396124,0.01657539562674043,0.010417121099699944,-0.00858749758903594,96.0,92.0
gregers,rgs,rgs_abduction,171.819,173.319,,semiten_r,Semitendinosus,0.010710174098501377,52.23513584881332,0.9292734444254477,0.020503773799881275,0.011561385509613775,-0.01017259891841641,95.0,92.0
gregers,rgs,rgs_abduction,171.819,173.319,,bifemlh_r,Biceps femoris LH,0.010967062231971511,66.72063834987873,0.7978261645553532,0.016437286127960804,0.005491166543047266,-0.01044238893567368,95.0,68.0
gregers,rgs,rgs_abduction,171.819,173.319,,bifemsh_r,Biceps femoris SH,0.0014679592854300902,75.34474011724569,-0.034402259453608586,0.001948323510235439,0.003370087332478844,-0.0004889921495598095,50.0,5.0
gregers,rgs,rgs_stork,253.105,254.605,,glut_med1_r,Glut. medius,0.009288461009967755,130.1721869731536,-0.38016314063468665,0.007135518904574742,0.022732427870176375,0.0006991066504778404,24.0,54.0
gregers,rgs,rgs_stork,253.105,254.605,,rect_fem_r,Rect. femoris,0.012729982469653399,16.044871245212768,0.9154576681280315,0.0793398854693308,0.08599984447587816,-0.004284871241155142,0.0,0.0
gregers,rgs,rgs_stork,253.105,254.605,,vas_lat_r,Vast. lateralis,0.013303721025798052,17.557892609943217,0.9149853082121752,0.07577060255092355,0.058200179581030104,-0.008880232872851048,70.0,70.0
gregers,rgs,rgs_stork,253.105,254.605,,tib_ant_r,Tib. anterior,0.007898502463814374,25.008316441966222,0.9655057287391907,0.031583503360346044,0.021048953299166673,-0.006407295179504951,98.0,100.0
gregers,rgs,rgs_stork,253.105,254.605,,soleus_r,Soleus,0.005748079858170777,15.74502101966683,0.9857033757220401,0.036507286023886226,0.02587605594864001,0.00327451527160164,16.0,0.0
gregers,rgs,rgs_stork,253.105,254.605,,med_gas_r,Med. gastrocnemius,0.00797137363894424,23.935007296374284,0.9446447070438335,0.033304245702702406,0.020992766719540257,0.005020579896769497,8.0,14.0
gregers,rgs,rgs_stork,253.105,254.605,,semimem_r,Semimembranosus,0.010011260541393136,35.11418862795661,0.5740431639395359,0.028510584844960773,0.03422892931659094,0.004126217180802256,100.0,100.0
gregers,rgs,rgs_stork,253.105,254.605,,semiten_r,Semitendinosus,0.011773464932024864,29.967632641521043,0.7227218471571799,0.03928727061246867,0.04263905177133592,0.004968943096103019,100.0,100.0
gregers,rgs,rgs_stork,253.105,254.605,,bifemlh_r,Biceps femoris LH,0.009308717530243557,17.503934663212835,0.9125234820772958,0.05318071456132223,0.055884652657482825,0.0017855374256390052,100.0,94.0
gregers,rgs,rgs_stork,253.105,254.605,,bifemsh_r,Biceps femoris SH,0.007959135786115925,15.116510902599481,0.9955194782011338,0.05265193692776848,0.04149184739285541,0.006264683141860081,23.0,26.0
hamit,ng,ng_v0,13.28,14.78,4.07,glut_med1_r,Glut. medius,0.013476831712544064,391.2412360368244,-0.23835432624724037,0.003444634785704337,0.04995990514834152,0.0054689430301842566,24.0,100.0
hamit,ng,ng_v0,13.28,14.78,4.07,rect_fem_r,Rect. femoris,0.016281598344405533,30.939240033171583,0.8511664108089544,0.05262442880610246,0.10688469987869886,-0.006763845597456316,2.0,1.0
hamit,ng,ng_v0,13.28,14.78,4.07,vas_lat_r,Vast. lateralis,0.004767057012423332,10.95868128567701,0.9690114216690531,0.0435002797157161,0.05570569532641284,-0.002403698751256364,0.0,1.0
hamit,ng,ng_v0,13.28,14.78,4.07,tib_ant_r,Tib. anterior,0.005133709793832334,32.44994944087538,0.569474905013562,0.015820393813512967,0.012723472586474827,-0.0037666106959913606,0.0,1.0
hamit,ng,ng_v0,13.28,14.78,4.07,soleus_r,Soleus,0.0027358567841032186,23.995293422445897,0.7296729153685799,0.01140163921289672,0.008007103762856127,0.001899245113267059,31.0,93.0
hamit,ng,ng_v0,13.28,14.78,4.07,med_gas_r,Med. gastrocnemius,0.003668731931864739,23.503344231120778,0.7578265112005365,0.0156094039034963,0.014695084415943693,0.0025566064950559727,31.0,93.0
hamit,ng,ng_v0,13.28,14.78,4.07,semimem_r,Semimembranosus,0.012570527804828641,67.0280223850123,0.6615608733614974,0.018754137982205266,0.06291710206406137,0.005072945148262073,29.0,93.0
hamit,ng,ng_v0,13.28,14.78,4.07,semiten_r,Semitendinosus,0.016733181454075624,67.0310611766317,0.6797509145301792,0.024963324704024126,0.08365426755025707,0.006335234379238755,29.0,93.0
hamit,ng,ng_v0,13.28,14.78,4.07,bifemlh_r,Biceps femoris LH,0.014004175759221348,54.613048942330366,0.7264599220959242,0.025642545198326705,0.07539792622688707,0.0055651286837667315,29.0,93.0
hamit,ng,ng_v0,13.28,14.78,4.07,bifemsh_r,Biceps femoris SH,0.0009566471452060025,21.013616832556966,0.7520464471487551,0.0045525106545382665,0.004563378862340539,-0.00014994444983620984,94.0,41.0
hamit,ng,ng_v1,45.56,47.06,4.59,glut_med1_r,Glut. medius,0.0019737271792671057,12.800306244397003,0.9339423631053744,0.015419374674188385,0.01906969391998578,0.0006003671563241437,13.0,16.0
hamit,ng,ng_v1,45.56,47.06,4.59,rect_fem_r,Rect. femoris,0.004460047235697236,7.284088782692757,0.9755751523861458,0.061229995525239334,0.06989946577629486,0.00031434117235801967,38.0,39.0
hamit,ng,ng_v1,45.56,47.06,4.59,vas_lat_r,Vast. lateralis,0.004131590813847383,8.098854150436143,0.9723694393202642,0.05101451065920093,0.055132933305425375,0.0010686446693522532,77.0,78.0
hamit,ng,ng_v1,45.56,47.06,4.59,tib_ant_r,Tib. anterior,0.0035084186592626316,13.029749902294546,0.8618567292777704,0.026926216432172634,0.01981961707970753,0.0018860710020702275,50.0,51.0
hamit,ng,ng_v1,45.56,47.06,4.59,soleus_r,Soleus,0.0020325619088579646,7.64643721690263,0.9150662884286115,0.02658181648787933,0.021498367998794066,9.060108734859463e-05,40.0,39.0
hamit,ng,ng_v1,45.56,47.06,4.59,med_gas_r,Med. gastrocnemius,0.0024491220215729008,10.929829324532708,0.8587369154189897,0.022407687703555335,0.016037429534909664,0.0002278214265636594,41.0,41.0
hamit,ng,ng_v1,45.56,47.06,4.59,semimem_r,Semimembranosus,0.0019355590675290742,5.672209697166742,0.990032210902326,0.034123545687950896,0.03814173560622286,0.0010268194538026495,68.0,69.0
hamit,ng,ng_v1,45.56,47.06,4.59,semiten_r,Semitendinosus,0.0023967701192422657,5.703625430370204,0.9884174998663754,0.042021870974909004,0.04801238001656838,0.0009482665903970317,68.0,68.0
hamit,ng,ng_v1,45.56,47.06,4.59,bifemlh_r,Biceps femoris LH,0.0025001164975303847,6.102571986050983,0.9832732331025918,0.04096824262368476,0.04550057125635665,0.0009001884295543478,67.0,68.0
hamit,ng,ng_v1,45.56,47.06,4.59,bifemsh_r,Biceps femoris SH,0.0006885226149847767,20.459916536949425,0.8042254543817445,0.003365226899832874,0.004608041196571044,-0.0001779814748809561,48.0,49.0
hamit,ng,ng_v2,75.55,77.05,5.13,glut_med1_r,Glut. medius,0.002252897973856072,13.600736331960938,0.9398326197633079,0.016564529440673686,0.01972010903020506,-0.000641661285585307,38.0,38.0
hamit,ng,ng_v2,75.55,77.05,5.13,rect_fem_r,Rect. femoris,0.003995635332815434,6.274565749177334,0.9899437074128632,0.0636798703295014,0.07527486734254363,0.0009013848963365832,63.0,64.0
hamit,ng,ng_v2,75.55,77.05,5.13,vas_lat_r,Vast. lateralis,0.003296052180421161,6.551295556692447,0.9865482180334174,0.05031145598452039,0.054105750144363085,0.00045601081322756707,100.0,100.0
hamit,ng,ng_v2,75.55,77.05,5.13,tib_ant_r,Tib. anterior,0.004626728101913866,14.610116596226854,0.8643092809928823,0.03166797521046988,0.019707235515972366,0.0017912120393333624,74.0,0.0
hamit,ng,ng_v2,75.55,77.05,5.13,soleus_r,Soleus,0.0027315673584533103,8.729252946405138,0.9222038620825895,0.031292109132640245,0.021706513939830474,9.804989772059802e-05,60.0,60.0
hamit,ng,ng_v2,75.55,77.05,5.13,med_gas_r,Med. gastrocnemius,0.002990350802755408,10.263716197907051,0.8797729472578428,0.02913516649422937,0.01845609993521702,-0.00011083321800528429,12.0,14.0
hamit,ng,ng_v2,75.55,77.05,5.13,semimem_r,Semimembranosus,0.002085612151598633,5.640623805470738,0.9881363598476088,0.036974849299040935,0.04243614352289765,-0.000647712846135351,19.0,19.0
hamit,ng,ng_v2,75.55,77.05,5.13,semiten_r,Semitendinosus,0.0027620588985688118,6.112932710548056,0.9863200325260307,0.045183859030589246,0.05208403750968543,-0.0005518000929297085,18.0,19.0
hamit,ng,ng_v2,75.55,77.05,5.13,bifemlh_r,Biceps femoris LH,0.002305661313456376,5.218205219653187,0.9896772729950353,0.044184948970052484,0.049688146859720506,-0.000684573576801123,18.0,18.0
hamit,ng,ng_v2,75.55,77.05,5.13,bifemsh_r,Biceps femoris SH,0.0005105290352953943,14.250258011741465,0.8940905379866334,0.003582595030032054,0.0036642133679372635,-0.00013977821752910328,92.0,19.0
hamit,gwo,gwo_v0,8.13,9.63,4.08,glut_med1_r,Glut. medius,0.0010982849865959466,49.27167970761444,0.5959810844924334,0.002229039060801935,0.004256577029263867,-0.0005228918840270152,98.0,100.0
hamit,gwo,gwo_v0,8.13,9.63,4.08,rect_fem_r,Rect. femoris,0.003921629839422705,71.50989652929738,-0.8509293686368088,0.005484037916089035,0.008795772544904268,-0.00021964954625849277,1.0,85.0
hamit,gwo,gwo_v0,8.13,9.63,4.08,vas_lat_r,Vast. lateralis,0.00239994924458527,324.10267786098177,0.8000905566968575,0.000740490408911304,0.008094289113120684,0.0005994103423948013,86.0,88.0
hamit,gwo,gwo_v0,8.13,9.63,4.08,tib_ant_r,Tib. anterior,0.0061054718495793005,209.12885540787957,0.6013223084532393,0.0029194784419736552,0.0032728576987006153,-0.006054222687774833,60.0,57.0
hamit,gwo,gwo_v0,8.13,9.63,4.08,soleus_r,Soleus,0.0032694116827021035,242.64344475591037,-0.19288594070546164,0.0013474139744393265,0.001598795587284596,0.0032282162519641526,96.0,0.0
hamit,gwo,gwo_v0,8.13,9.63,4.08,med_gas_r,Med. gastrocnemius,0.003468017559188507,259.63834183964883,-0.44863510675651075,0.0013357108717518829,0.0022704421371773087,0.003392584337180593,96.0,0.0
hamit,gwo,gwo_v0,8.13,9.63,4.08,semimem_r,Semimembranosus,0.002337415718942473,33.98548125993959,-0.4778757804789159,0.0068776890374587785,0.0031666984738840664,0.0006361881183898987,100.0,100.0
hamit,gwo,gwo_v0,8.13,9.63,4.08,semiten_r,Semitendinosus,0.0028758190538794685,38.2404869909529,-0.6763414380674095,0.007520351544058113,0.003082030101671185,0.0009899099714234215,100.0,100.0
hamit,gwo,gwo_v0,8.13,9.63,4.08,bifemlh_r,Biceps femoris LH,0.0025056184228687424,29.83414901623349,-0.3785096438635474,0.008398491344617787,0.003301513117052679,0.0005651871241306332,100.0,100.0
hamit,gwo,gwo_v0,8.13,9.63,4.08,bifemsh_r,Biceps femoris SH,0.00037903897529221656,346.60493921658735,0.797644909401027,0.00010935763816549704,0.0012784704844189254,-0.00010273768461691722,51.0,0.0
hamit,gwo,gwo_v1,49.29,50.79,4.6,glut_med1_r,Glut. medius,0.002693076592447707,24.885053631328642,0.6141034942659561,0.010822064651117735,0.010838872296832933,0.001090656217044374,7.0,10.0
hamit,gwo,gwo_v1,49.29,50.79,4.6,rect_fem_r,Rect. femoris,0.00830696194057139,23.50690168334608,0.8686737488663104,0.0353383957293556,0.04649005281340868,-0.00532154286571356,31.0,32.0
hamit,gwo,gwo_v1,49.29,50.79,4.6,vas_lat_r,Vast. lateralis,0.0065458290233274975,62.918171849040206,0.612918194362746,0.010403717766995724,0.02372970152927828,-0.002672433807101269,21.0,77.0
hamit,gwo,gwo_v1,49.29,50.79,4.6,tib_ant_r,Tib. anterior,0.005937340109681464,26.89411340786938,0.6140887550236044,0.02207672742223271,0.014647165877100077,-0.00200384050608352,87.0,3.0
hamit,gwo,gwo_v1,49.29,50.79,4.6,soleus_r,Soleus,0.0033639839654996248,27.02162918696954,0.41651420609698964,0.012449227032994059,0.01038300783463908,-0.0003138276259811396,62.0,28.0
hamit,gwo,gwo_v1,49.29,50.79,4.6,med_gas_r,Med. gastrocnemius,0.004020811231848678,31.091206966738206,0.1485815915819269,0.012932309884753579,0.009030940814745758,0.00015775462539555551,62.0,28.0
hamit,gwo,gwo_v1,49.29,50.79,4.6,semimem_r,Semimembranosus,0.004337459535278806,11.75749715618758,0.9774964026785655,0.036891010711375294,0.038498894991773225,0.003500243237222221,68.0,70.0
hamit,gwo,gwo_v1,49.29,50.79,4.6,semiten_r,Semitendinosus,0.005315390603898802,12.16346742968935,0.9726211259178088,0.043699632811320444,0.045110837072354026,0.004167698730905509,67.0,70.0
hamit,gwo,gwo_v1,49.29,50.79,4.6,bifemlh_r,Biceps femoris LH,0.005362484230410084,12.285936401315519,0.9679091214404271,0.04364733834887746,0.043447716740668885,0.00413910969585897,67.0,70.0
hamit,gwo,gwo_v1,49.29,50.79,4.6,bifemsh_r,Biceps femoris SH,0.0006849175565739943,50.34189561518127,0.5825582819513031,0.0013605319152253936,0.002441800994493759,0.00023681263617156251,7.0,89.0
hamit,gwo,gwo_v2,78.95,80.45,5.14,glut_med1_r,Glut. medius,0.003081544883153901,45.99358528584402,0.5887626714738081,0.0066999449249335735,0.010681126969813798,-0.00201603207087646,50.0,55.0
hamit,gwo,gwo_v2,78.95,80.45,5.14,rect_fem_r,Rect. femoris,0.00419721788358659,13.893647287140304,0.906862210555551,0.03020961880521794,0.03141820351740893,-0.0012009072711678457,73.0,0.0
hamit,gwo,gwo_v2,78.95,80.45,5.14,vas_lat_r,Vast. lateralis,0.003700324602452468,51.47614985924205,0.7594061474685871,0.007188425343718885,0.020488105095190806,0.00026074654103254777,64.0,0.0
hamit,gwo,gwo_v2,78.95,80.45,5.14,tib_ant_r,Tib. anterior,0.0034077983097066805,22.342144329248505,0.6648123323346065,0.015252780840939562,0.012013198194683383,0.0009421225198450594,46.0,46.0
hamit,gwo,gwo_v2,78.95,80.45,5.14,soleus_r,Soleus,0.002383885172304737,22.74112866283261,0.6884464494277646,0.010482703860696607,0.009912427475156027,-0.0011761498509134903,28.0,71.0
hamit,gwo,gwo_v2,78.95,80.45,5.14,med_gas_r,Med. gastrocnemius,0.0025859452702585014,25.26435298500002,0.5942831848217086,0.010235549162069701,0.008907200768796364,-0.001177352235055074,100.0,71.0
hamit,gwo,gwo_v2,78.95,80.45,5.14,semimem_r,Semimembranosus,0.0024972685782858263,7.463534848078725,0.9866720631089514,0.033459595608757386,0.03358170673865141,0.0017357755096977267,33.0,35.0
hamit,gwo,gwo_v2,78.95,80.45,5.14,semiten_r,Semitendinosus,0.0033761737533028985,8.690014546288937,0.982071398016857,0.03885118644300417,0.03908602786922477,0.0023815295250033657,33.0,35.0
hamit,gwo,gwo_v2,78.95,80.45,5.14,bifemlh_r,Biceps femoris LH,0.003533412923825246,9.102609686434947,0.9816373957606215,0.03881758139197017,0.03793745911993274,0.002426159494916643,33.0,35.0
hamit,gwo,gwo_v2,78.95,80.45,5.14,bifemsh_r,Biceps femoris SH,0.00046647298301121925,51.40398634666629,0.7303824036800853,0.0009074646076382975,0.002403274327863303,-7.946480227526597e-05,50.0,8.0
hamit,rd,rd_correct,39.659,41.159,,glut_med1_r,Glut. medius,0.0047887922946040695,847.1597287615326,0.5100962183647002,0.0005652761966866426,0.0020107648403745876,0.00475713571550164,0.0,100.0
hamit,rd,rd_correct,39.659,41.159,,rect_fem_r,Rect. femoris,0.004591242256544115,46.526483631136216,0.9805579197968393,0.009868019025344066,0.008023874161711964,0.004551932630268902,0.0,5.0
hamit,rd,rd_correct,39.659,41.159,,vas_lat_r,Vast. lateralis,0.0024854719435858036,34.61177192627336,0.9704020355759385,0.0071810017380217195,0.006147068686296192,-0.002436449378300718,0.0,5.0
hamit,rd,rd_correct,39.659,41.159,,tib_ant_r,Tib. anterior,0.006473084475332059,25.073207437613064,0.9948187800192386,0.025816738809497475,0.019413752879849533,-0.006235943727472455,0.0,0.0
hamit,rd,rd_correct,39.659,41.159,,soleus_r,Soleus,0.0037384415907660193,15.905276133359669,0.9950940128329341,0.023504411739982467,0.018770986466605688,0.0035569373723746177,100.0,100.0
hamit,rd,rd_correct,39.659,41.159,,med_gas_r,Med. gastrocnemius,0.004320643697461018,17.39730748976951,0.9952387681217927,0.02483512865425741,0.01971724151956694,0.0041360899647007,100.0,100.0
hamit,rd,rd_correct,39.659,41.159,,semimem_r,Semimembranosus,0.0073430136439922985,159.26335561471564,0.990171451887414,0.004610610906476353,0.0036291040741037173,-0.007338859939657677,99.0,100.0
hamit,rd,rd_correct,39.659,41.159,,semiten_r,Semitendinosus,0.008637928598782712,148.32420570886254,0.9890815080809953,0.005823681008437442,0.004389269335244639,-0.008630970422718315,99.0,100.0
hamit,rd,rd_correct,39.659,41.159,,bifemlh_r,Biceps femoris LH,0.009334747560634406,168.10228516784053,0.9871918525452309,0.005553016457399251,0.004180424144399841,-0.009328385019046165,99.0,100.0
hamit,rd,rd_correct,39.659,41.159,,bifemsh_r,Biceps femoris SH,0.0004055741839788888,32.299070754769936,0.972426231499158,0.0012556837534373755,0.0010022667050264555,0.0003957740686430973,99.0,62.0
hamit,rd,rd_toes,102.484,103.984,,glut_med1_r,Glut. medius,0.006115670821917919,675.2645147125831,0.8177922984774777,0.0009056703985875769,0.0012087329157399601,0.006112708733507803,100.0,100.0
hamit,rd,rd_toes,102.484,103.984,,rect_fem_r,Rect. femoris,0.006103223191360382,276.30988279079554,0.6892348230049281,0.0022088327531814556,0.0014000607140782217,0.006085341757079466,0.0,7.0
hamit,rd,rd_toes,102.484,103.984,,vas_lat_r,Vast. lateralis,0.0007733382355537415,67.51833205583276,-0.2866621957883433,0.0011453752070093304,0.0016675653892737619,-0.0004385548146816362,24.0,79.0
hamit,rd,rd_toes,102.484,103.984,,tib_ant_r,Tib. anterior,0.004534795681060314,12.895528049650448,0.992041153500029,0.03516564551370377,0.021575965883133263,0.0012644294224709793,0.0,0.0
hamit,rd,rd_toes,102.484,103.984,,soleus_r,Soleus,0.0024595106096299882,8.889705032371426,0.9915220342048187,0.027666954085358297,0.019945076399480788,-0.00035041117759378057,100.0,92.0
hamit,rd,rd_toes,102.484,103.984,,med_gas_r,Med. gastrocnemius,0.0027109008146901682,9.446166433369104,0.9915395736020095,0.028698423151997,0.020205753003011084,-0.00037871320091294934,100.0,92.0
hamit,rd,rd_toes,102.484,103.984,,semimem_r,Semimembranosus,0.007497263656480036,481.48283396631274,0.9731761479694984,0.001557119616232172,0.0019069173242082793,-0.007494470318551575,82.0,80.0
hamit,rd,rd_toes,102.484,103.984,,semiten_r,Semitendinosus,0.008741504837005516,483.72137046095213,0.9656736832595367,0.0018071363745363334,0.0021452794936326347,-0.008738547842368117,82.0,80.0
hamit,rd,rd_toes,102.484,103.984,,bifemlh_r,Biceps femoris LH,0.009860945575565591,528.1524322785236,0.9673605015676755,0.001867064311911637,0.0021068314432384216,-0.00985832585958288,82.0,80.0
hamit,rd,rd_toes,102.484,103.984,,bifemsh_r,Biceps femoris SH,0.00011096098275796672,66.78209385908983,-0.2885712201388689,0.0001661537941474167,0.00023861281624559805,6.264483824470197e-05,10.0,12.0
hamit,rd,rd_supination,162.66,164.16,,glut_med1_r,Glut. medius,0.00890376946273573,426.05820881799303,0.7350376111793525,0.0020898011770357217,0.0007834783825685365,0.008891273735055437,100.0,72.0
hamit,rd,rd_supination,162.66,164.16,,rect_fem_r,Rect. femoris,0.007385548745711709,91.00720643940218,0.9725099662493836,0.00811534496515881,0.009936388364044035,0.007295220995293036,0.0,4.0
hamit,rd,rd_supination,162.66,164.16,,vas_lat_r,Vast. lateralis,0.0008603634959420248,13.677661131504173,0.9593787698752394,0.006290282290736998,0.0056734964732013116,0.0006724340188780603,0.0,7.0
hamit,rd,rd_supination,162.66,164.16,,tib_ant_r,Tib. anterior,0.0049225131946320794,14.190766919417818,0.9745909800787614,0.03468814069447085,0.024402341158946295,-0.00376222180977645,0.0,0.0
hamit,rd,rd_supination,162.66,164.16,,soleus_r,Soleus,0.00535939213941044,20.75426155839888,0.9893938290480576,0.025823092401192127,0.019062013318334514,0.004971912637138896,100.0,99.0
hamit,rd,rd_supination,162.66,164.16,,med_gas_r,Med. gastrocnemius,0.005221263914057536,18.669563033283897,0.9880608227125779,0.027966717296752597,0.020385411676441256,0.004736698679329736,100.0,99.0
hamit,rd,rd_supination,162.66,164.16,,semimem_r,Semimembranosus,0.0077600487832915205,243.45834789273155,0.9778052753298784,0.003187423577979187,0.006058972964980369,-0.007679982870660974,94.0,90.0
hamit,rd,rd_supination,162.66,164.16,,semiten_r,Semitendinosus,0.00927563322750886,223.89465109208007,0.9762639817290041,0.004142856107667403,0.007825505618137552,-0.009162804340995038,94.0,90.0
hamit,rd,rd_supination,162.66,164.16,,bifemlh_r,Biceps femoris LH,0.01073507071966225,294.86713541578524,0.9782150805838328,0.003640646728746144,0.0070611452483172465,-0.01065663580174219,94.0,90.0
hamit,rd,rd_supination,162.66,164.16,,bifemsh_r,Biceps femoris SH,0.00011921603928104226,13.485689120286468,0.9596149080062891,0.000884018890081828,0.0008008344130375766,-9.282445697868167e-05,98.0,63.0
hamit,rd,rd_pronation,225.099,226.599,,glut_med1_r,Glut. medius,0.00806052122002055,233.0929123205002,0.9222771587239715,0.0034580722081061915,0.0011760911179135997,0.008043977484751087,0.0,2.0
hamit,rd,rd_pronation,225.099,226.599,,rect_fem_r,Rect. femoris,0.007845850981538829,78.53354302248722,0.9636176564767932,0.009990445712212748,0.00921989593490985,0.007808857352737756,0.0,5.0
hamit,rd,rd_pronation,225.099,226.599,,vas_lat_r,Vast. lateralis,0.0011766977091185824,11.788831344352035,0.975383977737546,0.009981461900227556,0.008914454452591147,0.0010120822919217937,0.0,5.0
hamit,rd,rd_pronation,225.099,226.599,,tib_ant_r,Tib. anterior,0.013999387275506068,128.2374190419356,0.7980276456975379,0.010916772483488657,0.012245630831712706,-0.013807720413203084,56.0,0.0
hamit,rd,rd_pronation,225.099,226.599,,soleus_r,Soleus,0.005882417322936608,38.92583183230309,0.9776424163862482,0.015111860289277135,0.014402155465826516,0.005801765034445685,100.0,99.0
hamit,rd,rd_pronation,225.099,226.599,,med_gas_r,Med. gastrocnemius,0.006458563475786931,40.001710275856034,0.9752098984384543,0.016145718348660576,0.015519970063327837,0.006364800344856544,100.0,99.0
hamit,rd,rd_pronation,225.099,226.599,,semimem_r,Semimembranosus,0.008007442699193214,350.0138447389013,0.8890674380466181,0.0022877502760402235,0.0023228025585101397,-0.00800095411273945,100.0,95.0
hamit,rd,rd_pronation,225.099,226.599,,semiten_r,Semitendinosus,0.009413646681388084,286.4282505620051,0.9025231964682461,0.003286563620354288,0.0031036030816466997,-0.009403613995159212,100.0,95.0
hamit,rd,rd_pronation,225.099,226.599,,bifemlh_r,Biceps femoris LH,0.010768702943395214,290.8825802819451,0.9339539455511373,0.0037020790082917254,0.003720516457054013,-0.010761343463489573,100.0,95.0
hamit,rd,rd_pronation,225.099,226.599,,bifemsh_r,Biceps femoris SH,9.373769986921572e-05,12.619873611227078,0.9811977769034146,0.0007427784362739054,0.0007444786786369173,-8.06390709676614e-05,100.0,95.0
hamit,rgs,rgs_correct,14.013,15.513,,glut_med1_r,Glut. medius,0.0031753221069584997,62.71863716644117,0.9524712626791806,0.005062804694770245,0.012723470513407623,-0.00046827253907541044,83.0,72.0
hamit,rgs,rgs_correct,14.013,15.513,,rect_fem_r,Rect. femoris,0.0028473896003028093,3.900953186034036,0.997160375276526,0.07299214998264697,0.06624829701962065,0.00047248385205081813,4.0,11.0
hamit,rgs,rgs_correct,14.013,15.513,,vas_lat_r,Vast. lateralis,0.0018967679889678472,4.512687962599069,0.9923804891718484,0.04203188885844014,0.04176969814666101,1.8655188032083837e-05,100.0,100.0
hamit,rgs,rgs_correct,14.013,15.513,,tib_ant_r,Tib. anterior,0.005159226096196318,18.752509284597487,0.9295930985598514,0.02751219059752119,0.018335193215320844,-0.003464565459776059,63.0,64.0
hamit,rgs,rgs_correct,14.013,15.513,,soleus_r,Soleus,0.0031452276912368824,10.523974768915261,0.9753325473137889,0.029886309690963564,0.022226158587208666,0.0013332813766942745,0.0,87.0
hamit,rgs,rgs_correct,14.013,15.513,,med_gas_r,Med. gastrocnemius,0.003520643844942209,15.57134873549666,0.9330318759955403,0.022609755293171885,0.01839318201658141,0.0017214599283911407,0.0,83.0
hamit,rgs,rgs_correct,14.013,15.513,,semimem_r,Semimembranosus,0.003612674277200846,8.154951056320984,0.9871522184327456,0.04430037963747957,0.03839282745673578,-0.0016205181778057172,83.0,85.0
hamit,rgs,rgs_correct,14.013,15.513,,semiten_r,Semitendinosus,0.004286180215628802,7.821139706759491,0.9901538696431076,0.054802501634441225,0.04667525388601701,-0.0014231027003307132,82.0,83.0
hamit,rgs,rgs_correct,14.013,15.513,,bifemlh_r,Biceps femoris LH,0.003859810993402445,6.825112073200209,0.9946345241567306,0.056553078572270654,0.048494851446273246,-0.0014270325342963153,79.0,81.0
hamit,rgs,rgs_correct,14.013,15.513,,bifemsh_r,Biceps femoris SH,0.0009353755971916112,10.1893660754993,0.9972320516514597,0.00917991944013824,0.0109468118927174,-0.0005553299126983661,88.0,32.0
hamit,rgs,rgs_flexion,83.779,85.279,,glut_med1_r,Glut. medius,0.0034739270251636528,34.88628968195581,0.026166184884989275,0.009957857533243117,0.008946713951581614,0.0006432583808111588,100.0,58.0
hamit,rgs,rgs_flexion,83.779,85.279,,rect_fem_r,Rect. femoris,0.0027254567412842846,4.213514526112851,0.9958129565352896,0.06468369159269605,0.06076412342202048,4.5039529875769516e-05,0.0,0.0
hamit,rgs,rgs_flexion,83.779,85.279,,vas_lat_r,Vast. lateralis,0.002037226981175927,4.764875020076926,0.9913898693374128,0.042755097932097225,0.03918651633346104,-0.0007794993910062956,97.0,97.0
hamit,rgs,rgs_flexion,83.779,85.279,,tib_ant_r,Tib. anterior,0.005726107347339826,17.838804231707083,0.9744289441628431,0.032099165801495355,0.021856701459106842,-0.004329580534306066,51.0,59.0
hamit,rgs,rgs_flexion,83.779,85.279,,soleus_r,Soleus,0.0058555704965884735,14.722779053969132,0.9853268945369766,0.039772182107221554,0.02564131098271455,0.0032120763227771673,0.0,100.0
hamit,rgs,rgs_flexion,83.779,85.279,,med_gas_r,Med. gastrocnemius,0.006105490188942495,18.57078262722361,0.9746231507036325,0.03287685991215161,0.018167337812776352,0.003648138518835479,0.0,1.0
hamit,rgs,rgs_flexion,83.779,85.279,,semimem_r,Semimembranosus,0.0040845307757164,10.43794247455819,0.9758279328805931,0.03913157009316903,0.03591426581791901,-0.0021868796169455173,80.0,84.0
hamit,rgs,rgs_flexion,83.779,85.279,,semiten_r,Semitendinosus,0.004625478481100377,9.607159636435068,0.9814766412157176,0.04814616032358088,0.04332619425534118,-0.0020998329038308915,75.0,82.0
hamit,rgs,rgs_flexion,83.779,85.279,,bifemlh_r,Biceps femoris LH,0.004322299982820338,8.648135744597406,0.986544443163259,0.049979557565577426,0.04478786887745273,-0.001945551514294717,67.0,75.0
hamit,rgs,rgs_flexion,83.779,85.279,,bifemsh_r,Biceps femoris SH,0.00114367828756877,18.9004702531519,0.9935538279267482,0.0060510573136562384,0.008098290201238034,-0.0007642061664058879,16.0,16.0
hamit,rgs,rgs_abduction,166.531,168.031,,glut_med1_r,Glut. medius,0.003076372266141327,25.58968285819815,0.8590413958769977,0.012021924160563607,0.004973870040989897,-0.00010783549712699952,0.0,47.0
hamit,rgs,rgs_abduction,166.531,168.031,,rect_fem_r,Rect. femoris,0.004291167253498576,8.527679658295503,0.9989118157671115,0.050320455568757694,0.051734962793231976,-0.0040002195764810376,7.0,17.0
hamit,rgs,rgs_abduction,166.531,168.031,,vas_lat_r,Vast. lateralis,0.0060967506794278635,22.878853016225687,0.9886702003789748,0.026647973458739593,0.03343934035671098,-0.004693805005444438,11.0,18.0
hamit,rgs,rgs_abduction,166.531,168.031,,tib_ant_r,Tib. anterior,0.005565964822646944,16.040735645125203,0.9920394488996472,0.03469893741649216,0.02339977869451676,-0.003448417479874523,100.0,100.0
hamit,rgs,rgs_abduction,166.531,168.031,,soleus_r,Soleus,0.006081327557769366,14.82210189304035,0.997690260994988,0.0410287798697756,0.026829092553309952,0.0025767627422828435,0.0,0.0
hamit,rgs,rgs_abduction,166.531,168.031,,med_gas_r,Med. gastrocnemius,0.006997103866002672,18.566929051094995,0.9948940496374418,0.03768584372109729,0.022903681903116535,0.0034613528512951954,0.0,0.0
hamit,rgs,rgs_abduction,166.531,168.031,,semimem_r,Semimembranosus,0.003390062790086974,8.360376363573197,0.9987610293056515,0.04054916480623694,0.032159789513490245,-0.0010345225936660787,100.0,100.0
hamit,rgs,rgs_abduction,166.531,168.031,,semiten_r,Semitendinosus,0.0038048875502630225,7.453782159690463,0.9991211758040589,0.05104640125974691,0.04096461782103389,-0.00046669014991303643,100.0,100.0
hamit,rgs,rgs_abduction,166.531,168.031,,bifemlh_r,Biceps femoris LH,0.0031480155467733476,6.386678409476067,0.9988316438391115,0.049290340689497725,0.04033258535111539,-0.00014864967005286044,100.0,100.0
hamit,rgs,rgs_abduction,166.531,168.031,,bifemsh_r,Biceps femoris SH,0.0010206119084754197,118.98564243154854,0.08788187234976676,0.0008577605563314661,0.002510138240082338,-0.0006741814737171791,45.0,43.0
hamit,rgs,rgs_stork,258.527,260.027,,glut_med1_r,Glut. medius,0.005373477166233016,109.40261556122593,-0.7742373103307983,0.004911653289702028,0.010798999147346472,0.0018918995269482923,31.0,64.0
hamit,rgs,rgs_stork,258.527,260.027,,rect_fem_r,Rect. femoris,0.008877032244087441,10.105291008546208,0.982127475876886,0.08784538947547371,0.08319893920152194,0.006088078580024108,1.0,2.0
hamit,rgs,rgs_stork,258.527,260.027,,vas_lat_r,Vast. lateralis,0.008012877993293855,21.214031609544314,0.8678501231450164,0.03777159448413764,0.038123296123632494,0.005416461217851978,1.0,3.0
hamit,rgs,rgs_stork,258.527,260.027,,tib_ant_r,Tib. anterior,0.004623724932954254,12.731555188493529,0.9852130696856422,0.03631704740307817,0.02640012212606596,-0.002330991448839147,100.0,100.0
hamit,rgs,rgs_stork,258.527,260.027,,soleus_r,Soleus,0.006857571870648522,15.172386474297294,0.9917499026772285,0.045197714164911085,0.03173999940393318,0.00409724605001456,0.0,0.0
hamit,rgs,rgs_stork,258.527,260.027,,med_gas_r,Med. gastrocnemius,0.0067961633281026276,18.2105424959954,0.9866615545400854,0.03731993887385365,0.023865342832148084,0.0041160469980787455,0.0,0.0
hamit,rgs,rgs_stork,258.527,260.027,,semimem_r,Semimembranosus,0.009802291335402573,18.524566179907364,0.9405569402177533,0.052915092532826,0.04659791103408645,-0.007796133534415756,100.0,100.0
hamit,rgs,rgs_stork,258.527,260.027,,semiten_r,Semitendinosus,0.010953965728692571,16.46417164498057,0.9565884970153962,0.06653214000008378,0.058896201203556875,-0.008413062905001772,100.0,100.0
hamit,rgs,rgs_stork,258.527,260.027,,bifemlh_r,Biceps femoris LH,0.009053742333895635,13.081460929885752,0.9814903706848482,0.06921048331239182,0.06300430798990253,-0.006937694183026711,98.0,100.0
hamit,rgs,rgs_stork,258.527,260.027,,bifemsh_r,Biceps femoris SH,0.00454638640039783,28.821384269094825,0.9986463850867129,0.015774351287050847,0.023525985107236635,-0.0035738440634871214,20.0,20.0
hans,rd,rd_correct,44.847,46.347,,glut_med1_r,Glut. medius,0.002938848161674291,157.99667486464867,0.9131898537012705,0.0018600696275360984,0.0030343547690253603,-0.00287862686532057,67.0,83.0
hans,rd,rd_correct,44.847,46.347,,rect_fem_r,Rect. femoris,0.0027778114131883414,63.282369178193484,0.9265174005300747,0.004389550279583321,0.0021164370586239656,0.0026661295781178333,0.0,0.0
hans,rd,rd_correct,44.847,46.347,,vas_lat_r,Vast. lateralis,0.000301982436524824,40.12563596154359,0.9013441038158393,0.0007525922749591907,0.0006285082384517859,0.0002837387774149172,0.0,100.0
hans,rd,rd_correct,44.847,46.347,,tib_ant_r,Tib. anterior,0.0037779771478111276,15.360200126520768,0.9743514410335465,0.024595884927880007,0.02325587367412546,-0.003240698726226947,0.0,0.0
hans,rd,rd_correct,44.847,46.347,,soleus_r,Soleus,0.0015120537037900145,7.056584741027463,0.9792248862579439,0.021427556803772674,0.019945319483860913,0.00024243928386269705,66.0,60.0
hans,rd,rd_correct,44.847,46.347,,med_gas_r,Med. gastrocnemius,0.0015643733446386438,6.9575705137714134,0.9795687517525538,0.022484477038963724,0.020811908943416335,0.0002777527684533924,65.0,60.0
hans,rd,rd_correct,44.847,46.347,,semimem_r,Semimembranosus,0.0028896666122322093,61.67904018530429,0.9425605335964398,0.004685005803512332,0.002118839854137411,-0.002770945436867675,56.0,83.0
hans,rd,rd_correct,44.847,46.347,,semiten_r,Semitendinosus,0.002852198446174742,54.7211063682928,0.9173845089585354,0.0052122455766490106,0.0019132393679104354,-0.002658398343068317,56.0,84.0
hans,rd,rd_correct,44.847,46.347,,bifemlh_r,Biceps femoris LH,0.003092537188061086,58.26019597344547,0.9487151859190815,0.005308147589257406,0.002162066396835638,-0.002942456727784031,56.0,83.0
hans,rd,rd_correct,44.847,46.347,,bifemsh_r,Biceps femoris SH,0.00019483381461149433,40.08093351221137,0.9018164787570696,0.0004861009900184454,0.00039617976301647984,-0.00018263387370966261,78.0,49.0
hans,rd,rd_toes,86.926,88.426,,glut_med1_r,Glut. medius,0.002241451053069222,104.67548480775584,-0.064950639304173,0.002141333338160134,0.0028423726153225942,-0.001986220812626801,1.0,100.0
hans,rd,rd_toes,86.926,88.426,,rect_fem_r,Rect. femoris,0.00198206186012479,57.13629332528151,0.5880136148363682,0.0034690067289467885,0.0009296244106452023,0.0017438863149428566,1.0,0.0
hans,rd,rd_toes,86.926,88.426,,vas_lat_r,Vast. lateralis,0.00012967399048357633,10.77604157398236,0.9041759651469158,0.001203354586127997,0.0010720090510339397,1.709325901568946e-05,100.0,100.0
hans,rd,rd_toes,86.926,88.426,,tib_ant_r,Tib. anterior,0.0037407425611002162,12.07062149994624,0.9916231271688073,0.03099047187517956,0.02142933156392718,0.00149254536700955,9.0,0.0
hans,rd,rd_toes,86.926,88.426,,soleus_r,Soleus,0.003483405965407275,14.512692990869958,0.9906575082463341,0.024002478158937912,0.018724767757486716,-0.002880428521295485,100.0,93.0
hans,rd,rd_toes,86.926,88.426,,med_gas_r,Med. gastrocnemius,0.003525630856409713,14.447321033064947,0.9905507368819431,0.024403353731399458,0.018720418169172248,-0.002810550316798924,96.0,88.0
hans,rd,rd_toes,86.926,88.426,,semimem_r,Semimembranosus,0.002512010301378715,55.63668066445653,0.8836422296165668,0.004515025467692058,0.0010880505550146524,-0.0022267393980218084,83.0,78.0
hans,rd,rd_toes,86.926,88.426,,semiten_r,Semitendinosus,0.0024880216557367405,48.71401196383111,0.506101189624739,0.0051074045340056,0.0008329406660319005,-0.0020259122494040637,83.0,78.0
hans,rd,rd_toes,86.926,88.426,,bifemlh_r,Biceps femoris LH,0.003053524178785396,52.51286700194162,0.9282646534131993,0.005814811403598463,0.0011699099771279586,-0.0026639208839870526,88.0,78.0
hans,rd,rd_toes,86.926,88.426,,bifemsh_r,Biceps femoris SH,7.906076401935382e-05,11.005441222425796,0.9002941622358589,0.000718378867521019,0.0006472032840039721,-1.1068781474649235e-05,42.0,42.0
hans,rd,rd_supination,143.809,145.309,,glut_med1_r,Glut. medius,0.0018312664468433067,86.28626927690637,-0.487004059974343,0.002122315012793613,0.004110181039603519,-0.0012372176571801591,0.0,96.0
hans,rd,rd_supination,143.809,145.309,,rect_fem_r,Rect. femoris,0.002340455322941476,98.85698587772166,0.2571837707184284,0.002367516369390865,0.010009815068112826,0.0020444734383330177,0.0,89.0
hans,rd,rd_supination,143.809,145.309,,vas_lat_r,Vast. lateralis,0.0004267853782627255,14.230116703053802,0.9530003930505258,0.002999169909626509,0.0032747451361394564,-0.00018425867145769925,84.0,94.0
hans,rd,rd_supination,143.809,145.309,,tib_ant_r,Tib. anterior,0.0038371149334473663,13.62895465900471,0.9842290962230406,0.028154139693407576,0.024278301486093334,0.0034151564255776676,0.0,0.0
hans,rd,rd_supination,143.809,145.309,,soleus_r,Soleus,0.003045827943930314,16.029247407309107,0.9904036329189622,0.019001690263645565,0.01662073731838415,-0.0028977225144541574,82.0,80.0
hans,rd,rd_supination,143.809,145.309,,med_gas_r,Med. gastrocnemius,0.003058062010533183,16.58947428625799,0.987167618835798,0.01843374875999748,0.01623262134924841,-0.0028525751399847156,81.0,64.0
hans,rd,rd_supination,143.809,145.309,,semimem_r,Semimembranosus,0.0031347492803615183,90.09242110508,0.16975301090066464,0.0034794816721656074,0.009803232838731801,-0.002855629860047536,66.0,0.0
hans,rd,rd_supination,143.809,145.309,,semiten_r,Semitendinosus,0.0032310824066911887,83.53659289848126,-0.006679080357868788,0.00386786472201206,0.012151404051345072,-0.0027862931787428847,66.0,0.0
hans,rd,rd_supination,143.809,145.309,,bifemlh_r,Biceps femoris LH,0.0039943402267070055,77.37949244234464,0.24225266301121812,0.005162013991863779,0.010776413443243649,-0.0036463208413912273,75.0,0.0
hans,rd,rd_supination,143.809,145.309,,bifemsh_r,Biceps femoris SH,0.00023889995193841152,14.24617192543841,0.9482330215890711,0.001676941378980723,0.001928417773774893,9.70842589994542e-05,9.0,0.0
hans,rd,rd_pronation,198.522,200.022,,glut_med1_r,Glut. medius,0.005315692509124099,440.2041198500244,0.7263139056255694,0.0012075517400734759,0.0060986392545269025,-0.005053046016114855,45.0,86.0
hans,rd,rd_pronation,198.522,200.022,,rect_fem_r,Rect. femoris,0.0021576558913534763,45.9338251221914,0.8659633690816757,0.004697313767389855,0.0041932405124286976,0.0019876645228984343,100.0,96.0
hans,rd,rd_pronation,198.522,200.022,,vas_lat_r,Vast. lateralis,0.00022875933072652146,7.078572986382546,0.9889079875367338,0.003231715363627652,0.0034868032242144076,-8.519062906467065e-05,69.0,84.0
hans,rd,rd_pronation,198.522,200.022,,tib_ant_r,Tib. anterior,0.008755672206219816,44.20345391462154,0.9884683183273517,0.019807665308532896,0.019032356192441702,-0.008697801749571212,2.0,0.0
hans,rd,rd_pronation,198.522,200.022,,soleus_r,Soleus,0.0018772489557927477,8.990986397139961,0.9935702672783542,0.020879232521026858,0.0169121883827687,-0.0014469901568927314,62.0,62.0
hans,rd,rd_pronation,198.522,200.022,,med_gas_r,Med. gastrocnemius,0.0020719048364302582,7.203497822760019,0.987250630852942,0.028762482996578576,0.02480224365853201,-0.001110192518542802,54.0,55.0
hans,rd,rd_pronation,198.522,200.022,,semimem_r,Semimembranosus,0.002174098430489753,37.75340059598375,0.743073910161412,0.005758682386669656,0.004711339899045486,-0.0017540146362692095,53.0,55.0
hans,rd,rd_pronation,198.522,200.022,,semiten_r,Semitendinosus,0.0019834713662014356,37.036130238129424,0.3941826893642369,0.005355503810599016,0.00450250194256796,-0.0012359091862500031,53.0,55.0
hans,rd,rd_pronation,198.522,200.022,,bifemlh_r,Biceps femoris LH,0.0019225286417478547,65.45608998404812,0.32560686441926406,0.0029371272286755623,0.005154372743881086,-0.0012936864792095068,37.0,0.0
hans,rd,rd_pronation,198.522,200.022,,bifemsh_r,Biceps femoris SH,9.475692388348523e-05,9.300801509013608,0.974252574393082,0.001018803850309613,0.0010702903487626036,9.321113696592823e-06,34.0,32.0
julia,ng,ng_v0,7.43,8.93,3.05,glut_med1_r,Glut. medius,0.000716712782375694,62.63345628838475,0.6443193798517362,0.0011442970336423969,0.0023990872126754548,0.0003869226769762896,73.0,100.0
julia,ng,ng_v0,7.43,8.93,3.05,rect_fem_r,Rect. femoris,0.0023098372742116863,96.44089796070638,0.8358258562202833,0.002395080638043001,0.001990446628957032,0.002272664363499519,50.0,23.0
julia,ng,ng_v0,7.43,8.93,3.05,vas_lat_r,Vast. lateralis,0.0007252231371498694,91.72547574130854,0.550149730752308,0.0007906452719800561,0.0009104780329504125,0.0006838583309554828,77.0,89.0
julia,ng,ng_v0,7.43,8.93,3.05,tib_ant_r,Tib. anterior,0.0015153280803366176,113.4686740222925,0.3855475830716775,0.001335459406213657,0.000985061638482998,0.0014734319710680535,88.0,100.0
julia,ng,ng_v0,7.43,8.93,3.05,soleus_r,Soleus,0.001030625294518913,61.03948597244631,0.9050246926143232,0.0016884567065065803,0.0015779125845818975,-0.0010066599326223045,48.0,43.0
julia,ng,ng_v0,7.43,8.93,3.05,med_gas_r,Med. gastrocnemius,0.0015489662354047692,86.59570056678754,0.8561637770158503,0.001788733418941646,0.0020140088162475256,-0.001518325842835271,49.0,43.0
julia,ng,ng_v0,7.43,8.93,3.05,semimem_r,Semimembranosus,0.0021039216512099826,85.86029656689553,0.8529797677661125,0.0024504010996174164,0.0024860020091112545,-0.00206724148177882,100.0,100.0
julia,ng,ng_v0,7.43,8.93,3.05,semiten_r,Semitendinosus,0.002666953446444852,90.35123864208255,0.8653931818429869,0.002951761908887296,0.0024713839844989205,-0.0026244397872516325,100.0,100.0
julia,ng,ng_v0,7.43,8.93,3.05,bifemlh_r,Biceps femoris LH,0.002470279171739013,79.55994346691242,0.8886532756749105,0.003104928264267004,0.0030965201921579477,-0.002428945690625899,100.0,100.0
julia,ng,ng_v0,7.43,8.93,3.05,bifemsh_r,Biceps femoris SH,0.0003862175906385147,88.73687193817827,0.5496778353152818,0.00043523913138113213,0.000473118180781662,-0.0003644458145326158,0.0,43.0
julia,ng,ng_v1,37.49,38.99,3.56,glut_med1_r,Glut. medius,0.004115670604391753,31.864775253289757,0.9524422925674475,0.012916050942386126,0.023232852903524503,0.0028786017949224856,22.0,22.0
julia,ng,ng_v1,37.49,38.99,3.56,rect_fem_r,Rect. femoris,0.009164223390386922,13.307405274065118,0.9796505596866515,0.06886559176376128,0.07915426860551195,-0.007521229899418532,43.0,47.0
julia,ng,ng_v1,37.49,38.99,3.56,vas_lat_r,Vast. lateralis,0.003527641643667218,6.707015716532935,0.9858146290559355,0.05259629308712527,0.05298329988126246,-0.0016244282593141056,89.0,40.0
julia,ng,ng_v1,37.49,38.99,3.56,tib_ant_r,Tib. anterior,0.011256218135857643,51.22110557694932,0.934950036382635,0.02197574224349269,0.013577005253972374,0.010994292729595621,62.0,100.0
julia,ng,ng_v1,37.49,38.99,3.56,soleus_r,Soleus,0.00715562974985876,30.300462759515877,0.9282690983527907,0.02361557909742329,0.018089595796651647,-0.006906406105050614,51.0,53.0
julia,ng,ng_v1,37.49,38.99,3.56,med_gas_r,Med. gastrocnemius,0.008384304354061818,31.96418909862561,0.8531333677196113,0.026230305196205728,0.020091258778620003,-0.007818272346707018,47.0,51.0
julia,ng,ng_v1,37.49,38.99,3.56,semimem_r,Semimembranosus,0.007547923217997653,20.33208719302589,0.9870856131172158,0.037123208976728495,0.04663902494662098,0.006882238310861847,80.0,80.0
julia,ng,ng_v1,37.49,38.99,3.56,semiten_r,Semitendinosus,0.009251277800964349,19.753741417178755,0.9898236184270615,0.04683304091911933,0.05978431092799358,0.008256560999270676,80.0,80.0
julia,ng,ng_v1,37.49,38.99,3.56,bifemlh_r,Biceps femoris LH,0.009091704731493528,19.243236957480274,0.9889611592709298,0.047246233840920304,0.05959257535874718,0.00827249088434972,79.0,80.0
julia,ng,ng_v1,37.49,38.99,3.56,bifemsh_r,Biceps femoris SH,0.0007523305017632305,14.473629501654777,0.8653162465143048,0.005197939477981084,0.005211062291776203,0.0001073640167902623,59.0,81.0
julia,ng,ng_v2,67.63,69.13,4.04,glut_med1_r,Glut. medius,0.006570271580038533,59.57523190298558,0.8462103464689712,0.01102852875291832,0.04810551656270383,0.004520340302336762,100.0,29.0
julia,ng,ng_v2,67.63,69.13,4.04,rect_fem_r,Rect. femoris,0.008968758351036835,13.4410518691124,0.980488312841667,0.06672661067283792,0.0773773056578495,-0.0068660074874304505,29.0,31.0
julia,ng,ng_v2,67.63,69.13,4.04,vas_lat_r,Vast. lateralis,0.002715054695488018,4.960830762862354,0.9926504673864515,0.05472983911915302,0.05550075085329881,-0.0010816226781469368,15.0,18.0
julia,ng,ng_v2,67.63,69.13,4.04,tib_ant_r,Tib. anterior,0.012398834732109591,53.968829805618256,0.9424227177950265,0.022974066283754868,0.019296162034223352,0.0121827694866026,3.0,91.0
julia,ng,ng_v2,67.63,69.13,4.04,soleus_r,Soleus,0.008023477113375312,34.973507076375896,0.9590590513578898,0.022941585743326998,0.018107873905757188,-0.00788320230144885,41.0,42.0
julia,ng,ng_v2,67.63,69.13,4.04,med_gas_r,Med. gastrocnemius,0.008791634422312834,35.071103698978575,0.9060765474432819,0.02506802893280169,0.020054681907765548,-0.008454407432010634,39.0,41.0
julia,ng,ng_v2,67.63,69.13,4.04,semimem_r,Semimembranosus,0.008676256150002799,24.839958861673114,0.947627823565595,0.03492862527799856,0.048141761787478865,0.006980779329932528,69.0,29.0
julia,ng,ng_v2,67.63,69.13,4.04,semiten_r,Semitendinosus,0.010457970629498225,23.930402427305896,0.9578637195732305,0.0437016078658381,0.05713413125414901,0.008102899350996,68.0,69.0
julia,ng,ng_v2,67.63,69.13,4.04,bifemlh_r,Biceps femoris LH,0.009498665770184872,21.608216552464523,0.9687256820225498,0.043958582824835224,0.056698066356858146,0.007820187295754316,68.0,69.0
julia,ng,ng_v2,67.63,69.13,4.04,bifemsh_r,Biceps femoris SH,0.0008014888632974334,12.11983739723856,0.926858558293537,0.006613033137557178,0.006544020449238186,7.415318753899816e-05,68.0,48.0
julia,gwo,gwo_v0,6.63,8.129999999999999,3.05,glut_med1_r,Glut. medius,0.004505466943789881,473.7570516779303,0.7301792509198395,0.0009510078906124209,0.001585738962330746,0.004490243406120718,41.0,36.0
julia,gwo,gwo_v0,6.63,8.129999999999999,3.05,rect_fem_r,Rect. femoris,0.0033371681305813805,164.2680964696191,0.796887766015637,0.0020315375914753964,0.00654061709111875,-0.002943509172092918,8.0,14.0
julia,gwo,gwo_v0,6.63,8.129999999999999,3.05,vas_lat_r,Vast. lateralis,0.0019411115475884819,282.98342952921416,0.8013806176105087,0.000685945304577662,0.004202841174164446,0.0015758728058175276,24.0,29.0
julia,gwo,gwo_v0,6.63,8.129999999999999,3.05,tib_ant_r,Tib. anterior,0.00044539393817987096,24.916998438942812,0.9709771539564481,0.0017875103988599372,0.002652371514384577,0.0002857501052553599,68.0,77.0
julia,gwo,gwo_v0,6.63,8.129999999999999,3.05,soleus_r,Soleus,0.0005045506992608502,46.81144648590712,0.9585184517949796,0.0010778361643081213,0.0018973902308282997,-0.00040931762760534375,0.0,0.0
julia,gwo,gwo_v0,6.63,8.129999999999999,3.05,med_gas_r,Med. gastrocnemius,0.0028862871679119113,232.98741419615078,0.34426667547180373,0.001238816773803053,0.008079675511638018,0.0007930938578026095,0.0,14.0
julia,gwo,gwo_v0,6.63,8.129999999999999,3.05,semimem_r,Semimembranosus,0.006015143291823164,235.41547217763795,0.7690643247182406,0.0025551180796155593,0.006493895687257056,0.005896100070570196,59.0,34.0
julia,gwo,gwo_v0,6.63,8.129999999999999,3.05,semiten_r,Semitendinosus,0.00627981626406616,203.51676384109703,0.8834681665600221,0.0030856506095828795,0.006340491726941122,0.0061837858033784955,62.0,34.0
julia,gwo,gwo_v0,6.63,8.129999999999999,3.05,bifemlh_r,Biceps femoris LH,0.005344393663351902,186.66599847529127,0.9079442722630947,0.002863078282603959,0.005792452735668696,0.005207886590555224,59.0,92.0
julia,gwo,gwo_v0,6.63,8.129999999999999,3.05,bifemsh_r,Biceps femoris SH,0.0003810603518885753,308.7948898491193,0.8162664666251181,0.00012340241513542072,0.00085577161540068,-0.0003073802993369882,0.0,93.0
julia,gwo,gwo_v1,38.22,39.72,3.58,glut_med1_r,Glut. medius,0.006134938766909663,36.384137079810706,0.6594507415199172,0.016861575563692277,0.041018642832764934,0.0035838045793512344,14.0,15.0
julia,gwo,gwo_v1,38.22,39.72,3.58,rect_fem_r,Rect. femoris,0.021086846980856545,70.72700696247655,0.8110573074276589,0.029814420101283157,0.09363534108631821,-0.016946012792387603,43.0,60.0
julia,gwo,gwo_v1,38.22,39.72,3.58,vas_lat_r,Vast. lateralis,0.013125871823189137,70.2137686288568,0.7220541947733885,0.018694156544382667,0.08680180653420289,-0.007730478512538303,2.0,60.0
julia,gwo,gwo_v1,38.22,39.72,3.58,tib_ant_r,Tib. anterior,0.00860000526660165,31.57521841533602,0.589843723077686,0.027236566200361245,0.05754657728848689,0.0030023040172071753,3.0,20.0
julia,gwo,gwo_v1,38.22,39.72,3.58,soleus_r,Soleus,0.00591882855998626,23.408924886288048,0.6562344870541233,0.025284495502197357,0.045863254734437586,-0.0008951567343541488,43.0,44.0
julia,gwo,gwo_v1,38.22,39.72,3.58,med_gas_r,Med. gastrocnemius,0.006405801922010221,26.311336484174515,0.6142910162201621,0.024346167006237485,0.04350791642402013,2.356793548627417e-05,43.0,45.0
julia,gwo,gwo_v1,38.22,39.72,3.58,semimem_r,Semimembranosus,0.01431326665037202,39.61440835367516,0.935290144743853,0.03613146641642101,0.04401309156329425,0.013346210839122222,83.0,81.0
julia,gwo,gwo_v1,38.22,39.72,3.58,semiten_r,Semitendinosus,0.017959016716747888,42.08138226909917,0.9190156175874515,0.04267686978983909,0.05506859328819019,0.016338068585331652,83.0,81.0
julia,gwo,gwo_v1,38.22,39.72,3.58,bifemlh_r,Biceps femoris LH,0.01750932840940868,42.02360396291192,0.9140039366560618,0.04166546121284981,0.05143841083326178,0.016075226624186405,83.0,81.0
julia,gwo,gwo_v1,38.22,39.72,3.58,bifemsh_r,Biceps femoris SH,0.0029369800987271814,129.3461180756883,-0.04867096617622617,0.0022706364461657635,0.0281672750998197,0.0002500106859629571,61.0,71.0
julia,gwo,gwo_v2,67.79,69.29,4.04,glut_med1_r,Glut. medius,0.007328525097593418,44.90822585669894,0.6528318197948282,0.016318892491942488,0.03024195990348999,0.00561613790602523,82.0,80.0
julia,gwo,gwo_v2,67.79,69.29,4.04,rect_fem_r,Rect. femoris,0.022185217441058645,82.57371482717518,0.8090025983916876,0.026867166491772565,0.09178526667996928,-0.01661776759727586,22.0,39.0
julia,gwo,gwo_v2,67.79,69.29,4.04,vas_lat_r,Vast. lateralis,0.013730827569383715,73.76996504345477,0.6356066308572272,0.018613032500822607,0.08540558094861855,-0.005428252007492077,70.0,39.0
julia,gwo,gwo_v2,67.79,69.29,4.04,tib_ant_r,Tib. anterior,0.012209526877841236,45.79637487187129,0.459741007847358,0.02666046583818249,0.05797815875071932,0.004816885502637296,35.0,0.0
julia,gwo,gwo_v2,67.79,69.29,4.04,soleus_r,Soleus,0.009428668827393238,36.49321769536008,0.42461520485751153,0.02583677029003678,0.04765979544999882,-0.0027461314238463666,20.0,22.0
julia,gwo,gwo_v2,67.79,69.29,4.04,med_gas_r,Med. gastrocnemius,0.00922909208724949,36.99632368234996,0.4264918469674418,0.02494597075777144,0.04413218883115305,-0.0020509932343149998,22.0,23.0
julia,gwo,gwo_v2,67.79,69.29,4.04,semimem_r,Semimembranosus,0.016905620810913263,49.20820170403336,0.9419657340390228,0.03435529083666472,0.04437200978482114,0.0159328099723363,61.0,62.0
julia,gwo,gwo_v2,67.79,69.29,4.04,semiten_r,Semitendinosus,0.021208211730183165,52.9018488900186,0.9123831727055205,0.04008973632334556,0.05459420454932978,0.0193989788268956,61.0,62.0
julia,gwo,gwo_v2,67.79,69.29,4.04,bifemlh_r,Biceps femoris LH,0.02000316761026943,50.69939985003488,0.9233045350625824,0.03945444654066388,0.05124004690933248,0.018611176281821514,61.0,62.0
julia,gwo,gwo_v2,67.79,69.29,4.04,bifemsh_r,Biceps femoris SH,0.0039060623758994974,168.48907734517948,-0.1148125803048626,0.002318288186656303,0.027870361633879764,-0.00020552414967982448,41.0,32.0
julia,rd,rd_correct,35.717,37.217,,glut_med1_r,Glut. medius,0.0009087142341853808,54.10627080493533,-0.24306169461539742,0.0016794989206731503,0.001850838154071166,0.0005246476763135337,0.0,37.0
julia,rd,rd_correct,35.717,37.217,,rect_fem_r,Rect. femoris,0.021600057740802047,173.10001063549885,0.8766673166856628,0.012478368812053886,0.012915372122337898,-0.021498012515300407,0.0,6.0
julia,rd,rd_correct,35.717,37.217,,vas_lat_r,Vast. lateralis,0.009315213210209642,105.73252121728058,0.9129307900718429,0.008810168435373689,0.011574265294226976,-0.009177377846774987,0.0,6.0
julia,rd,rd_correct,35.717,37.217,,tib_ant_r,Tib. anterior,0.002205842969955269,10.90432982058708,0.9736665481958316,0.02022905585440654,0.015093175149392124,-0.0003730850938903566,5.0,0.0
julia,rd,rd_correct,35.717,37.217,,soleus_r,Soleus,0.0020086572541684116,10.290343491997135,0.9738033410815417,0.019519827066322493,0.016087993929500444,-0.001089161665906627,46.0,42.0
julia,rd,rd_correct,35.717,37.217,,med_gas_r,Med. gastrocnemius,0.002686024513846119,14.92782052714254,0.9105732253729545,0.017993413767014743,0.017386373056994642,-0.0009756749851875499,46.0,42.0
julia,rd,rd_correct,35.717,37.217,,semimem_r,Semimembranosus,0.015936240740130298,438.46267993115003,0.4493982068256989,0.003634571759364491,0.00753189921793207,0.015838050520596204,48.0,0.0
julia,rd,rd_correct,35.717,37.217,,semiten_r,Semitendinosus,0.01993650447042128,365.3977064762582,0.5958135842189018,0.005456111003728115,0.009179663741759714,0.01983723231110635,48.0,0.0
julia,rd,rd_correct,35.717,37.217,,bifemlh_r,Biceps femoris LH,0.019572937321399555,232.86858736734658,0.7460562692176382,0.008405142807227817,0.008888330700549063,0.019500192900108047,47.0,0.0
julia,rd,rd_correct,35.717,37.217,,bifemsh_r,Biceps femoris SH,0.0014843919843356489,65.2328248567511,0.9486612341987152,0.0022755292103252,0.0016231563963664541,0.0014675674977833444,47.0,42.0
julia,rd,rd_toes,69.278,70.778,,glut_med1_r,Glut. medius,0.00043349227231827655,48.325301981853094,0.3460122883692728,0.0008970296191445626,0.0009876681258079445,0.0002819345513627969,0.0,77.0
julia,rd,rd_toes,69.278,70.778,,rect_fem_r,Rect. femoris,0.02184710477312913,216.65758049153462,0.9846797921219885,0.010083701998131911,0.010497188227110044,-0.02183547300641794,0.0,10.0
julia,rd,rd_toes,69.278,70.778,,vas_lat_r,Vast. lateralis,0.009388957212841512,105.70741238085249,0.9886454718968112,0.008882023503719971,0.010083747305464713,-0.009361330326755119,0.0,10.0
julia,rd,rd_toes,69.278,70.778,,tib_ant_r,Tib. anterior,0.008932037888116787,39.069993672009126,0.9178780403116612,0.022861631263882076,0.016940534761958725,0.008490321977777705,0.0,0.0
julia,rd,rd_toes,69.278,70.778,,soleus_r,Soleus,0.006841805473315035,34.03399479621253,0.9433576987345414,0.020102857493756288,0.01743665247349918,-0.006496237171755916,77.0,77.0
julia,rd,rd_toes,69.278,70.778,,med_gas_r,Med. gastrocnemius,0.006031408052361343,27.83897341820848,0.945702484607312,0.021665339313181764,0.018792686851661355,-0.005590896281796509,77.0,77.0
julia,rd,rd_toes,69.278,70.778,,semimem_r,Semimembranosus,0.01660499129594475,437.6117765804117,0.9658616238759248,0.003794457138630858,0.003248585146340466,0.01660187487488662,64.0,77.0
julia,rd,rd_toes,69.278,70.778,,semiten_r,Semitendinosus,0.02100960695720248,452.33564319763184,0.9624269008276969,0.004644694105616409,0.004024901409829973,0.021005592254745593,64.0,61.0
julia,rd,rd_toes,69.278,70.778,,bifemlh_r,Biceps femoris LH,0.019362713444788654,366.4103487073629,0.9645155039173392,0.005284434108670022,0.004462624304699014,0.01935759092320176,64.0,61.0
julia,rd,rd_toes,69.278,70.778,,bifemsh_r,Biceps femoris SH,0.0012049199840027105,85.75492106125144,0.9889764709623705,0.001405073865256179,0.001101319367841469,0.0012009967959375426,65.0,61.0
julia,rd,rd_supination,111.315,112.815,,glut_med1_r,Glut. medius,0.002017440094785878,93.33872573549469,0.8500498469730077,0.0021614180811755923,0.004164304674843411,-0.0018184286731219251,82.0,99.0
julia,rd,rd_supination,111.315,112.815,,rect_fem_r,Rect. femoris,0.017955396845724544,213.7008293199357,0.7114495217274223,0.008402118467609299,0.007589260252945984,-0.017848281658237177,83.0,98.0
julia,rd,rd_supination,111.315,112.815,,vas_lat_r,Vast. lateralis,0.009232819488414508,146.15845900349868,0.7053595032297602,0.006316992907125202,0.00686502929340449,-0.009094771700598008,83.0,100.0
julia,rd,rd_supination,111.315,112.815,,tib_ant_r,Tib. anterior,0.003734564519229309,16.176067952055188,0.9662360793212198,0.023086973486377005,0.017165150360807846,0.0029038851090069755,0.0,0.0
julia,rd,rd_supination,111.315,112.815,,soleus_r,Soleus,0.0016783436655259385,10.13002554672657,0.989932006384592,0.016568010196857608,0.01563308260613977,-0.0014421025736008088,78.0,80.0
julia,rd,rd_supination,111.315,112.815,,med_gas_r,Med. gastrocnemius,0.002426715692547159,10.295261276252816,0.9618338844219517,0.02357119093368376,0.015907978295159275,-0.0012626432666768203,82.0,80.0
julia,rd,rd_supination,111.315,112.815,,semimem_r,Semimembranosus,0.011817741584791592,310.7060479181109,0.3873084721182396,0.0038035119251705884,0.002686677778665769,0.011765212570797205,52.0,55.0
julia,rd,rd_supination,111.315,112.815,,semiten_r,Semitendinosus,0.015654841074389875,306.92011852940465,0.6120972543707085,0.005100623950427041,0.00417382302099778,0.015609776183956321,52.0,55.0
julia,rd,rd_supination,111.315,112.815,,bifemlh_r,Biceps femoris LH,0.014371827120549711,309.8387652611831,0.7537902934122709,0.004638485797099912,0.0036095939771612073,0.014338102349450594,52.0,55.0
julia,rd,rd_supination,111.315,112.815,,bifemsh_r,Biceps femoris SH,0.0014402376555424498,121.20726523943756,0.7043530514014886,0.001188243668972605,0.0008948079804210196,0.0014151690156347166,51.0,55.0
julia,rd,rd_pronation,152.091,153.591,,glut_med1_r,Glut. medius,0.002686031176324499,243.69975127434293,0.35010285314608525,0.0011021887229177851,0.002335809510633488,-0.002597496085910646,0.0,27.0
julia,rd,rd_pronation,152.091,153.591,,rect_fem_r,Rect. femoris,0.01911899008184248,160.79693525297887,0.9863257297951119,0.011890145823838572,0.010903668993148763,-0.019104963297737993,5.0,8.0
julia,rd,rd_pronation,152.091,153.591,,vas_lat_r,Vast. lateralis,0.006658324917266991,55.66467138027822,0.9931255520263753,0.011961491466966623,0.01159217945570229,-0.006639680422082503,4.0,8.0
julia,rd,rd_pronation,152.091,153.591,,tib_ant_r,Tib. anterior,0.0025439261555161097,17.708580589682928,0.9875782422324749,0.014365500061581493,0.010133260563317592,-0.0019101177506906613,28.0,28.0
julia,rd,rd_pronation,152.091,153.591,,soleus_r,Soleus,0.0021981726718048604,12.888415941788553,0.9933367885917533,0.017055413805180275,0.014041517330619036,-0.0018680394422547863,75.0,67.0
julia,rd,rd_pronation,152.091,153.591,,med_gas_r,Med. gastrocnemius,0.001447389447542201,7.840017854036841,0.9937648595506978,0.01846155805368399,0.01528302413762389,-0.0007196769999861848,75.0,67.0
julia,rd,rd_pronation,152.091,153.591,,semimem_r,Semimembranosus,0.0158694187419933,483.7481103321405,0.9287715308951786,0.0032805128129797523,0.00250718199527028,0.015863123268390508,63.0,67.0
julia,rd,rd_pronation,152.091,153.591,,semiten_r,Semitendinosus,0.020248249849080087,500.189094821671,0.9176560744655481,0.004048119013130236,0.0031308364025246505,0.020239646933304243,63.0,67.0
julia,rd,rd_pronation,152.091,153.591,,bifemlh_r,Biceps femoris LH,0.018910664824263776,383.5484054630816,0.965503894551495,0.004930450643232831,0.004466445350041204,0.01890525093760375,69.0,67.0
julia,rd,rd_pronation,152.091,153.591,,bifemsh_r,Biceps femoris SH,0.0006981093411349002,47.15547460473529,0.9934464291457152,0.0014804417662775404,0.0010152179803412653,0.0006789215819139863,76.0,67.0
julia,rgs,rgs_correct,17.225,18.725,,glut_med1_r,Glut. medius,0.002263101940010611,40.93512265621283,0.4345326830814149,0.005528508999513487,0.005512005715043303,-0.0015095743591529696,70.0,0.0
julia,rgs,rgs_correct,17.225,18.725,,rect_fem_r,Rect. femoris,0.01855566895992583,31.607963551280555,0.9739007061131464,0.0587056769089892,0.07445319795168898,-0.016250897919776238,17.0,19.0
julia,rgs,rgs_correct,17.225,18.725,,vas_lat_r,Vast. lateralis,0.00819149966695602,16.813196734353276,0.9537923576784929,0.048720655544456204,0.052607559138695276,-0.006256382379458918,14.0,12.0
julia,rgs,rgs_correct,17.225,18.725,,tib_ant_r,Tib. anterior,0.004733173445527004,21.722087756291078,0.8351542197282004,0.021789680157038305,0.015155735460742947,0.0038632044698018787,100.0,98.0
julia,rgs,rgs_correct,17.225,18.725,,soleus_r,Soleus,0.0027292790073932885,16.961616073731143,0.9733317632401625,0.016090913716766575,0.015148177579763167,-0.0024317183837671416,30.0,28.0
julia,rgs,rgs_correct,17.225,18.725,,med_gas_r,Med. gastrocnemius,0.0021895577697618684,9.528973489392435,0.9751760421757265,0.022977897589905816,0.01941742072791569,-0.0017309667721703463,27.0,27.0
julia,rgs,rgs_correct,17.225,18.725,,semimem_r,Semimembranosus,0.014197524605378483,49.31307862699796,0.9904203702413494,0.028790586596241452,0.042013169187713695,0.01289854110081518,84.0,78.0
julia,rgs,rgs_correct,17.225,18.725,,semiten_r,Semitendinosus,0.018119192665597885,51.66878823658626,0.9909688237321456,0.035067965175865745,0.05289820562503261,0.016274092137719156,84.0,78.0
julia,rgs,rgs_correct,17.225,18.725,,bifemlh_r,Biceps femoris LH,0.01763608992443799,49.106197372765195,0.9932133837278831,0.03591418368350213,0.05450517641347674,0.01586400135563548,84.0,61.0
julia,rgs,rgs_correct,17.225,18.725,,bifemsh_r,Biceps femoris SH,0.0011119538874428004,24.70683194888695,0.7832526986357102,0.004500592749985877,0.004429868863688652,0.00047127763630163284,59.0,63.0
julia,rgs,rgs_flexion,74.781,76.281,,glut_med1_r,Glut. medius,0.004983801303352151,56.437998352416955,0.8974674830811905,0.008830577711547632,0.008713170637200188,-0.004795390702123098,76.0,88.0
julia,rgs,rgs_flexion,74.781,76.281,,rect_fem_r,Rect. femoris,0.01417772834677023,18.086592814507892,0.9968000513100396,0.07838805513107905,0.09155076923231414,-0.012805552259932402,10.0,8.0
julia,rgs,rgs_flexion,74.781,76.281,,vas_lat_r,Vast. lateralis,0.0038430008542808926,7.1138606239921,0.9899646547856118,0.054021312159533263,0.05453821822166119,-0.0016784750593718748,11.0,8.0
julia,rgs,rgs_flexion,74.781,76.281,,tib_ant_r,Tib. anterior,0.004248662705260246,14.251052288289351,0.9930561442691882,0.02981297534604893,0.025706903447778817,0.0037126909336963284,97.0,98.0
julia,rgs,rgs_flexion,74.781,76.281,,soleus_r,Soleus,0.001698458828673832,4.869537547848847,0.9970771216098769,0.03487926342048925,0.030952991853310352,-0.0006022148779486162,13.0,0.0
julia,rgs,rgs_flexion,74.781,76.281,,med_gas_r,Med. gastrocnemius,0.0022819007402761363,6.125271924239839,0.9943421745556309,0.03725386837514688,0.03216082268308995,-0.0005232411078317703,0.0,19.0
julia,rgs,rgs_flexion,74.781,76.281,,semimem_r,Semimembranosus,0.012623876634877238,27.173920091325442,0.9949000072726999,0.04645585396752189,0.054436454249259636,0.011929839618167484,89.0,92.0
julia,rgs,rgs_flexion,74.781,76.281,,semiten_r,Semitendinosus,0.01644648458514442,28.97356854580726,0.9945741156969082,0.05676375196635686,0.06888972490988804,0.015490596582296788,88.0,86.0
julia,rgs,rgs_flexion,74.781,76.281,,bifemlh_r,Biceps femoris LH,0.016480060744827833,28.56520132669717,0.9970069383436431,0.05769278695552371,0.07126601688914685,0.015551634387024591,87.0,86.0
julia,rgs,rgs_flexion,74.781,76.281,,bifemsh_r,Biceps femoris SH,0.0010937386136657351,24.201163745268275,0.9197291646895368,0.004519363718116981,0.006524327297279253,-0.0007255886128681476,90.0,45.0
julia,rgs,rgs_abduction,140.561,142.061,,glut_med1_r,Glut. medius,0.0024356527113284514,13.865014949997834,0.9253444765918339,0.01756689567311885,0.020357002062972238,-0.00056373345484752,100.0,100.0
julia,rgs,rgs_abduction,140.561,142.061,,rect_fem_r,Rect. femoris,0.013795211607473448,30.343983049339577,0.9962116737110903,0.045462758086314226,0.05447350096295861,-0.013057576886949576,2.0,0.0
julia,rgs,rgs_abduction,140.561,142.061,,vas_lat_r,Vast. lateralis,0.002727320522887356,9.298971665085903,0.9812620900764508,0.029329270172178346,0.032101160740316353,-0.0016293463349526063,2.0,0.0
julia,rgs,rgs_abduction,140.561,142.061,,tib_ant_r,Tib. anterior,0.004190779780759325,10.399848887659152,0.9840726523767777,0.04029654494049678,0.034065315558518716,0.003210012003264018,100.0,68.0
julia,rgs,rgs_abduction,140.561,142.061,,soleus_r,Soleus,0.0026263792176642194,5.170050857114843,0.9899894742109391,0.05079987199835545,0.04239384057752227,4.879209201627021e-05,8.0,0.0
julia,rgs,rgs_abduction,140.561,142.061,,med_gas_r,Med. gastrocnemius,0.003018859015506887,5.585273812668711,0.9877668570061869,0.054050331581943334,0.04449184219052854,-0.00017711298409386542,10.0,0.0
julia,rgs,rgs_abduction,140.561,142.061,,semimem_r,Semimembranosus,0.014014872110174152,40.93187806485957,0.9773269034278905,0.03423950420248628,0.04341438325599328,0.013215542025529619,100.0,100.0
julia,rgs,rgs_abduction,140.561,142.061,,semiten_r,Semitendinosus,0.017781688148334904,41.5686770767932,0.9820142092371145,0.042776651553007916,0.05427868772801481,0.01675348088095063,100.0,94.0
julia,rgs,rgs_abduction,140.561,142.061,,bifemlh_r,Biceps femoris LH,0.016304240418418884,36.628267307862316,0.9872331162686614,0.04451272641804477,0.05427611341552946,0.015613711394449215,100.0,100.0
julia,rgs,rgs_abduction,140.561,142.061,,bifemsh_r,Biceps femoris SH,0.00035556262724808824,7.426866600112462,0.9881589337125929,0.004787518699241267,0.004644507696653366,0.00023030330047110005,50.0,46.0
julia,rgs,rgs_stork,247.829,249.329,,glut_med1_r,Glut. medius,0.0022518504223362217,29.65714385627653,0.47007043361651113,0.007592944328182999,0.00802916934931247,0.00021909810449261842,45.0,100.0
julia,rgs,rgs_stork,247.829,249.329,,rect_fem_r,Rect. femoris,0.011929438230763598,11.255411013259035,0.9969492927003577,0.10598847271512829,0.11299805828014486,-0.011447588454773673,7.0,11.0
julia,rgs,rgs_stork,247.829,249.329,,vas_lat_r,Vast. lateralis,0.005041139526369583,9.494911723426364,0.9668667552411111,0.05309306366621408,0.052582685492874454,0.0022069128148674844,7.0,8.0
julia,rgs,rgs_stork,247.829,249.329,,tib_ant_r,Tib. anterior,0.004331172986462435,39.57713955232498,0.9823102947240047,0.010943623100239941,0.01712041618377369,0.0036351134773523,100.0,63.0
julia,rgs,rgs_stork,247.829,249.329,,soleus_r,Soleus,0.0018474393279697397,10.747889714895692,0.9960636147171826,0.01718885638926254,0.019454930328316522,-0.001604588700326717,11.0,0.0
julia,rgs,rgs_stork,247.829,249.329,,med_gas_r,Med. gastrocnemius,0.0024557064175325526,18.195236805620464,0.9657445903138846,0.013496424606982804,0.016848200246457945,-0.0019063485584257171,14.0,0.0
julia,rgs,rgs_stork,247.829,249.329,,semimem_r,Semimembranosus,0.012321479233168163,20.786199652405323,0.980696887805478,0.05927721006827891,0.06275385671186029,0.011765616566188568,100.0,100.0
julia,rgs,rgs_stork,247.829,249.329,,semiten_r,Semitendinosus,0.015790874775494446,19.45692508342134,0.9837033370417863,0.08115812086334945,0.08701792764751348,0.014937633651973462,100.0,100.0
julia,rgs,rgs_stork,247.829,249.329,,bifemlh_r,Biceps femoris LH,0.015876945700550444,19.127948107479178,0.9888967290040751,0.08300391454085154,0.08979476096678796,0.015130651041583593,100.0,100.0
julia,rgs,rgs_stork,247.829,249.329,,bifemsh_r,Biceps femoris SH,0.002558920781907607,10.106820930145666,0.9928323664620613,0.0253187505704697,0.028121330558264074,-0.0017499339884046129,39.0,38.0
jung-hee,ng,ng_v0,5.71,7.21,3.58,glut_med1_r,Glut. medius,0.0023106914011763622,50.31655776619955,0.7364279300868599,0.004592308185931954,0.00704918788572427,-0.0021295488051599706,58.0,57.0
jung-hee,ng,ng_v0,5.71,7.21,3.58,rect_fem_r,Rect. femoris,0.006592988406941777,72.82472905184831,0.9418433443927611,0.009053227513208917,0.013942088553867804,0.006302090810416008,4.0,100.0
jung-hee,ng,ng_v0,5.71,7.21,3.58,vas_lat_r,Vast. lateralis,0.0017672070433629682,20.563015025936885,0.9668651404767701,0.008594104712436018,0.011910663282876821,0.0008984718445731814,0.0,11.0
jung-hee,ng,ng_v0,5.71,7.21,3.58,tib_ant_r,Tib. anterior,0.0062523961777480345,71.22510670036598,0.9376351440746269,0.008778359861292995,0.0080771092246677,-0.006180904302898901,17.0,15.0
jung-hee,ng,ng_v0,5.71,7.21,3.58,soleus_r,Soleus,0.0010066680960562244,12.63808597464158,0.9802633773570738,0.00796535249147784,0.006669693926902975,0.0008906145561813004,100.0,98.0
jung-hee,ng,ng_v0,5.71,7.21,3.58,med_gas_r,Med. gastrocnemius,0.0012780136855966824,14.590954683920101,0.9746661597451542,0.00875894493048568,0.007386988305894682,0.0011111010076621756,100.0,90.0
jung-hee,ng,ng_v0,5.71,7.21,3.58,semimem_r,Semimembranosus,0.006246164633371776,97.7780191456732,0.7790664118232451,0.006388107151225897,0.008613711900265164,-0.0061367681721322676,70.0,78.0
jung-hee,ng,ng_v0,5.71,7.21,3.58,semiten_r,Semitendinosus,0.007398455849563703,98.21344882546292,0.7684604810295617,0.0075330374180339055,0.009560816318978538,-0.00727445135853802,70.0,78.0
jung-hee,ng,ng_v0,5.71,7.21,3.58,bifemlh_r,Biceps femoris LH,0.0064842272503185736,98.14268834422069,0.7860218418301023,0.006606938692749198,0.009772752954472275,-0.006343581898330329,71.0,78.0
jung-hee,ng,ng_v0,5.71,7.21,3.58,bifemsh_r,Biceps femoris SH,0.0003060601295721551,21.704139421655785,0.9687860833926484,0.0014101463487042332,0.001972531678129441,-0.00016833978078715416,81.0,82.0
jung-hee,ng,ng_v1,40.08,41.58,4.08,glut_med1_r,Glut. medius,0.00667814395073794,45.1944091368556,0.7082517151132126,0.014776482485954173,0.015001428105563153,-0.005920296165718758,67.0,72.0
jung-hee,ng,ng_v1,40.08,41.58,4.08,rect_fem_r,Rect. femoris,0.005416422701232839,8.086347344919114,0.984450221593405,0.06698231562654966,0.07825589773414421,0.0021703840715228823,7.0,9.0
jung-hee,ng,ng_v1,40.08,41.58,4.08,vas_lat_r,Vast. lateralis,0.003974729689433789,6.436669533226201,0.9785717382287159,0.06175134002011701,0.06379613870149373,-0.0003539722912962107,51.0,53.0
jung-hee,ng,ng_v1,40.08,41.58,4.08,tib_ant_r,Tib. anterior,0.004300365003849714,18.149324918810606,0.9008212960554595,0.02369435239650519,0.022925754152868738,-0.0032802582448303364,59.0,22.0
jung-hee,ng,ng_v1,40.08,41.58,4.08,soleus_r,Soleus,0.001662040101586011,6.533081372862775,0.9886769238897739,0.025440370427495695,0.02226054478461925,-0.0013121484947108523,99.0,96.0
jung-hee,ng,ng_v1,40.08,41.58,4.08,med_gas_r,Med. gastrocnemius,0.001895286716829422,9.6337386215832,0.9520865463040175,0.019673428886510025,0.01629354854107956,-0.000900995626447636,100.0,96.0
jung-hee,ng,ng_v1,40.08,41.58,4.08,semimem_r,Semimembranosus,0.0037960059819312523,9.774704912939267,0.993242168353118,0.038834993135253515,0.044898825039090096,-0.0029794891955346034,41.0,42.0
jung-hee,ng,ng_v1,40.08,41.58,4.08,semiten_r,Semitendinosus,0.004437948040309851,9.140731422768377,0.9927469617390714,0.04855134490939639,0.05517959443194331,-0.0033688104096736755,41.0,41.0
jung-hee,ng,ng_v1,40.08,41.58,4.08,bifemlh_r,Biceps femoris LH,0.003572994320398004,7.546703834322112,0.9913710107963073,0.04734509792405217,0.053454328616631686,-0.0016663213615983742,40.0,41.0
jung-hee,ng,ng_v1,40.08,41.58,4.08,bifemsh_r,Biceps femoris SH,0.0004926101547406881,10.177875657777607,0.9303948186994285,0.004840009559010983,0.0054854879633799425,-3.858735861902089e-05,19.0,19.0
jung-hee,ng,ng_v2,69.7,71.2,4.6,glut_med1_r,Glut. medius,0.007692464017836265,43.07874552754839,0.5550937575723759,0.017856750292129603,0.05647495779940748,-0.004931950948915366,18.0,14.0
jung-hee,ng,ng_v2,69.7,71.2,4.6,rect_fem_r,Rect. femoris,0.00970734765144754,14.516345040771656,0.9161538274720673,0.06687184428437587,0.1035488912389565,1.1432873282849663e-05,54.0,58.0
jung-hee,ng,ng_v2,69.7,71.2,4.6,vas_lat_r,Vast. lateralis,0.004063584790294938,6.405316004230564,0.9792999917958152,0.06344081677798619,0.06417579448131816,0.00012075717491569793,97.0,97.0
jung-hee,ng,ng_v2,69.7,71.2,4.6,tib_ant_r,Tib. anterior,0.004219763402068965,17.485261265779126,0.8207542334162352,0.02413325907990621,0.023893410396264303,-0.0023979001057963054,16.0,70.0
jung-hee,ng,ng_v2,69.7,71.2,4.6,soleus_r,Soleus,0.003295850426763487,12.688102270788779,0.9781163957361174,0.025975913154100028,0.023613938574678195,-0.003073179018217531,56.0,54.0
jung-hee,ng,ng_v2,69.7,71.2,4.6,med_gas_r,Med. gastrocnemius,0.0031281318329538094,15.832094072228086,0.9336191717115557,0.019758168557380107,0.01702014778967842,-0.002634175278663867,59.0,56.0
jung-hee,ng,ng_v2,69.7,71.2,4.6,semimem_r,Semimembranosus,0.007947061993693846,20.84280119253642,0.8891941574474431,0.03812856976508322,0.10004716961654192,-4.0965637431020576e-05,87.0,14.0
jung-hee,ng,ng_v2,69.7,71.2,4.6,semiten_r,Semitendinosus,0.01056171295514556,22.023553902911853,0.8713146132490613,0.04795644246022046,0.12935758783276474,7.069930720356042e-05,87.0,14.0
jung-hee,ng,ng_v2,69.7,71.2,4.6,bifemlh_r,Biceps femoris LH,0.008699688964299936,18.72960330425281,0.8997391674470917,0.04644886932722464,0.11023397667763413,0.0014926267360927947,86.0,14.0
jung-hee,ng,ng_v2,69.7,71.2,4.6,bifemsh_r,Biceps femoris SH,0.00047387723007087483,8.85356168562557,0.9504550645541991,0.00535239090094386,0.005952509199235623,-4.9679508150135776e-05,64.0,65.0
jung-hee,gwo,gwo_v0,6.8,8.3,3.6,glut_med1_r,Glut. medius,0.002337117228696288,45.031959170040345,0.8820099711890916,0.005189907949310735,0.004292272075076431,-0.0022682785971637406,100.0,90.0
jung-hee,gwo,gwo_v0,6.8,8.3,3.6,rect_fem_r,Rect. femoris,0.006386362738821842,38.194446432258175,0.9740788948837973,0.016720657936877603,0.01538865549653623,0.006250575088578955,62.0,84.0
jung-hee,gwo,gwo_v0,6.8,8.3,3.6,vas_lat_r,Vast. lateralis,0.00418023383859327,73.10929238317084,0.9578906958700354,0.0057177873049083505,0.007558628532210093,0.004047340647649022,50.0,100.0
jung-hee,gwo,gwo_v0,6.8,8.3,3.6,tib_ant_r,Tib. anterior,0.004774147908774631,62.04088405664271,0.6117560500123931,0.007695164215287265,0.0021440325525028947,-0.004657337394015116,17.0,29.0
jung-hee,gwo,gwo_v0,6.8,8.3,3.6,soleus_r,Soleus,0.001841976787526728,37.52459660278374,0.5675078418786834,0.00490871842547691,0.0016571011134819402,0.0017244820717941698,4.0,8.0
jung-hee,gwo,gwo_v0,6.8,8.3,3.6,med_gas_r,Med. gastrocnemius,0.001608668110193212,29.560242065589293,0.5919327714710451,0.005441999110236795,0.002238702514935298,0.0014433562089895067,4.0,7.0
jung-hee,gwo,gwo_v0,6.8,8.3,3.6,semimem_r,Semimembranosus,0.0034195866865896116,24.261299215425534,0.9719683025071021,0.014094820958373944,0.010687731157676128,-0.0032080516531788126,6.0,3.0
jung-hee,gwo,gwo_v0,6.8,8.3,3.6,semiten_r,Semitendinosus,0.003958406452609508,22.924662765483646,0.9749948800322769,0.017267021517845205,0.01353568476609257,-0.003706828477547988,4.0,1.0
jung-hee,gwo,gwo_v0,6.8,8.3,3.6,bifemlh_r,Biceps femoris LH,0.003747738806271477,21.96919213160532,0.9732504442053829,0.01705906518464967,0.012892835135572711,-0.0034701786874022076,6.0,2.0
jung-hee,gwo,gwo_v0,6.8,8.3,3.6,bifemsh_r,Biceps femoris SH,0.000560344260327295,85.59597048887322,0.9533641591535342,0.0006546385970355173,0.0009928267003265767,-0.0005357355326615857,6.0,0.0
jung-hee,gwo,gwo_v1,48.96,50.46,4.1,glut_med1_r,Glut. medius,0.0033553532076228635,48.806073634194206,0.7589582993263289,0.0068748681419684154,0.013775322700536219,0.002277676820255251,18.0,54.0
jung-hee,gwo,gwo_v1,48.96,50.46,4.1,rect_fem_r,Rect. femoris,0.010435514498055035,30.177048159368958,0.7087875053828253,0.03458096511939707,0.06692652207095401,0.004734590555512333,81.0,10.0
jung-hee,gwo,gwo_v1,48.96,50.46,4.1,vas_lat_r,Vast. lateralis,0.009311555527552385,75.76952634129928,0.5401056127745888,0.012289314685179686,0.05503449417781092,0.004275695170585371,64.0,10.0
jung-hee,gwo,gwo_v1,48.96,50.46,4.1,tib_ant_r,Tib. anterior,0.007375666505020969,34.00210522202417,0.4978895866689922,0.021691793660598202,0.04133494969750334,-0.003343830246388632,42.0,100.0
jung-hee,gwo,gwo_v1,48.96,50.46,4.1,soleus_r,Soleus,0.0032237155317264743,14.05102429645888,0.854774248855485,0.022942921908824188,0.01780655739104936,-0.0019716585560899573,75.0,75.0
jung-hee,gwo,gwo_v1,48.96,50.46,4.1,med_gas_r,Med. gastrocnemius,0.004470665583215997,20.74204967198113,0.653795489246782,0.021553634543914346,0.023684082728161915,-0.0021975316315622777,76.0,76.0
jung-hee,gwo,gwo_v1,48.96,50.46,4.1,semimem_r,Semimembranosus,0.0032335980919561396,7.432919774274303,0.9782919228324751,0.04350373998583679,0.03698237234833901,-0.0007798173601018664,32.0,38.0
jung-hee,gwo,gwo_v1,48.96,50.46,4.1,semiten_r,Semitendinosus,0.00461532836441438,9.037750616343516,0.9661871945295047,0.05106722413946896,0.04259161343808693,-0.0013516026765116114,32.0,38.0
jung-hee,gwo,gwo_v1,48.96,50.46,4.1,bifemlh_r,Biceps femoris LH,0.004164264978291243,8.471641386856957,0.9711364871175748,0.049155350045290536,0.04237183325820898,-0.0011988159587885984,31.0,41.0
jung-hee,gwo,gwo_v1,48.96,50.46,4.1,bifemsh_r,Biceps femoris SH,0.0028007911257775576,261.94482572601646,0.15211995453766244,0.0010692294142534697,0.01681273671837291,-0.000869716687470425,92.0,92.0
jung-hee,gwo,gwo_v2,76.76,78.26,4.58,glut_med1_r,Glut. medius,0.00507826365398688,74.89029285958483,0.7714608416422176,0.006780937101565812,0.03169147696840356,0.0035396857108534767,14.0,5.0
jung-hee,gwo,gwo_v2,76.76,78.26,4.58,rect_fem_r,Rect. femoris,0.009348585596757482,28.612715078976773,0.6723617942599158,0.032672836432870944,0.06765606058228191,0.00399954480231581,56.0,74.0
jung-hee,gwo,gwo_v2,76.76,78.26,4.58,vas_lat_r,Vast. lateralis,0.008245257163439821,67.90397174532453,0.6220428401981952,0.012142525615974065,0.06038094048208176,0.0033091748381479124,12.0,74.0
jung-hee,gwo,gwo_v2,76.76,78.26,4.58,tib_ant_r,Tib. anterior,0.006032836597945329,28.14162292946909,0.6922993014578671,0.021437415365365864,0.039697042132673,-0.004263678837435289,17.0,74.0
jung-hee,gwo,gwo_v2,76.76,78.26,4.58,soleus_r,Soleus,0.0031308342294876623,16.07971116317886,0.8771172615795677,0.019470711866124812,0.014092779310262427,-0.0023448256311351377,49.0,48.0
jung-hee,gwo,gwo_v2,76.76,78.26,4.58,med_gas_r,Med. gastrocnemius,0.003823982590286933,20.858961671803595,0.7284188589567981,0.01833256444138376,0.022934395283962683,-0.0023376455455792183,51.0,49.0
jung-hee,gwo,gwo_v2,76.76,78.26,4.58,semimem_r,Semimembranosus,0.0033615542851171583,8.187267062010672,0.9800783282808815,0.041058319701270496,0.0359512957366363,-0.0012195125708009704,100.0,98.0
jung-hee,gwo,gwo_v2,76.76,78.26,4.58,semiten_r,Semitendinosus,0.004504069279074122,9.390660512885253,0.9728799656358942,0.047963285147982204,0.041715268951838747,-0.0019412498830784649,100.0,98.0
jung-hee,gwo,gwo_v2,76.76,78.26,4.58,bifemlh_r,Biceps femoris LH,0.004675732452287982,10.136531209020248,0.9703651714716226,0.04612753964716415,0.039300120173305364,-0.00198966182521247,100.0,98.0
jung-hee,gwo,gwo_v2,76.76,78.26,4.58,bifemsh_r,Biceps femoris SH,0.002031244998288243,205.8730333598257,0.18672005731297187,0.0009866493756557349,0.018822441012460445,-0.0005935139936370889,65.0,66.0
jung-hee,rd,rd_correct,25.024,26.524,,glut_med1_r,Glut. medius,0.0015844679057850273,70.00412150404297,0.9604328944760709,0.002263392314256124,0.0009539898921167855,-0.0014947202994207217,70.0,82.0
jung-hee,rd,rd_correct,25.024,26.524,,rect_fem_r,Rect. femoris,0.021398485123724994,361.2984759665999,0.9838628905955766,0.0059226613304904085,0.007170696346311789,-0.021392838699057573,2.0,0.0
jung-hee,rd,rd_correct,25.024,26.524,,vas_lat_r,Vast. lateralis,0.006776636371792022,104.35672296664798,0.9710963992452023,0.006493722856703549,0.006307821017511955,-0.006750991301821178,0.0,4.0
jung-hee,rd,rd_correct,25.024,26.524,,tib_ant_r,Tib. anterior,0.005489130056866163,21.89749056969507,0.9734163237865717,0.02506739317637985,0.02071263737156087,-0.0050427623653107965,0.0,0.0
jung-hee,rd,rd_correct,25.024,26.524,,soleus_r,Soleus,0.0019099707067572818,9.078027759356644,0.9757300230288218,0.021039489604872508,0.017004398628752526,0.0006672422417528655,77.0,74.0
jung-hee,rd,rd_correct,25.024,26.524,,med_gas_r,Med. gastrocnemius,0.002548283253137537,11.45167133886345,0.9780075766884082,0.02225250077243701,0.017934616498736844,0.001752565666340069,77.0,74.0
jung-hee,rd,rd_correct,25.024,26.524,,semimem_r,Semimembranosus,0.017433908806373837,1468.4480197033545,0.6659189558669445,0.0011872336352699575,0.0027722787010850958,0.017419977919932605,60.0,61.0
jung-hee,rd,rd_correct,25.024,26.524,,semiten_r,Semitendinosus,0.021966246158571068,1637.73056057255,0.5335520032453073,0.0013412612970287174,0.003292863548224223,0.021949270864708544,60.0,61.0
jung-hee,rd,rd_correct,25.024,26.524,,bifemlh_r,Biceps femoris LH,0.020179742088784414,1360.4548660774692,0.7796323270488106,0.0014833084574843447,0.0036032448884728563,0.020160943259270883,60.0,61.0
jung-hee,rd,rd_correct,25.024,26.524,,bifemsh_r,Biceps femoris SH,0.0009405122884044449,93.6962609004155,0.9735648769748503,0.001003788496324376,0.0007892242306944408,0.000932543735114486,63.0,59.0
jung-hee,rd,rd_toes,69.466,70.966,,glut_med1_r,Glut. medius,0.0008042036945229911,35.41763586054896,0.14451044624319567,0.0022706306476508176,0.0005766298746450738,-0.0004709259524247391,66.0,92.0
jung-hee,rd,rd_toes,69.466,70.966,,rect_fem_r,Rect. femoris,0.018705893840565625,351.4082890408181,0.9581575387519281,0.005323122539773906,0.010091798857624679,-0.018667121355990073,87.0,99.0
jung-hee,rd,rd_toes,69.466,70.966,,vas_lat_r,Vast. lateralis,0.00459261054716519,96.69748489674484,0.9842697017541214,0.004749462255475678,0.010892771217584252,-0.004283501931193765,94.0,100.0
jung-hee,rd,rd_toes,69.466,70.966,,tib_ant_r,Tib. anterior,0.004324589244493327,13.069721410232397,0.9728477143018683,0.03308861075728492,0.020185694140713584,0.0016377226855438015,0.0,16.0
jung-hee,rd,rd_toes,69.466,70.966,,soleus_r,Soleus,0.003912386790187742,17.550551786453838,0.984634763537391,0.022292101341266468,0.01623892512102254,-0.0034430145831795393,99.0,96.0
jung-hee,rd,rd_toes,69.466,70.966,,med_gas_r,Med. gastrocnemius,0.003536674880457738,15.54466063812562,0.9840150249884668,0.022751702097526083,0.015495871054633237,-0.0028194987396095786,99.0,96.0
jung-hee,rd,rd_toes,69.466,70.966,,semimem_r,Semimembranosus,0.016421740855521172,870.2934857295032,0.21308526052318982,0.0018869198867731418,0.0023643087932672113,0.016401466903888717,38.0,62.0
jung-hee,rd,rd_toes,69.466,70.966,,semiten_r,Semitendinosus,0.020737424852265873,762.9172086084079,0.4417597921493432,0.002718175002251133,0.0028296881343227165,0.020714357492692067,24.0,60.0
jung-hee,rd,rd_toes,69.466,70.966,,bifemlh_r,Biceps femoris LH,0.01847393752771913,843.1829354524824,0.16085161273154586,0.0021909762106138153,0.002843564745527827,0.018447561640513487,38.0,62.0
jung-hee,rd,rd_toes,69.466,70.966,,bifemsh_r,Biceps femoris SH,0.0006729396315701078,86.09085760166218,0.9821391453037063,0.0007816621303550764,0.00165512621659053,0.0006326219877631984,46.0,44.0
jung-hee,rd,rd_supination,115.444,116.944,,glut_med1_r,Glut. medius,0.0014623012773723593,65.91465377692364,0.6793186660262611,0.00221847676287773,0.00380884637291673,0.0010493322798946073,100.0,76.0
jung-hee,rd,rd_supination,115.444,116.944,,rect_fem_r,Rect. femoris,0.021572531366771265,518.9183690529331,0.8885846000360837,0.004157210970608505,0.007455804341619465,-0.021518608491007472,11.0,9.0
jung-hee,rd,rd_supination,115.444,116.944,,vas_lat_r,Vast. lateralis,0.006415627158357385,194.96660953027617,0.9111817511307511,0.003290628674219781,0.005142739363157678,-0.006347726866209214,12.0,13.0
jung-hee,rd,rd_supination,115.444,116.944,,tib_ant_r,Tib. anterior,0.005004858579612047,13.701773305824672,0.9321135935051152,0.03652708644277791,0.024223680323606,0.0016806613948003957,0.0,13.0
jung-hee,rd,rd_supination,115.444,116.944,,soleus_r,Soleus,0.004090067475090098,17.2089435420183,0.9637227186039005,0.023767103803342515,0.016566764825192093,-0.0032548981252203154,100.0,100.0
jung-hee,rd,rd_supination,115.444,116.944,,med_gas_r,Med. gastrocnemius,0.0035102511351185516,14.029675597000516,0.962757936776453,0.02502018746512591,0.017535380494396402,-0.002374464221827616,100.0,92.0
jung-hee,rd,rd_supination,115.444,116.944,,semimem_r,Semimembranosus,0.017477063420921625,806.415801474592,0.6217059591453994,0.002167252103562889,0.0035772834014742294,0.017448928646993284,52.0,82.0
jung-hee,rd,rd_supination,115.444,116.944,,semiten_r,Semitendinosus,0.022468503991382678,750.6247643740212,0.6238809209411387,0.0029933070500438586,0.004664515213072429,0.02243154319268103,52.0,80.0
jung-hee,rd,rd_supination,115.444,116.944,,bifemlh_r,Biceps femoris LH,0.01926350735047988,814.5489884083856,0.5651631524534356,0.0023649292583519665,0.0036400588335618878,0.019234746998234475,51.0,82.0
jung-hee,rd,rd_supination,115.444,116.944,,bifemsh_r,Biceps femoris SH,0.0008608457125894449,174.69934587803823,0.9139552281915907,0.000492758406313909,0.0006297055024533926,0.0008552504843465677,85.0,78.0
jung-hee,rd,rd_pronation,163.919,165.419,,glut_med1_r,Glut. medius,0.00972687733818101,550.2467414098894,0.7393064370342923,0.0017677301119962963,0.002506506876749706,-0.009717077456081748,63.0,91.0
jung-hee,rd,rd_pronation,163.919,165.419,,rect_fem_r,Rect. femoris,0.02139055456482345,326.92899071222473,0.9755604819519383,0.006542874805389232,0.005319792396186074,-0.021375634329453413,0.0,1.0
jung-hee,rd,rd_pronation,163.919,165.419,,vas_lat_r,Vast. lateralis,0.006489017520407199,77.98315561660462,0.9742448056872248,0.008321050192312968,0.006723889786216575,-0.006429500353675329,0.0,1.0
jung-hee,rd,rd_pronation,163.919,165.419,,tib_ant_r,Tib. anterior,0.018361056167325022,126.81255061977059,0.9466229737977362,0.014478895091683819,0.01567477328308975,-0.018226401934015625,28.0,1.0
jung-hee,rd,rd_pronation,163.919,165.419,,soleus_r,Soleus,0.005050804792061175,32.07994481689282,0.9829175814753902,0.01574443104840223,0.013764354623171493,0.0049193917455097975,75.0,79.0
jung-hee,rd,rd_pronation,163.919,165.419,,med_gas_r,Med. gastrocnemius,0.006604288252775309,39.20096632379027,0.9832439267855132,0.016847258810472998,0.014768933336343992,0.006489821353834958,75.0,79.0
jung-hee,rd,rd_pronation,163.919,165.419,,semimem_r,Semimembranosus,0.01782652876044867,3035.446370958935,-0.20230144463545924,0.000587278659606727,0.0006183454694499435,0.01782498753959734,83.0,10.0
jung-hee,rd,rd_pronation,163.919,165.419,,semiten_r,Semitendinosus,0.023043404117175974,2690.528931153385,-0.13887355271636462,0.0008564637179834245,0.0009228145647164343,0.02304114517816056,0.0,10.0
jung-hee,rd,rd_pronation,163.919,165.419,,bifemlh_r,Biceps femoris LH,0.021607573283130125,1446.7228595363208,0.7750015019235658,0.0014935530423605403,0.000979199607477943,0.02160524670239216,82.0,79.0
jung-hee,rd,rd_pronation,163.919,165.419,,bifemsh_r,Biceps femoris SH,0.0005006111374285068,65.57505755783114,0.976530320194356,0.0007634170004151564,0.0004143282909984669,0.00048203194673183974,77.0,65.0
jung-hee,rgs,rgs_correct,14.888,16.387999999999998,,glut_med1_r,Glut. medius,0.005839338067398158,54.619507591065585,0.8400361307773575,0.010690938686443469,0.01159818029653878,-0.005465119646499351,100.0,100.0
jung-hee,rgs,rgs_correct,14.888,16.387999999999998,,rect_fem_r,Rect. femoris,0.005909588185683351,10.946322501729702,0.9924620699876285,0.053986973111284975,0.06021200987644426,0.004908591891876667,1.0,2.0
jung-hee,rgs,rgs_correct,14.888,16.387999999999998,,vas_lat_r,Vast. lateralis,0.0027867614779779654,5.663829745726466,0.9865125342619363,0.04920277626778352,0.05033237985551997,-0.00029388330761518635,85.0,85.0
jung-hee,rgs,rgs_correct,14.888,16.387999999999998,,tib_ant_r,Tib. anterior,0.005297873143785366,38.81312585538051,0.5202249000287082,0.013649694599516371,0.014794019121120883,-0.003483140189573194,92.0,29.0
jung-hee,rgs,rgs_correct,14.888,16.387999999999998,,soleus_r,Soleus,0.002536099786153395,19.392792619445,0.7792975287997902,0.013077537804485506,0.014540152021828068,0.000968508905649059,48.0,50.0
jung-hee,rgs,rgs_correct,14.888,16.387999999999998,,med_gas_r,Med. gastrocnemius,0.0029091068666049387,17.921462959844252,0.8096485542165318,0.01623253008486658,0.016006229003798333,0.0012187558034888579,47.0,50.0
jung-hee,rgs,rgs_correct,14.888,16.387999999999998,,semimem_r,Semimembranosus,0.00635053705513119,17.112985001899617,0.9966611369940455,0.03710946427187456,0.041788403554270714,-0.006172401893634093,58.0,62.0
jung-hee,rgs,rgs_correct,14.888,16.387999999999998,,semiten_r,Semitendinosus,0.007004317594483079,15.60062391775809,0.9958777500985901,0.04489767608916018,0.05000470377592969,-0.00677783858225147,58.0,62.0
jung-hee,rgs,rgs_correct,14.888,16.387999999999998,,bifemlh_r,Biceps femoris LH,0.006504393016191348,14.955075348540738,0.9961078940347289,0.04349288027375953,0.04900770180618946,-0.006219311671253584,58.0,60.0
jung-hee,rgs,rgs_correct,14.888,16.387999999999998,,bifemsh_r,Biceps femoris SH,0.0002935325381165826,10.277683678171408,0.9382480316208472,0.0028560184114248544,0.0031709827597490303,-7.09898089059844e-05,26.0,60.0
jung-hee,rgs,rgs_flexion,82.204,83.704,,glut_med1_r,Glut. medius,0.005204605501644343,76.76985884398583,-0.5167749901719774,0.006779490779345199,0.010854215483114577,-0.0014059554835045142,29.0,61.0
jung-hee,rgs,rgs_flexion,82.204,83.704,,rect_fem_r,Rect. femoris,0.008584186251749238,9.22484969112661,0.9945389377538808,0.09305502570959368,0.0941851905675003,0.007899429930538611,0.0,4.0
jung-hee,rgs,rgs_flexion,82.204,83.704,,vas_lat_r,Vast. lateralis,0.0028713597665970597,6.590751813253558,0.9797836209857091,0.04356649814703914,0.03943430041893661,0.00022973238088694803,51.0,54.0
jung-hee,rgs,rgs_flexion,82.204,83.704,,tib_ant_r,Tib. anterior,0.006936383772578252,23.2654399392409,0.9674472023091922,0.029814109643716336,0.02362741675105945,-0.005741933322218148,88.0,87.0
jung-hee,rgs,rgs_flexion,82.204,83.704,,soleus_r,Soleus,0.005165610100404743,17.390783404300166,0.9885133743996579,0.029703147812924047,0.023004187430983702,0.004210368268919328,0.0,0.0
jung-hee,rgs,rgs_flexion,82.204,83.704,,med_gas_r,Med. gastrocnemius,0.005403108616102644,21.19617343203568,0.9642413484349837,0.025490962476917844,0.017693507172094503,0.00428588932513956,0.0,0.0
jung-hee,rgs,rgs_flexion,82.204,83.704,,semimem_r,Semimembranosus,0.007679615188355694,13.124575708339991,0.9966417597485688,0.058513245372768086,0.06059071668731392,-0.007462479204973691,90.0,93.0
jung-hee,rgs,rgs_flexion,82.204,83.704,,semiten_r,Semitendinosus,0.009046935947305842,12.116966539708207,0.9951741614189585,0.07466337319376393,0.07539800801426011,-0.008656067001491225,87.0,90.0
jung-hee,rgs,rgs_flexion,82.204,83.704,,bifemlh_r,Biceps femoris LH,0.008927193710948168,11.695575432146036,0.9953465130571056,0.07632966640026284,0.07709997993308892,-0.008513854862598556,83.0,88.0
jung-hee,rgs,rgs_flexion,82.204,83.704,,bifemsh_r,Biceps femoris SH,0.0011478708975335688,3.6418451332399417,0.9964929520815253,0.03151893766862002,0.02934182900642407,0.00012517472311902137,17.0,19.0
jung-hee,rgs,rgs_abduction,161.157,162.657,,glut_med1_r,Glut. medius,0.005821742467341149,36.128118824420916,0.5854137466921661,0.016114158878944795,0.015206037228132907,-0.003178768240443789,25.0,100.0
jung-hee,rgs,rgs_abduction,161.157,162.657,,rect_fem_r,Rect. femoris,0.007612442758066557,24.410705124948638,0.9935119095396027,0.031184854018355912,0.03317448037843668,0.007486618065149966,1.0,1.0
jung-hee,rgs,rgs_abduction,161.157,162.657,,vas_lat_r,Vast. lateralis,0.0033783900277215696,9.327970417506766,0.997010455597155,0.03621784671809203,0.0331972112783562,0.003279108241958712,100.0,100.0
jung-hee,rgs,rgs_abduction,161.157,162.657,,tib_ant_r,Tib. anterior,0.008332506366492541,26.092774621824816,0.9556771628875876,0.031934152221293366,0.01698988786156863,-0.0055320507797850344,85.0,81.0
jung-hee,rgs,rgs_abduction,161.157,162.657,,soleus_r,Soleus,0.006510366562557041,20.88981992930222,0.9631148223066978,0.031165259368391818,0.01830326838614993,0.00422411059512844,0.0,0.0
jung-hee,rgs,rgs_abduction,161.157,162.657,,med_gas_r,Med. gastrocnemius,0.006361003435465327,19.602783910684174,0.981253387165774,0.03244949015633625,0.019373501616534394,0.003853311608816841,0.0,0.0
jung-hee,rgs,rgs_abduction,161.157,162.657,,semimem_r,Semimembranosus,0.00602165211914675,15.63828920382398,0.9962549483366681,0.038505824010942935,0.03772116703332817,-0.005897001703924883,95.0,98.0
jung-hee,rgs,rgs_abduction,161.157,162.657,,semiten_r,Semitendinosus,0.006469316812873111,13.856851749141333,0.9963369623743396,0.046686772219194705,0.04500576109308896,-0.00629429958083171,93.0,88.0
jung-hee,rgs,rgs_abduction,161.157,162.657,,bifemlh_r,Biceps femoris LH,0.0071114721653906445,16.18223944712866,0.9964728587501781,0.043946155837240986,0.04117370557804306,-0.006938151821892425,94.0,97.0
jung-hee,rgs,rgs_abduction,161.157,162.657,,bifemsh_r,Biceps femoris SH,0.0002416275741869995,15.554501877026942,0.9214381418801479,0.001553425343333359,0.0016790939545140993,-0.00011881633270815489,55.0,53.0
jung-hee,rgs,rgs_stork,235.729,237.229,,glut_med1_r,Glut. medius,0.0054614162780272,59.57260003782755,-0.9580822497933069,0.00916766478978473,0.006488114448524096,-0.0013587051241769857,26.0,73.0
jung-hee,rgs,rgs_stork,235.729,237.229,,rect_fem_r,Rect. femoris,0.00922077009283521,11.245244169575125,0.9976333802708881,0.08199706430370551,0.07710379829973635,0.008727934989446623,5.0,1.0
jung-hee,rgs,rgs_stork,235.729,237.229,,vas_lat_r,Vast. lateralis,0.0018094131524515231,3.4506431011011216,0.9962923816651768,0.05243698346763617,0.049677615303500844,-0.00024314628922439188,70.0,71.0
jung-hee,rgs,rgs_stork,235.729,237.229,,tib_ant_r,Tib. anterior,0.006722904182209308,20.37784496269338,0.9955242067053144,0.03299124217755717,0.02652683458726146,-0.005886774082558603,99.0,100.0
jung-hee,rgs,rgs_stork,235.729,237.229,,soleus_r,Soleus,0.005663170252494051,16.92817062919964,0.9968844661582609,0.03345411844281371,0.02606899912201721,0.0045706352592418675,0.0,0.0
jung-hee,rgs,rgs_stork,235.729,237.229,,med_gas_r,Med. gastrocnemius,0.00576918219627559,20.938627600054094,0.9939646871233574,0.027552819155447827,0.01970137129119276,0.0046494227648050225,0.0,0.0
jung-hee,rgs,rgs_stork,235.729,237.229,,semimem_r,Semimembranosus,0.008236173930002928,17.204392079249207,0.9916031410158582,0.0478725077414206,0.04436702561484274,-0.007970421027857609,100.0,100.0
jung-hee,rgs,rgs_stork,235.729,237.229,,semiten_r,Semitendinosus,0.010072851339958527,15.71962540397656,0.9928116816702802,0.06407818940399446,0.05863113712677526,-0.009574173224439906,100.0,100.0
jung-hee,rgs,rgs_stork,235.729,237.229,,bifemlh_r,Biceps femoris LH,0.009500940139651266,13.927430755627768,0.9952392890844782,0.06821746455865269,0.06355450693079612,-0.00902056042589295,95.0,97.0
jung-hee,rgs,rgs_stork,235.729,237.229,,bifemsh_r,Biceps femoris SH,0.0009092615838100402,2.5032756969226666,0.9984955262482629,0.036322870266659646,0.03480889435334511,0.0003271912301319229,11.0,14.0
katee,ng,ng_v0,5.43,6.93,3.05,glut_med1_r,Glut. medius,0.001413133224267646,206.0369186721895,0.8791739652309122,0.0006858640836674423,0.002022473635764299,-0.0013393847044238763,98.0,100.0
katee,ng,ng_v0,5.43,6.93,3.05,rect_fem_r,Rect. femoris,0.005819802546972701,435.4824708366593,0.1585899972121413,0.0013364034000706293,0.0024652211531933643,0.005764582189345327,80.0,0.0
katee,ng,ng_v0,5.43,6.93,3.05,vas_lat_r,Vast. lateralis,0.0014358095212088596,166.47304528661815,0.6048507548820419,0.0008624876890651056,0.0011979658141184901,0.0013978610650589543,35.0,0.0
katee,ng,ng_v0,5.43,6.93,3.05,tib_ant_r,Tib. anterior,0.003092057717277816,686.0645812011785,0.18354861516465673,0.0004506948473952943,0.0008292883516903826,-0.003085020762133404,79.0,11.0
katee,ng,ng_v0,5.43,6.93,3.05,soleus_r,Soleus,0.00030069830131750113,31.911354652647194,0.8795049958878943,0.0009422924993018333,0.0010399601740072595,0.0002721347052665836,100.0,95.0
katee,ng,ng_v0,5.43,6.93,3.05,med_gas_r,Med. gastrocnemius,0.00029770742663187867,28.085462652329767,0.8806381584141799,0.0010600054210151422,0.0014182652601671952,-0.0002195260078468372,100.0,95.0
katee,ng,ng_v0,5.43,6.93,3.05,semimem_r,Semimembranosus,0.005393855225261921,564.9751931449622,-0.016594471575666497,0.000954706558926377,0.0020128731877213646,-0.005353095441274327,59.0,84.0
katee,ng,ng_v0,5.43,6.93,3.05,semiten_r,Semitendinosus,0.005838031706615362,517.3237333870314,-0.01615855696704935,0.0011285064515390575,0.0019362365792249259,-0.005800286379407208,60.0,81.0
katee,ng,ng_v0,5.43,6.93,3.05,bifemlh_r,Biceps femoris LH,0.0064508285532769,740.1616865927836,-0.21110331966562107,0.0008715431601130641,0.002080703278599494,-0.006413633374880193,59.0,84.0
katee,ng,ng_v0,5.43,6.93,3.05,bifemsh_r,Biceps femoris SH,0.000716355873048141,165.06694787694147,0.6050599064992921,0.000433978989895778,0.0005957086713180848,-0.0006975533819974258,60.0,70.0
katee,ng,ng_v1,36.57,38.07,3.57,glut_med1_r,Glut. medius,0.006400416353619631,42.53549484989279,0.8597018600954099,0.015047236140561235,0.02864008073881305,-0.0012119532921876285,40.0,57.0
katee,ng,ng_v1,36.57,38.07,3.57,rect_fem_r,Rect. femoris,0.004277608458704951,6.052693201426536,0.9942075043459044,0.07067281152953164,0.08055919736983841,-0.0011989653048658693,83.0,1.0
katee,ng,ng_v1,36.57,38.07,3.57,vas_lat_r,Vast. lateralis,0.002848960791002728,4.854450764521998,0.9931908072381758,0.05868760296888614,0.06179532824154224,-0.0011529904969429436,41.0,0.0
katee,ng,ng_v1,36.57,38.07,3.57,tib_ant_r,Tib. anterior,0.0052273858444417415,20.796651517418884,0.6135231624126577,0.025135709179256005,0.010986519306798004,-0.0010554658592283404,51.0,98.0
katee,ng,ng_v1,36.57,38.07,3.57,soleus_r,Soleus,0.00285079344813902,14.703887152578679,0.9137928181023783,0.019388025891092786,0.014054309041046098,-0.002005848736528488,88.0,86.0
katee,ng,ng_v1,36.57,38.07,3.57,med_gas_r,Med. gastrocnemius,0.003215556250379591,11.95060649483004,0.8894898117082372,0.0269070548994369,0.01785301495807201,-0.0017196621619153757,88.0,89.0
katee,ng,ng_v1,36.57,38.07,3.57,semimem_r,Semimembranosus,0.002435645473576351,8.835659040085178,0.9795725857468855,0.02756608717613973,0.03280914990424605,9.721939608781754e-05,30.0,30.0
katee,ng,ng_v1,36.57,38.07,3.57,semiten_r,Semitendinosus,0.003345918121300665,10.332172850349712,0.9706542341216963,0.032383489608261984,0.03881580535189344,0.000541780026751769,29.0,30.0
katee,ng,ng_v1,36.57,38.07,3.57,bifemlh_r,Biceps femoris LH,0.0032015487906438237,9.028124960376378,0.9858425481601196,0.035461945915626236,0.04435859918652679,0.00041686208263224615,28.0,29.0
katee,ng,ng_v1,36.57,38.07,3.57,bifemsh_r,Biceps femoris SH,0.0006296157253959148,10.396989904565158,0.9532612601939772,0.00605575008897008,0.0065852481968359244,-7.581098842241172e-05,13.0,13.0
katee,ng,ng_v2,68.29,69.79,4.05,glut_med1_r,Glut. medius,0.005779335922111652,44.79097968312403,0.870973409969262,0.012902901349775883,0.028970579554935982,-0.0006256309660892812,50.0,72.0
katee,ng,ng_v2,68.29,69.79,4.05,rect_fem_r,Rect. femoris,0.00369536903955294,5.428498653846512,0.9943735615307516,0.06807350015523139,0.07601335251506008,-0.000945462704928723,10.0,9.0
katee,ng,ng_v2,68.29,69.79,4.05,vas_lat_r,Vast. lateralis,0.003293087765552785,5.451632211645436,0.9922375702778057,0.060405537969313056,0.060899776303887626,-0.0020611551337533797,52.0,53.0
katee,ng,ng_v2,68.29,69.79,4.05,tib_ant_r,Tib. anterior,0.004096198459395515,17.571706374779524,0.7601791576239786,0.023311329998518204,0.012973547412323483,-0.001256535247310671,62.0,24.0
katee,ng,ng_v2,68.29,69.79,4.05,soleus_r,Soleus,0.003076986364754832,16.13537764384809,0.9578064380439706,0.019069813131569247,0.01569650097386255,-0.002661128210611658,98.0,94.0
katee,ng,ng_v2,68.29,69.79,4.05,med_gas_r,Med. gastrocnemius,0.004402385172774928,20.125877697046118,0.8450092437599379,0.02187425184155356,0.01884236150337759,-0.0031366922046860246,14.0,14.0
katee,ng,ng_v2,68.29,69.79,4.05,semimem_r,Semimembranosus,0.002912855134002231,10.7129748172494,0.9677306882296663,0.027189974621354696,0.03207557891882512,-0.0015535703644196158,40.0,42.0
katee,ng,ng_v2,68.29,69.79,4.05,semiten_r,Semitendinosus,0.0034645729727063902,10.703350043840917,0.9626762934306108,0.03236905229218423,0.0364167738785699,-0.0013891847697205654,38.0,42.0
katee,ng,ng_v2,68.29,69.79,4.05,bifemlh_r,Biceps femoris LH,0.002612538633400557,7.471881105831334,0.986602920452475,0.03496493849937782,0.03939531909886285,-0.0007772405231136929,37.0,40.0
katee,ng,ng_v2,68.29,69.79,4.05,bifemsh_r,Biceps femoris SH,0.0005797370807402734,7.734644447398783,0.9574500523635884,0.007495329419250074,0.006416411645720377,0.00018406945967106207,38.0,40.0
katee,gwo,gwo_v0,5.88,7.38,3.04,glut_med1_r,Glut. medius,0.0014523632298167543,111.50382565437846,0.865270530459295,0.0013025232285020921,0.0019242028959556567,-0.0014287062501756884,91.0,96.0
katee,gwo,gwo_v0,5.88,7.38,3.04,rect_fem_r,Rect. femoris,0.006775815332514529,247.95315496905013,0.43363882610885673,0.0027326997849090873,0.004983231292953194,0.006639839522260776,100.0,86.0
katee,gwo,gwo_v0,5.88,7.38,3.04,vas_lat_r,Vast. lateralis,0.0009246907544201491,133.35316997375384,0.7017298698175658,0.0006934149031493919,0.0036219650208676735,0.00048321030238164216,84.0,88.0
katee,gwo,gwo_v0,5.88,7.38,3.04,tib_ant_r,Tib. anterior,0.00206432679214523,110.46267680882964,0.8182203208837551,0.0018688002606688792,0.0018285153599753579,-0.0020509424753995223,82.0,20.0
katee,gwo,gwo_v0,5.88,7.38,3.04,soleus_r,Soleus,0.00022035702307927492,10.143869163341616,0.896533901971464,0.0021723172837797566,0.0017478471375036997,0.00011408259604564459,100.0,99.0
katee,gwo,gwo_v0,5.88,7.38,3.04,med_gas_r,Med. gastrocnemius,0.00029767819382287556,13.57720361488363,0.8585344153067326,0.0021924853030601543,0.0018552096602709733,0.00020064190086427512,100.0,99.0
katee,gwo,gwo_v0,5.88,7.38,3.04,semimem_r,Semimembranosus,0.006959047778413391,209.3638297872205,0.3923646111112709,0.0033239016431281243,0.0028873533644732663,-0.006885343195382756,0.0,6.0
katee,gwo,gwo_v0,5.88,7.38,3.04,semiten_r,Semitendinosus,0.008159711251922245,194.62930441424703,0.4637095061724087,0.004192437144282857,0.0035778021045260733,-0.008073155689806624,0.0,6.0
katee,gwo,gwo_v0,5.88,7.38,3.04,bifemlh_r,Biceps femoris LH,0.0076343453912880626,191.33262343257758,0.4667478478929306,0.003990090792842904,0.003709050043180284,-0.007543143577021733,0.0,6.0
katee,gwo,gwo_v0,5.88,7.38,3.04,bifemsh_r,Biceps femoris SH,0.00015792553424646556,137.6809605796607,0.7020699630326096,0.00011470397474100391,0.0006156842525948947,-8.193772126469266e-05,100.0,100.0
katee,gwo,gwo_v1,40.62,42.12,3.57,glut_med1_r,Glut. medius,0.0034043327529427415,22.988006047721505,0.9249836085508937,0.01480916938109196,0.018599183952993356,0.0025621950721232624,39.0,65.0
katee,gwo,gwo_v1,40.62,42.12,3.57,rect_fem_r,Rect. femoris,0.01317118694110462,60.90721278346324,0.04530305404709375,0.021625003573765067,0.031234249157443106,-0.007348694474101069,8.0,51.0
katee,gwo,gwo_v1,40.62,42.12,3.57,vas_lat_r,Vast. lateralis,0.011398205949942144,124.26845268625377,0.9495684171139863,0.009172244204826235,0.04009627736473112,-0.007846704291055145,56.0,51.0
katee,gwo,gwo_v1,40.62,42.12,3.57,tib_ant_r,Tib. anterior,0.003064893368935333,12.06411607970709,0.9774249136804347,0.025405038783494094,0.01700402656088923,-0.001955940849897354,58.0,59.0
katee,gwo,gwo_v1,40.62,42.12,3.57,soleus_r,Soleus,0.0014324093189178196,7.397235713887975,0.9569485142740014,0.019364116195845105,0.015535292496686892,0.0004773971639464619,8.0,95.0
katee,gwo,gwo_v1,40.62,42.12,3.57,med_gas_r,Med. gastrocnemius,0.0033184992301042463,16.604431255455086,0.8669425573608823,0.019985624193023854,0.01770143671171609,0.002252796808741053,8.0,96.0
katee,gwo,gwo_v1,40.62,42.12,3.57,semimem_r,Semimembranosus,0.004354123318902366,16.399685827401957,0.8981128073802669,0.026550041047903095,0.023961153377450695,0.001425616231440226,45.0,46.0
katee,gwo,gwo_v1,40.62,42.12,3.57,semiten_r,Semitendinosus,0.005665833497920232,18.871195151493865,0.8422123853618669,0.030023713137594887,0.02452774572065608,0.0012497683630443436,45.0,46.0
katee,gwo,gwo_v1,40.62,42.12,3.57,bifemlh_r,Biceps femoris LH,0.006243130010486263,21.01356650320799,0.8051854958348759,0.029709997156042833,0.02176497766866564,0.0019331935293726186,44.0,34.0
katee,gwo,gwo_v1,40.62,42.12,3.57,bifemsh_r,Biceps femoris SH,0.001239217851697993,87.37844282522758,0.8756693906587767,0.001418219198729198,0.004583168690486805,0.0008478184323170707,20.0,100.0
katee,gwo,gwo_v2,70.46,71.96,4.06,glut_med1_r,Glut. medius,0.004649759193837543,27.72097671813092,0.9422630194456741,0.01677343205153506,0.02461732368759474,0.003546565184998057,77.0,0.0
katee,gwo,gwo_v2,70.46,71.96,4.06,rect_fem_r,Rect. femoris,0.014946763990407277,75.60614607927774,0.3344874080342617,0.019769244652061313,0.025410359595524068,-0.012711423537824304,30.0,28.0
katee,gwo,gwo_v2,70.46,71.96,4.06,vas_lat_r,Vast. lateralis,0.013105156500656459,193.10736009121936,0.9297191568188686,0.0067864614246012644,0.031399801022065715,-0.011474218225891309,76.0,69.0
katee,gwo,gwo_v2,70.46,71.96,4.06,tib_ant_r,Tib. anterior,0.003544925379411486,15.192325803263895,0.9629150188235532,0.023333658225325182,0.01578923376240876,-0.0029521617180007682,78.0,77.0
katee,gwo,gwo_v2,70.46,71.96,4.06,soleus_r,Soleus,0.0013778330016379302,7.589159054127842,0.9350086101495859,0.01815527902117836,0.014767819735992949,0.00023333047198273915,29.0,29.0
katee,gwo,gwo_v2,70.46,71.96,4.06,med_gas_r,Med. gastrocnemius,0.0027195498923040947,14.56683421480885,0.879839026610055,0.01866946415535753,0.01566815673835098,0.0019392803634900903,29.0,30.0
katee,gwo,gwo_v2,70.46,71.96,4.06,semimem_r,Semimembranosus,0.005035031317800232,21.9597165612641,0.9022513116002051,0.022928489553830533,0.02150624422558467,0.003954001677952239,68.0,81.0
katee,gwo,gwo_v2,70.46,71.96,4.06,semiten_r,Semitendinosus,0.005980486086608846,23.79830354347831,0.8581030644783962,0.02512988405111649,0.022830465038884085,0.004411772039673906,68.0,81.0
katee,gwo,gwo_v2,70.46,71.96,4.06,bifemlh_r,Biceps femoris LH,0.0066667934257895545,25.44607615711299,0.8646852044861493,0.026199691396922797,0.02310631795184176,0.0052767546381289505,68.0,81.0
katee,gwo,gwo_v2,70.46,71.96,4.06,bifemsh_r,Biceps femoris SH,0.0016062236769433015,145.31122955505197,0.8710140059019448,0.0011053678933566347,0.0033796695933918097,0.0014783178384370262,41.0,42.0
katee,rd,rd_correct,48.917,50.417,,glut_med1_r,Glut. medius,0.0019380191683819733,125.46142619983374,0.882924696265402,0.0015447131656985275,0.0036409773009382362,0.0017025445745502941,28.0,30.0
katee,rd,rd_correct,48.917,50.417,,rect_fem_r,Rect. femoris,0.006601252967399045,229.12897527777676,0.8031235665580806,0.002881020595232986,0.007095002980985865,0.006333202884260269,31.0,47.0
katee,rd,rd_correct,48.917,50.417,,vas_lat_r,Vast. lateralis,0.0013904494799414976,41.281873250579736,0.9413319894678948,0.003368184073192393,0.0062642243305379985,-0.0009675736875332835,49.0,53.0
katee,rd,rd_correct,48.917,50.417,,tib_ant_r,Tib. anterior,0.008198338729168572,38.28098889798723,0.9774905811607479,0.021416214588959148,0.01880273632043039,-0.007973259448680034,90.0,0.0
katee,rd,rd_correct,48.917,50.417,,soleus_r,Soleus,0.003567861799204355,16.72687583720961,0.9781064657272573,0.021330114684461887,0.018081343932171923,0.002941441399706171,43.0,43.0
katee,rd,rd_correct,48.917,50.417,,med_gas_r,Med. gastrocnemius,0.003972939787233227,19.281734240608774,0.9056317348006471,0.020604680770186734,0.02464238250269446,0.0010258423013032487,39.0,32.0
katee,rd,rd_correct,48.917,50.417,,semimem_r,Semimembranosus,0.009526634831963405,176.18060998513846,0.4236856514955291,0.005407311753981903,0.0078091224884381805,-0.009332336258572554,81.0,84.0
katee,rd,rd_correct,48.917,50.417,,semiten_r,Semitendinosus,0.010626583727327677,203.28268637337027,0.48219116880825297,0.005227490799590173,0.008382609162250088,-0.01045574944621537,81.0,84.0
katee,rd,rd_correct,48.917,50.417,,bifemlh_r,Biceps femoris LH,0.009389754549573883,319.1147142590836,0.3008394631297382,0.0029424386059335728,0.005183589632463015,-0.009230380698909416,81.0,89.0
katee,rd,rd_correct,48.917,50.417,,bifemsh_r,Biceps femoris SH,0.000505220357557229,24.825434949247118,0.9584470340716043,0.002035091665423372,0.0025998015064843116,0.0003807123725565613,13.0,8.0
katee,rd,rd_toes,97.308,98.808,,glut_med1_r,Glut. medius,0.0033095962212724753,187.89749146957203,0.9475744003892513,0.0017613839308804335,0.002463069713176308,0.003285300783160935,67.0,55.0
katee,rd,rd_toes,97.308,98.808,,rect_fem_r,Rect. femoris,0.005952354827719979,114.04052469518615,0.45472453954375697,0.005219508454235688,0.003580826051354069,0.0058422076723024545,0.0,71.0
katee,rd,rd_toes,97.308,98.808,,vas_lat_r,Vast. lateralis,0.000592078600054687,41.49170133425859,0.8789086112961227,0.001426980772094355,0.002088425118466797,-0.00044600271345721884,77.0,84.0
katee,rd,rd_toes,97.308,98.808,,tib_ant_r,Tib. anterior,0.004928182954039274,19.729021451735903,0.9709135634897345,0.02497935828239295,0.018488467321238322,-0.004307003565637245,4.0,0.0
katee,rd,rd_toes,97.308,98.808,,soleus_r,Soleus,0.0021706122874467475,9.807655596051534,0.9695273881002177,0.022131815969563762,0.017368160284910894,-0.0007388750449527205,75.0,75.0
katee,rd,rd_toes,97.308,98.808,,med_gas_r,Med. gastrocnemius,0.0024945880396451577,11.19947942660074,0.9546699277093162,0.022274142793816565,0.01861723262846382,-0.00011865638647467485,74.0,71.0
katee,rd,rd_toes,97.308,98.808,,semimem_r,Semimembranosus,0.007134605129438045,130.6885854064307,0.5387931789545819,0.005459241223898792,0.007003148561312789,-0.00703658261925989,98.0,100.0
katee,rd,rd_toes,97.308,98.808,,semiten_r,Semitendinosus,0.008446426460902552,134.84446224252326,0.45524812166557815,0.0062638289481338205,0.007027926091656811,-0.008331312270995437,98.0,100.0
katee,rd,rd_toes,97.308,98.808,,bifemlh_r,Biceps femoris LH,0.008979384480167012,144.19044757197116,0.7979446363195152,0.006227447539952358,0.004309789655023821,-0.008916037138750828,98.0,100.0
katee,rd,rd_toes,97.308,98.808,,bifemsh_r,Biceps femoris SH,0.00040054945884190706,44.1884954041386,0.8786162783705512,0.0009064564321065172,0.001357609539033633,0.00030455870220664637,41.0,39.0
katee,rd,rd_supination,147.473,148.973,,glut_med1_r,Glut. medius,0.0017972591712489092,72.79891959125979,0.9012329165681835,0.002468799236774233,0.0035185579057424865,0.0016517797761715263,63.0,77.0
katee,rd,rd_supination,147.473,148.973,,rect_fem_r,Rect. femoris,0.008710566273616587,282.428884473181,0.8671705613502816,0.0030841626874901773,0.0042494906168839,0.008686319814039563,81.0,78.0
katee,rd,rd_supination,147.473,148.973,,vas_lat_r,Vast. lateralis,0.0014881128253604549,82.58488870123404,0.8633784618355358,0.0018019190299377597,0.0025573182208830647,0.0014203283918859573,81.0,84.0
katee,rd,rd_supination,147.473,148.973,,tib_ant_r,Tib. anterior,0.0021940395106474896,8.337223836076726,0.9762706294004698,0.026316188143509722,0.01912119852090155,9.479001922018896e-05,0.0,0.0
katee,rd,rd_supination,147.473,148.973,,soleus_r,Soleus,0.0021828020222596444,10.582813365775607,0.9840137554169088,0.02062591436525507,0.016103248638699275,-0.0008407445843587242,78.0,78.0
katee,rd,rd_supination,147.473,148.973,,med_gas_r,Med. gastrocnemius,0.002592452011053937,12.415283067777844,0.984133615991597,0.020881134943932844,0.015169515629538166,-0.0015707076695054187,75.0,78.0
katee,rd,rd_supination,147.473,148.973,,semimem_r,Semimembranosus,0.009037438330588484,413.7632181274558,0.8331474685350174,0.0021842053461128552,0.00321724896011516,-0.009021990756725535,12.0,23.0
katee,rd,rd_supination,147.473,148.973,,semiten_r,Semitendinosus,0.010617178655778237,351.49855707126187,0.8856466752126279,0.0030205468677431124,0.0043811660873646074,-0.010597483446899822,12.0,18.0
katee,rd,rd_supination,147.473,148.973,,bifemlh_r,Biceps femoris LH,0.011215792219101553,569.1374350624186,0.7841952652579365,0.00197066499726406,0.0036403949812391367,-0.011193293869300453,12.0,32.0
katee,rd,rd_supination,147.473,148.973,,bifemsh_r,Biceps femoris SH,0.000786066967360017,79.91164786180612,0.861693674749901,0.0009836700761313155,0.0013182888331417786,-0.0007532853231803269,44.0,13.0
katee,rd,rd_pronation,186.39,187.89,,glut_med1_r,Glut. medius,0.0032454713383796674,197.14551677165971,0.8784230640357626,0.001646231368344367,0.0029778380524157766,0.003180943591546369,67.0,70.0
katee,rd,rd_pronation,186.39,187.89,,rect_fem_r,Rect. femoris,0.0036608052449350246,62.92743384970312,0.8124155258635132,0.0058175028298127485,0.00770745336269163,0.003265638237195303,0.0,88.0
katee,rd,rd_pronation,186.39,187.89,,vas_lat_r,Vast. lateralis,0.0036780507054530462,64.84743206817268,0.8957184061123366,0.00567185251312094,0.008811855917840367,-0.0033406252864854823,88.0,95.0
katee,rd,rd_pronation,186.39,187.89,,tib_ant_r,Tib. anterior,0.011340186899101429,62.76944986573588,0.9863010391064027,0.018066411165556073,0.017667560780595115,-0.011274906076138576,41.0,0.0
katee,rd,rd_pronation,186.39,187.89,,soleus_r,Soleus,0.00171645723841253,8.978503567433243,0.9947623499237274,0.019117408881346887,0.01800174492155704,0.0014990676123260867,80.0,83.0
katee,rd,rd_pronation,186.39,187.89,,med_gas_r,Med. gastrocnemius,0.003571583531278981,13.636554841356988,0.9364247892790817,0.026191245316940837,0.025652669356705182,0.00110739452029987,76.0,83.0
katee,rd,rd_pronation,186.39,187.89,,semimem_r,Semimembranosus,0.007852645158335066,115.44705148807446,0.5476239017584146,0.006801945183629254,0.006693606310873512,-0.007593401216551208,100.0,97.0
katee,rd,rd_pronation,186.39,187.89,,semiten_r,Semitendinosus,0.009015340088617863,138.99048745249243,0.47034517235442475,0.0064863000726573805,0.006058875921252982,-0.008808099960109873,100.0,97.0
katee,rd,rd_pronation,186.39,187.89,,bifemlh_r,Biceps femoris LH,0.007865130236255138,198.0925488216698,0.7047968732970422,0.003970432145499636,0.0030946712904008633,-0.007836990920519976,100.0,100.0
katee,rd,rd_pronation,186.39,187.89,,bifemsh_r,Biceps femoris SH,0.0006849131860032039,46.51267100337864,0.9512419941816183,0.0014725303260985645,0.0017261000188713016,0.0006583053340575752,56.0,54.0
katee,rgs,rgs_correct,19.536,21.036,,glut_med1_r,Glut. medius,0.0024541881801189375,20.08579696606894,0.9847155091056431,0.012218525280648873,0.018561491716191175,4.869019314775167e-05,54.0,61.0
katee,rgs,rgs_correct,19.536,21.036,,rect_fem_r,Rect. femoris,0.0067514855308929995,12.092692239373912,0.9864163362610195,0.05583112012815561,0.06786900667381507,-0.003897555877116885,0.0,0.0
katee,rgs,rgs_correct,19.536,21.036,,vas_lat_r,Vast. lateralis,0.007359593368681808,16.7795094576269,0.9631874692262229,0.04386059906737383,0.051549869061451564,-0.0058048896623980675,0.0,0.0
katee,rgs,rgs_correct,19.536,21.036,,tib_ant_r,Tib. anterior,0.007800580049065079,40.47336247669559,0.8074225358470137,0.019273367893652582,0.006985209528676428,-0.006492249269427047,74.0,75.0
katee,rgs,rgs_correct,19.536,21.036,,soleus_r,Soleus,0.002399235834562828,16.49863609126353,0.9511459048192014,0.014542025300099126,0.009107724383216054,0.001536788194692468,9.0,3.0
katee,rgs,rgs_correct,19.536,21.036,,med_gas_r,Med. gastrocnemius,0.003917025627771819,18.17865548237665,0.9067323176200025,0.02154738908809395,0.01375741776490258,0.0028234755295820798,8.0,11.0
katee,rgs,rgs_correct,19.536,21.036,,semimem_r,Semimembranosus,0.002187668348773344,8.962268615325351,0.991152887814351,0.02440976099547454,0.029244062123719994,-0.000981714104598598,56.0,57.0
katee,rgs,rgs_correct,19.536,21.036,,semiten_r,Semitendinosus,0.002382924710928611,8.598513212113257,0.9896756248249573,0.027713217996474526,0.03354026999768944,-0.0009876303714059593,56.0,57.0
katee,rgs,rgs_correct,19.536,21.036,,bifemlh_r,Biceps femoris LH,0.0026268397349583413,8.391842106354634,0.9967892144944351,0.03130230170762144,0.03981578781820272,-0.0003555833196843459,56.0,57.0
katee,rgs,rgs_correct,19.536,21.036,,bifemsh_r,Biceps femoris SH,0.0007916473363973631,15.694104837036871,0.9143310450596129,0.0050442337719647234,0.006176076005898756,0.0002423897725152626,39.0,52.0
katee,rgs,rgs_flexion,117.015,118.515,,glut_med1_r,Glut. medius,0.005608989814943993,20.92538869784262,0.9258857472001711,0.02680471027772245,0.03226290751064395,-0.0029348613895187983,85.0,90.0
katee,rgs,rgs_flexion,117.015,118.515,,rect_fem_r,Rect. femoris,0.01668706767400368,20.15039659952344,0.9386754452048978,0.08281260168545929,0.11747749296681953,0.007929782903157045,0.0,50.0
katee,rgs,rgs_flexion,117.015,118.515,,vas_lat_r,Vast. lateralis,0.01863719928629595,33.526743891386076,0.8335744178492102,0.055589052568520814,0.10558848008630134,0.007368619443405283,1.0,50.0
katee,rgs,rgs_flexion,117.015,118.515,,tib_ant_r,Tib. anterior,0.008771072809610522,29.992378542390764,0.6878308646159845,0.02924433884832983,0.02610904258157315,-0.004508582751237918,55.0,50.0
katee,rgs,rgs_flexion,117.015,118.515,,soleus_r,Soleus,0.00648683257197588,24.801050991639162,0.9366564143531777,0.02615547451663519,0.018076102564503482,0.004878615356559829,15.0,0.0
katee,rgs,rgs_flexion,117.015,118.515,,med_gas_r,Med. gastrocnemius,0.006666741505580061,34.25978418412684,0.6590925402639684,0.019459379749008687,0.025214808458454918,0.0045625798603415,19.0,10.0
katee,rgs,rgs_flexion,117.015,118.515,,semimem_r,Semimembranosus,0.006798017613123929,18.559100798107618,0.8879221372440839,0.03662902468753815,0.04000444321566893,-0.003709671659077591,100.0,100.0
katee,rgs,rgs_flexion,117.015,118.515,,semiten_r,Semitendinosus,0.00853620820840214,19.554743529520696,0.8526297614666611,0.04365287734669343,0.04636459418156169,-0.003143140320461185,99.0,100.0
katee,rgs,rgs_flexion,117.015,118.515,,bifemlh_r,Biceps femoris LH,0.0065242769770763155,13.71333463025905,0.9420314208618282,0.04757615235815965,0.05281966195785537,-0.002743764580221958,95.0,100.0
katee,rgs,rgs_flexion,117.015,118.515,,bifemsh_r,Biceps femoris SH,0.006939102302964881,88.07199876665838,0.24893046309615796,0.007878897266030749,0.03286233540774647,-0.0035410555996907753,44.0,44.0
katee,rgs,rgs_abduction,215.945,217.445,,glut_med1_r,Glut. medius,0.00528949644721512,56.30351228165733,0.6492895130941126,0.009394611868535852,0.01849172186725824,-0.0041112166188769185,100.0,100.0
katee,rgs,rgs_abduction,215.945,217.445,,rect_fem_r,Rect. femoris,0.00994991981586918,45.880693193941084,0.977495927055002,0.02168650716284981,0.016202501098658895,0.009672654600809835,0.0,24.0
katee,rgs,rgs_abduction,215.945,217.445,,vas_lat_r,Vast. lateralis,0.005640265374795646,45.12521016258564,0.9478654207037466,0.012499144833838627,0.009214417023375387,0.0050947750101680055,100.0,100.0
katee,rgs,rgs_abduction,215.945,217.445,,tib_ant_r,Tib. anterior,0.008630595676230913,26.657492727188824,0.9442980719907049,0.03237587182168972,0.02170880745832765,-0.006608597420217267,86.0,93.0
katee,rgs,rgs_abduction,215.945,217.445,,soleus_r,Soleus,0.005341911520862863,18.893205396742125,0.9754875448273561,0.028274246792362734,0.020739893896493944,0.004294608948454888,0.0,0.0
katee,rgs,rgs_abduction,215.945,217.445,,med_gas_r,Med. gastrocnemius,0.00752175575972538,20.63621576234592,0.914163554960956,0.036449297905917555,0.0227653156812766,0.005281212465986953,0.0,1.0
katee,rgs,rgs_abduction,215.945,217.445,,semimem_r,Semimembranosus,0.005331325610084205,30.610041084292167,0.9184264555071721,0.017416917525210462,0.016672415095001225,-0.004890916346142344,93.0,82.0
katee,rgs,rgs_abduction,215.945,217.445,,semiten_r,Semitendinosus,0.006102407339306214,31.012091930783065,0.918826659716742,0.01967750951121383,0.018580204954348978,-0.00541854585362703,93.0,82.0
katee,rgs,rgs_abduction,215.945,217.445,,bifemlh_r,Biceps femoris LH,0.006803192802397955,35.09543491195047,0.9631657084479565,0.019384836858315657,0.015479604126064528,-0.006407071910435398,84.0,82.0
katee,rgs,rgs_abduction,215.945,217.445,,bifemsh_r,Biceps femoris SH,0.0013933994273497249,52.73429242884413,0.9748026910795541,0.0026423023106451615,0.0035989939977448815,-0.0013752454457391042,49.0,51.0
katee,rgs,rgs_stork,286.172,287.672,,glut_med1_r,Glut. medius,0.005874866208345018,20.72832941925934,0.9943066080073556,0.02834220785244032,0.027719240117043173,-0.00573285486334313,87.0,80.0
katee,rgs,rgs_stork,286.172,287.672,,rect_fem_r,Rect. femoris,0.009736710231035863,10.538066507372937,0.9895708898628343,0.09239560430012084,0.10215136574943345,0.008482252120009299,2.0,9.0
katee,rgs,rgs_stork,286.172,287.672,,vas_lat_r,Vast. lateralis,0.011409739114775299,22.065969967459452,0.9291324282295521,0.05170739891154194,0.057484558668307345,0.009127744693104423,8.0,9.0
katee,rgs,rgs_stork,286.172,287.672,,tib_ant_r,Tib. anterior,0.008915943785077296,30.740192368736007,0.9686846814846329,0.029004189948222847,0.01794292612255899,-0.006810684477414128,100.0,100.0
katee,rgs,rgs_stork,286.172,287.672,,soleus_r,Soleus,0.007502439878207951,25.386551776218585,0.9808825650102184,0.029552811836525306,0.019947026453700223,0.005758946191696479,0.0,0.0
katee,rgs,rgs_stork,286.172,287.672,,med_gas_r,Med. gastrocnemius,0.007351817077418046,36.05043800334255,0.7934204300939067,0.020393142176903356,0.011639269493457727,0.005508575607460829,0.0,48.0
katee,rgs,rgs_stork,286.172,287.672,,semimem_r,Semimembranosus,0.009980665926962713,22.832987043573898,0.9508847974993576,0.04371160859468742,0.045294754605258836,-0.009193464676576267,100.0,100.0
katee,rgs,rgs_stork,286.172,287.672,,semiten_r,Semitendinosus,0.010985744022734154,20.359514342948508,0.9617731957445226,0.05395877248191361,0.05591875324340523,-0.009967284141558053,100.0,100.0
katee,rgs,rgs_stork,286.172,287.672,,bifemlh_r,Biceps femoris LH,0.007543308511119301,12.776735601844782,0.9900442431157266,0.05903940369580907,0.06533666199460714,-0.007008745674892793,97.0,100.0
katee,rgs,rgs_stork,286.172,287.672,,bifemsh_r,Biceps femoris SH,0.006047107468955331,27.305393239684893,0.9976834659230592,0.022146201726062797,0.033077719246404624,-0.0045827165212038185,29.0,29.0
latifah,ng,ng_v0,9.42,10.92,3.58,glut_med1_r,Glut. medius,0.008228293662350563,77.42795402121521,0.9265662576739686,0.010627032273248516,0.035139027641717765,0.0008677352440839715,24.0,28.0
latifah,ng,ng_v0,9.42,10.92,3.58,rect_fem_r,Rect. femoris,0.0038003964326956434,4.5866670199671065,0.9944317243787307,0.0828574739816822,0.0880870016280158,-0.0018260254625249914,44.0,44.0
latifah,ng,ng_v0,9.42,10.92,3.58,vas_lat_r,Vast. lateralis,0.002353692707360923,3.7827203878584506,0.9966364246771642,0.06222222279277276,0.06279452016194217,-0.0015087963274619358,42.0,44.0
latifah,ng,ng_v0,9.42,10.92,3.58,tib_ant_r,Tib. anterior,0.007345141155700863,36.39818740010876,0.5572548137147696,0.02017996411458367,0.02309949798924199,-0.005227449160737715,98.0,65.0
latifah,ng,ng_v0,9.42,10.92,3.58,soleus_r,Soleus,0.002616860571280176,11.8248390703629,0.9077237043969544,0.022130200298783986,0.023424258194505165,0.0009080375957804059,50.0,49.0
latifah,ng,ng_v0,9.42,10.92,3.58,med_gas_r,Med. gastrocnemius,0.0031635202828457004,13.897604176168995,0.8744362099460744,0.022763062199385176,0.02326394352765848,0.0013110256437280996,48.0,49.0
latifah,ng,ng_v0,9.42,10.92,3.58,semimem_r,Semimembranosus,0.003012047597806549,8.100939730711877,0.9601520629237453,0.037181459163156405,0.03777900213248747,0.00024590891904311156,79.0,79.0
latifah,ng,ng_v0,9.42,10.92,3.58,semiten_r,Semitendinosus,0.004515620507019191,9.943375942595454,0.9459659176237231,0.045413353906042786,0.04684335536112921,0.00029643476810928846,79.0,79.0
latifah,ng,ng_v0,9.42,10.92,3.58,bifemlh_r,Biceps femoris LH,0.003982124024660501,8.344778410447626,0.9652428329285957,0.04771994927600354,0.05060118578453654,0.00032371081967674635,78.0,79.0
latifah,ng,ng_v0,9.42,10.92,3.58,bifemsh_r,Biceps femoris SH,0.00041608268746744123,7.148338979785455,0.9700250592362312,0.005820690493890501,0.006074054337561918,8.129473663410209e-05,59.0,81.0
latifah,ng,ng_v1,84.35,85.85,4.08,glut_med1_r,Glut. medius,0.009176645344035422,74.84526010536392,0.9576663449421541,0.01226082363948891,0.03799277032185194,0.0011962209808295077,67.0,67.0
latifah,ng,ng_v1,84.35,85.85,4.08,rect_fem_r,Rect. femoris,0.004566179754198234,5.5562360311194166,0.9968417368445149,0.08218116956558241,0.09238243928151052,3.816774926147834e-05,84.0,84.0
latifah,ng,ng_v1,84.35,85.85,4.08,vas_lat_r,Vast. lateralis,0.0017007068335276837,2.699721445707747,0.9978919317785906,0.06299564113296266,0.0646314897008975,-0.00025600989915474694,74.0,76.0
latifah,ng,ng_v1,84.35,85.85,4.08,tib_ant_r,Tib. anterior,0.005192028631260703,28.5958979826831,0.6084792295503425,0.01815655040595282,0.02068311307670323,-0.002481685811598528,58.0,100.0
latifah,ng,ng_v1,84.35,85.85,4.08,soleus_r,Soleus,0.0040526908397890546,15.878116316742863,0.9416504727931864,0.02552375079602892,0.02228548222863813,-0.003519469648788649,18.0,16.0
latifah,ng,ng_v1,84.35,85.85,4.08,med_gas_r,Med. gastrocnemius,0.0038194774974858537,15.647151770904927,0.9170416872517267,0.024410049531110034,0.021026493739582208,-0.003079527858267123,15.0,16.0
latifah,ng,ng_v1,84.35,85.85,4.08,semimem_r,Semimembranosus,0.003836597922572811,10.01563760995405,0.9521053193027793,0.03830607767557209,0.04112313427930603,-0.00048529158705840563,44.0,45.0
latifah,ng,ng_v1,84.35,85.85,4.08,semiten_r,Semitendinosus,0.006004738971273038,12.862446529898422,0.9421488262789459,0.04668426770377765,0.054091214634876816,-0.0006128039678963648,44.0,44.0
latifah,ng,ng_v1,84.35,85.85,4.08,bifemlh_r,Biceps femoris LH,0.005639302300376598,11.646063798538146,0.9596211993066172,0.048422388868284094,0.05636615355862162,-0.000797360784246457,43.0,43.0
latifah,ng,ng_v1,84.35,85.85,4.08,bifemsh_r,Biceps femoris SH,0.0004939587714343617,8.467007566942387,0.9820378022399938,0.005833923821716158,0.006665543325452328,-0.0002760643583148574,25.0,25.0
latifah,ng,ng_v2,148.16,149.66,4.6,glut_med1_r,Glut. medius,0.008847236681499789,74.82840262931482,0.9303465757083017,0.01182336702458725,0.03713367891545549,-0.0014098927872822427,48.0,54.0
latifah,ng,ng_v2,148.16,149.66,4.6,rect_fem_r,Rect. femoris,0.00465846787456813,5.3804085143777,0.9964640785768322,0.08658204785230755,0.09306617717474763,0.00020871055267884412,6.0,4.0
latifah,ng,ng_v2,148.16,149.66,4.6,vas_lat_r,Vast. lateralis,0.0018165213780359764,2.9575270929308313,0.9979432545887947,0.06142027852856799,0.06291597131645174,0.00039212620298452477,3.0,4.0
latifah,ng,ng_v2,148.16,149.66,4.6,tib_ant_r,Tib. anterior,0.005183090421894982,24.814102443418015,0.732859583236003,0.020887680437822187,0.025418185403292937,-0.001607292009704387,86.0,86.0
latifah,ng,ng_v2,148.16,149.66,4.6,soleus_r,Soleus,0.003834020990964772,13.71154632109127,0.960751004003655,0.027961988394169912,0.024673964004838456,-0.0030497489400217194,8.0,8.0
latifah,ng,ng_v2,148.16,149.66,4.6,med_gas_r,Med. gastrocnemius,0.003749821417865658,13.962997603116351,0.9246938397648526,0.026855418331009018,0.02286425920432178,-0.0026004756369016682,7.0,9.0
latifah,ng,ng_v2,148.16,149.66,4.6,semimem_r,Semimembranosus,0.004079587705036528,10.187547042757323,0.9376171814047704,0.040044847772623016,0.03955422995580654,-0.00016465637913617526,100.0,100.0
latifah,ng,ng_v2,148.16,149.66,4.6,semiten_r,Semitendinosus,0.006140529239281779,12.318273718379793,0.9237448211819147,0.04984894295797021,0.05072119402232966,0.00023058202308508726,100.0,100.0
latifah,ng,ng_v2,148.16,149.66,4.6,bifemlh_r,Biceps femoris LH,0.005648559137373636,10.737370044364045,0.9524724216454761,0.05260654251492913,0.05596976797183184,-8.067395502045247e-05,100.0,100.0
latifah,ng,ng_v2,148.16,149.66,4.6,bifemsh_r,Biceps femoris SH,0.000567634132269779,8.185791011747359,0.9877545426676279,0.006934383390135079,0.007403092866848315,-0.00041878363397087703,16.0,16.0
latifah,gwo,gwo_v0,17.19,18.69,3.57,glut_med1_r,Glut. medius,0.0066853829942039875,71.13206167926445,0.8342158223224407,0.009398550859313598,0.026264260084732594,0.0027906709326924453,68.0,68.0
latifah,gwo,gwo_v0,17.19,18.69,3.57,rect_fem_r,Rect. femoris,0.005723488485211085,28.103456825635497,0.8446160184919236,0.020365781052209264,0.022206309682063385,-0.004327677304243896,91.0,88.0
latifah,gwo,gwo_v0,17.19,18.69,3.57,vas_lat_r,Vast. lateralis,0.003261225024754069,18.73124431912898,0.9485795827173129,0.01741061602310956,0.02032550812091541,-0.002612525651580936,2.0,52.0
latifah,gwo,gwo_v0,17.19,18.69,3.57,tib_ant_r,Tib. anterior,0.004688691823273275,22.333405698555044,0.7896886953129606,0.020994074466558543,0.015397047784734219,-0.003666487301993307,60.0,60.0
latifah,gwo,gwo_v0,17.19,18.69,3.57,soleus_r,Soleus,0.002786656429114537,18.99678851089595,0.904864427084649,0.014669092239018189,0.012169595730423532,-0.0024171288221834196,91.0,90.0
latifah,gwo,gwo_v0,17.19,18.69,3.57,med_gas_r,Med. gastrocnemius,0.00492199138738324,22.7315985495579,0.7761676870062277,0.02165264082353313,0.012266903206345603,-0.0038052633164699025,16.0,92.0
latifah,gwo,gwo_v0,17.19,18.69,3.57,semimem_r,Semimembranosus,0.003694063293291656,14.661654462861017,0.8342242005482952,0.0251954054888483,0.020522247578402097,0.0012297673355603379,49.0,52.0
latifah,gwo,gwo_v0,17.19,18.69,3.57,semiten_r,Semitendinosus,0.004871469220254435,18.01900062125462,0.7435444559927227,0.02703517982294873,0.020964454456294357,0.0012658068330237344,49.0,52.0
latifah,gwo,gwo_v0,17.19,18.69,3.57,bifemlh_r,Biceps femoris LH,0.00484623892631364,19.451339700084212,0.8715659500229996,0.024914679405309337,0.01903601937880889,0.0031263466561561163,48.0,64.0
latifah,gwo,gwo_v0,17.19,18.69,3.57,bifemsh_r,Biceps femoris SH,0.0006162636023879805,20.182716057418077,0.9208292210536769,0.003053422545482798,0.00334634438082293,0.0004975049921086204,24.0,24.0
latifah,gwo,gwo_v1,86.88,88.38,4.09,glut_med1_r,Glut. medius,0.007183585006111707,42.757770155770615,0.9046359329011604,0.016800653962873238,0.029376920759310907,0.004994969604899675,24.0,26.0
latifah,gwo,gwo_v1,86.88,88.38,4.09,rect_fem_r,Rect. femoris,0.004232378134377441,17.912212974685517,0.7722765385511844,0.02362844915007911,0.021869761212865102,-0.0007299808651227789,48.0,36.0
latifah,gwo,gwo_v1,86.88,88.38,4.09,vas_lat_r,Vast. lateralis,0.0023060269426134193,18.37468115776398,0.7968525447151315,0.012550024257912296,0.015884303457976007,-0.0004548760108530468,44.0,36.0
latifah,gwo,gwo_v1,86.88,88.38,4.09,tib_ant_r,Tib. anterior,0.003269655597225669,20.8813903493115,0.5567289545945517,0.015658227457701235,0.014252670369740317,-0.0010947829569508912,19.0,86.0
latifah,gwo,gwo_v1,86.88,88.38,4.09,soleus_r,Soleus,0.011715831131916552,139.42454972048952,0.754926611136881,0.008402990115731979,0.01187323926315359,-0.011544859377231011,44.0,45.0
latifah,gwo,gwo_v1,86.88,88.38,4.09,med_gas_r,Med. gastrocnemius,0.012070158332492503,84.73098831997147,0.7171415892466947,0.014245270321776138,0.017394858462621565,-0.011654407661896368,44.0,46.0
latifah,gwo,gwo_v1,86.88,88.38,4.09,semimem_r,Semimembranosus,0.003020894442459438,14.354298088168916,0.867721505960518,0.021045225784668053,0.01846881888606905,0.0001272753554739076,9.0,11.0
latifah,gwo,gwo_v1,86.88,88.38,4.09,semiten_r,Semitendinosus,0.0038933144800624053,18.428636636372822,0.8234757233986014,0.02112643792855584,0.023592302133190135,-0.0007634617053923116,9.0,11.0
latifah,gwo,gwo_v1,86.88,88.38,4.09,bifemlh_r,Biceps femoris LH,0.0036775581514980095,15.780190296143113,0.8462039387811322,0.023304903695596457,0.02257221510075702,0.00014368894321339728,9.0,11.0
latifah,gwo,gwo_v1,86.88,88.38,4.09,bifemsh_r,Biceps femoris SH,0.000597381312181241,19.88742741246591,0.8046286969397405,0.003003813916156839,0.0038308109795539003,-5.5247568248054515e-05,54.0,55.0
latifah,gwo,gwo_v2,148.26,149.76,4.61,glut_med1_r,Glut. medius,0.005586568419766252,33.42660215177201,0.9251143911618338,0.016712941370470996,0.02939996884753901,0.0031530796719574823,40.0,44.0
latifah,gwo,gwo_v2,148.26,149.76,4.61,rect_fem_r,Rect. femoris,0.0060180729043740645,19.158868458174208,0.7019785443876682,0.03141142138697878,0.030346615590845893,-0.001311411923219474,63.0,62.0
latifah,gwo,gwo_v2,148.26,149.76,4.61,vas_lat_r,Vast. lateralis,0.003651907631094763,20.99012726737931,0.8184836126713263,0.017398215763894775,0.023257920879061783,-0.0005044419502071834,60.0,31.0
latifah,gwo,gwo_v2,148.26,149.76,4.61,tib_ant_r,Tib. anterior,0.0039150422959717355,22.40481234003618,0.5064789816383751,0.01747411331348564,0.013562286157643766,-0.001201567589072502,99.0,34.0
latifah,gwo,gwo_v2,148.26,149.76,4.61,soleus_r,Soleus,0.011818807556529053,122.68485380203198,0.7388940787768861,0.009633469161238306,0.011389764185874784,-0.011644930303203184,58.0,59.0
latifah,gwo,gwo_v2,148.26,149.76,4.61,med_gas_r,Med. gastrocnemius,0.010197959308430588,66.21647176545132,0.8039224707976036,0.015400940334835855,0.01624699206774871,-0.009865506792243973,58.0,0.0
latifah,gwo,gwo_v2,148.26,149.76,4.61,semimem_r,Semimembranosus,0.0033844878351115175,14.167244649923877,0.8973500543766487,0.02388952770099656,0.018795399197747198,0.0018654106327807346,89.0,29.0
latifah,gwo,gwo_v2,148.26,149.76,4.61,semiten_r,Semitendinosus,0.0042497190188084755,17.14425707948427,0.8002535110474877,0.024788003347744447,0.01988316825866665,0.0013690322687796932,89.0,86.0
latifah,gwo,gwo_v2,148.26,149.76,4.61,bifemlh_r,Biceps femoris LH,0.004390931890396664,17.181432139745674,0.8398359251275358,0.02555626245055065,0.020554453124131122,0.00101135456180086,39.0,100.0
latifah,gwo,gwo_v2,148.26,149.76,4.61,bifemsh_r,Biceps femoris SH,0.0007813658281533736,21.947403048965477,0.808274286827782,0.003560174415214945,0.004723678238397422,-0.00012590416927414926,7.0,8.0
latifah,rd,rd_correct,39.703,41.203,,glut_med1_r,Glut. medius,0.004767904604670024,184.08697164924445,-0.9352649617569418,0.0025900282686787263,0.006676646594837091,-0.004063911830756226,0.0,73.0
latifah,rd,rd_correct,39.703,41.203,,rect_fem_r,Rect. femoris,0.006477071802850872,21.66563866048416,0.9878983855213858,0.029895595991196733,0.03779075555949635,-0.006018156343840476,68.0,73.0
latifah,rd,rd_correct,39.703,41.203,,vas_lat_r,Vast. lateralis,0.0028211369337311156,10.370008942240439,0.9964659302966834,0.027204768572953703,0.03201963895322596,-0.0021614486836348274,69.0,73.0
latifah,rd,rd_correct,39.703,41.203,,tib_ant_r,Tib. anterior,0.010323683669973065,121.11877918900413,0.992803065021999,0.008523602812956943,0.009134089054252337,-0.010307620111870214,4.0,2.0
latifah,rd,rd_correct,39.703,41.203,,soleus_r,Soleus,0.0036699830093226073,36.373365518462876,0.9905279518043569,0.010089753744287833,0.009168840411666157,0.003639392637310635,70.0,66.0
latifah,rd,rd_correct,39.703,41.203,,med_gas_r,Med. gastrocnemius,0.00459754913932993,33.38417243339486,0.7693883638145799,0.013771643279468893,0.012415525729550625,0.004123103856183079,71.0,72.0
latifah,rd,rd_correct,39.703,41.203,,semimem_r,Semimembranosus,0.004677691725486669,58.656133318143354,0.8415576381192496,0.007974770004213316,0.012611843161496827,0.00430693974861753,3.0,0.0
latifah,rd,rd_correct,39.703,41.203,,semiten_r,Semitendinosus,0.006363886727769318,60.548290156476,0.8921571380738798,0.010510431774907292,0.017264785544605865,0.0059679132175794875,1.0,0.0
latifah,rd,rd_correct,39.703,41.203,,bifemlh_r,Biceps femoris LH,0.005654225301110797,55.404127462341265,0.938503009079613,0.010205422520107421,0.01659667776184437,0.005371316469064267,4.0,0.0
latifah,rd,rd_correct,39.703,41.203,,bifemsh_r,Biceps femoris SH,0.0002442607327633236,6.747236327230839,0.9943218717335748,0.0036201597352907844,0.0038232992028723878,0.00017813029749949995,0.0,0.0
latifah,rd,rd_toes,77.509,79.009,,glut_med1_r,Glut. medius,0.0061604073800759305,1067.0376431320144,0.41541228435101113,0.0005773373994560904,0.007366586170184375,-0.0058852541878313255,80.0,100.0
latifah,rd,rd_toes,77.509,79.009,,rect_fem_r,Rect. femoris,0.005574714742793728,218.822533570017,0.6365244979485295,0.002547596288117182,0.003415068383601727,-0.005522407189971319,86.0,89.0
latifah,rd,rd_toes,77.509,79.009,,vas_lat_r,Vast. lateralis,0.0036499762058509523,145.32197696901804,0.9273243977289601,0.002511647778249748,0.003063267697925448,-0.003631596680523045,8.0,17.0
latifah,rd,rd_toes,77.509,79.009,,tib_ant_r,Tib. anterior,0.006385521442544049,37.65932601261743,0.9541723610486897,0.016956016261163664,0.011185345334413899,-0.00585526550836115,90.0,0.0
latifah,rd,rd_toes,77.509,79.009,,soleus_r,Soleus,0.002498748038809715,14.671033945795445,0.9637750324441855,0.01703184688987669,0.01097653429761064,0.0004087732043413868,53.0,52.0
latifah,rd,rd_toes,77.509,79.009,,med_gas_r,Med. gastrocnemius,0.00277774226535329,15.843042393910567,0.9653698697490966,0.01753288412849885,0.01141444990664553,0.0012192226192682747,54.0,51.0
latifah,rd,rd_toes,77.509,79.009,,semimem_r,Semimembranosus,0.0028409555285061477,211.11757534029599,0.3799178891753388,0.0013456745720610286,0.00407456306143561,0.0027114266951317875,68.0,0.0
latifah,rd,rd_toes,77.509,79.009,,semiten_r,Semitendinosus,0.004398005297504826,274.5468724087281,0.43427421543720307,0.0016019141864261899,0.005384938516775684,0.004255088820730066,68.0,0.0
latifah,rd,rd_toes,77.509,79.009,,bifemlh_r,Biceps femoris LH,0.003963297733777572,224.01143110670466,0.22906776454473324,0.001769239058112937,0.005186367478598852,0.0037878220691039168,68.0,0.0
latifah,rd,rd_toes,77.509,79.009,,bifemsh_r,Biceps femoris SH,0.00017929554560794077,120.73106787018868,0.9302924118062037,0.00014850820817779997,0.00011653369220299137,0.00017817644351520055,61.0,51.0
latifah,rd,rd_supination,127.598,129.098,,glut_med1_r,Glut. medius,0.004652058987297352,233.432742903355,0.9248007918933281,0.001992890512888923,0.004349214833253512,-0.00458185290639201,100.0,100.0
latifah,rd,rd_supination,127.598,129.098,,rect_fem_r,Rect. femoris,0.003124233138087612,114.79203429197096,0.8892353780976097,0.0027216462861361923,0.0017598390295697763,-0.0030916755527843694,0.0,18.0
latifah,rd,rd_supination,127.598,129.098,,vas_lat_r,Vast. lateralis,0.0014469537610326457,185.2389344029411,0.22831792276578478,0.0007811283117647172,0.0017342212428027304,-0.0013725646285064133,45.0,74.0
latifah,rd,rd_supination,127.598,129.098,,tib_ant_r,Tib. anterior,0.008246435851429245,127.39370509523278,0.4961335715230501,0.006473189428994663,0.0005957113778302103,-0.007949446991843516,28.0,28.0
latifah,rd,rd_supination,127.598,129.098,,soleus_r,Soleus,0.004457338151245923,110.8353698015871,-0.19426224532101166,0.004021584589130045,0.0009139399046210195,0.00430585228723218,82.0,2.0
latifah,rd,rd_supination,127.598,129.098,,med_gas_r,Med. gastrocnemius,0.004955291407860006,117.29360494086404,-0.24611869468210812,0.004224690178427304,0.001048653605295602,0.00478842972226193,82.0,0.0
latifah,rd,rd_supination,127.598,129.098,,semimem_r,Semimembranosus,0.0018482020772235643,80.31291505577012,0.9603340907260767,0.0023012513939260626,0.0019325693773914465,0.0018388514647196493,98.0,100.0
latifah,rd,rd_supination,127.598,129.098,,semiten_r,Semitendinosus,0.0033032769650919534,97.30612596948781,0.9759216184555807,0.003394726624023403,0.002990962531333019,0.0032961536892577546,100.0,100.0
latifah,rd,rd_supination,127.598,129.098,,bifemlh_r,Biceps femoris LH,0.0023170814064241464,127.93414043191227,0.8829632753787795,0.0018111517368245567,0.0007909022904507013,0.0022936101939903825,98.0,100.0
latifah,rd,rd_supination,127.598,129.098,,bifemsh_r,Biceps femoris SH,9.343800276483846e-05,174.8502038344981,0.2187172902587819,5.3438886953360853e-05,0.00010412437748252845,8.894333960663848e-05,97.0,0.0
latifah,rd,rd_pronation,185.522,187.022,,glut_med1_r,Glut. medius,0.005358339241448661,166.41986586573276,-0.6734648884567738,0.0032197713978280446,0.002549568243618086,-0.005159648238310629,0.0,72.0
latifah,rd,rd_pronation,185.522,187.022,,rect_fem_r,Rect. femoris,0.002861260681177476,119.61136492504582,0.8615761846607616,0.002392131118117813,0.002796743266322399,-0.002834148569359744,47.0,8.0
latifah,rd,rd_pronation,185.522,187.022,,vas_lat_r,Vast. lateralis,0.002479705717255241,84.99974395402457,0.9655375434699476,0.002917309631657816,0.0050451322603272675,-0.002393507880811358,0.0,8.0
latifah,rd,rd_pronation,185.522,187.022,,tib_ant_r,Tib. anterior,0.009969568830295752,116.21686160736884,0.9625519955201922,0.008578418563716939,0.006003935170997676,-0.009929345525962224,37.0,61.0
latifah,rd,rd_pronation,185.522,187.022,,soleus_r,Soleus,0.0014588479278255476,11.65236186353264,0.9864640689688389,0.012519761614949276,0.007951056706265058,-0.000780439722751847,100.0,100.0
latifah,rd,rd_pronation,185.522,187.022,,med_gas_r,Med. gastrocnemius,0.0012161721323539314,9.479403057094204,0.9883405939100041,0.012829627826024037,0.008465756943961011,0.00018545345843844717,100.0,100.0
latifah,rd,rd_pronation,185.522,187.022,,semimem_r,Semimembranosus,0.001048370329994828,87.97253047408945,0.5668783304560621,0.0011917019146148178,0.0016160734524996445,0.0009559253405841764,0.0,2.0
latifah,rd,rd_pronation,185.522,187.022,,semiten_r,Semitendinosus,0.0020447779238235222,128.28527669037143,0.5940397387495874,0.001593930321995396,0.0021153655018817386,0.0019706792344808,0.0,1.0
latifah,rd,rd_pronation,185.522,187.022,,bifemlh_r,Biceps femoris LH,0.001774519809268559,134.294749346656,0.11881654345840069,0.0013213620174292728,0.0014820537766013775,0.0016794177704081304,99.0,1.0
latifah,rd,rd_pronation,185.522,187.022,,bifemsh_r,Biceps femoris SH,0.00012301135831789458,74.87075899384025,0.9555741319746686,0.00016429826539893222,0.00020831268751286824,0.00012126617650359168,99.0,98.0
latifah,rgs,rgs_correct,9.238,10.738,,glut_med1_r,Glut. medius,0.007186813626900124,79.31096149699266,0.8481147947715528,0.009061564115790774,0.018803549488647195,-0.005230445641206153,75.0,86.0
latifah,rgs,rgs_correct,9.238,10.738,,rect_fem_r,Rect. femoris,0.004809480577256189,6.161627974745725,0.9921545344536078,0.07805535480182352,0.07574241052020392,0.0032952478906422074,0.0,100.0
latifah,rgs,rgs_correct,9.238,10.738,,vas_lat_r,Vast. lateralis,0.0017813493535034327,3.0803997019035334,0.9964775729792796,0.05782851337125658,0.05713905471695896,4.5847109919548286e-05,100.0,100.0
latifah,rgs,rgs_correct,9.238,10.738,,tib_ant_r,Tib. anterior,0.004111203456046506,20.62595079081029,0.8508442615033326,0.019932188812736895,0.02046814057157126,-0.0011285127341894628,38.0,38.0
latifah,rgs,rgs_correct,9.238,10.738,,soleus_r,Soleus,0.0016232417841859905,6.978108605517639,0.9823144568724894,0.023261916315009512,0.02188690011520711,-0.00019069776737315607,0.0,89.0
latifah,rgs,rgs_correct,9.238,10.738,,med_gas_r,Med. gastrocnemius,0.001892337781635074,12.44570846344434,0.9475309736281787,0.015204741354767126,0.017861050236272935,-0.00010826625851455562,0.0,77.0
latifah,rgs,rgs_correct,9.238,10.738,,semimem_r,Semimembranosus,0.005744681548183004,15.6658266113133,0.9468484346496767,0.03667014636836591,0.03225651653889411,-0.004286757777633867,72.0,75.0
latifah,rgs,rgs_correct,9.238,10.738,,semiten_r,Semitendinosus,0.006275171687158034,14.616789231498863,0.9224855682697078,0.04293125930580688,0.0369570812863671,-0.0036336037542063636,71.0,74.0
latifah,rgs,rgs_correct,9.238,10.738,,bifemlh_r,Biceps femoris LH,0.006748659208369904,13.906468099161307,0.9500061955477447,0.048528923089946274,0.041953885018894854,-0.00468036554963808,69.0,70.0
latifah,rgs,rgs_correct,9.238,10.738,,bifemsh_r,Biceps femoris SH,0.0005051438729644238,3.6538876173534183,0.9943367928818915,0.013824833324521058,0.012939456607876543,-7.93464343993745e-05,20.0,21.0
latifah,rgs,rgs_flexion,115.853,117.353,,glut_med1_r,Glut. medius,0.010371762913594339,195.32845092753587,0.978043255865027,0.005309908958138473,0.012614144316788242,-0.010200801863317902,100.0,100.0
latifah,rgs,rgs_flexion,115.853,117.353,,rect_fem_r,Rect. femoris,0.004046483450260849,5.000750063942698,0.9970532321086701,0.08091753034084881,0.07985267077163027,0.003402667138550401,0.0,0.0
latifah,rgs,rgs_flexion,115.853,117.353,,vas_lat_r,Vast. lateralis,0.0025507441998655995,4.942064782088551,0.9988381284453657,0.05161292521114297,0.055440020279172914,0.0019465882331852068,0.0,0.0
latifah,rgs,rgs_flexion,115.853,117.353,,tib_ant_r,Tib. anterior,0.0059324801145895995,11.104508368061168,0.9898986985558481,0.05342406811680761,0.04408641088569937,-0.0007051342943796131,96.0,95.0
latifah,rgs,rgs_flexion,115.853,117.353,,soleus_r,Soleus,0.0053540972544836056,8.75029753720748,0.9932128121293399,0.061187602269719865,0.052142697488577194,0.0010324624883670127,0.0,0.0
latifah,rgs,rgs_flexion,115.853,117.353,,med_gas_r,Med. gastrocnemius,0.005517858432249362,10.631275076865167,0.9923675242483441,0.05190213208062722,0.04222249301125702,0.0008391421156281501,0.0,0.0
latifah,rgs,rgs_flexion,115.853,117.353,,semimem_r,Semimembranosus,0.004934357662308091,15.04587371434839,0.9689211126285936,0.0327954212296922,0.02492192882094374,-0.003787109909420983,100.0,100.0
latifah,rgs,rgs_flexion,115.853,117.353,,semiten_r,Semitendinosus,0.004583170929975601,11.33546070900378,0.9716807818235388,0.04043215399560407,0.03019019028587383,-0.002387965614740091,100.0,100.0
latifah,rgs,rgs_flexion,115.853,117.353,,bifemlh_r,Biceps femoris LH,0.00464915017854633,9.626158438228684,0.9878998086587493,0.048297046099750496,0.03961715106750008,-0.0031651765601197813,100.0,100.0
latifah,rgs,rgs_flexion,115.853,117.353,,bifemsh_r,Biceps femoris SH,0.0008702693702665095,11.013988668521785,0.9896796002995091,0.007901491425660878,0.008928531289519537,-0.0005725272401423096,37.0,38.0
latifah,rgs,rgs_abduction,200.145,201.645,,glut_med1_r,Glut. medius,0.009181861659311605,309.1947343395041,0.13449846362313633,0.002969604795801495,0.007202953552153349,-0.008993261259022342,1.0,100.0
latifah,rgs,rgs_abduction,200.145,201.645,,rect_fem_r,Rect. femoris,0.004637409996124878,7.3801627935930645,0.9977059866566815,0.06283614773580265,0.05807848067445254,0.004140721497581942,0.0,0.0
latifah,rgs,rgs_abduction,200.145,201.645,,vas_lat_r,Vast. lateralis,0.0023040833677498646,5.061864787831022,0.9982985442466278,0.04551846926628694,0.04603804978497117,0.00206603121858536,0.0,0.0
latifah,rgs,rgs_abduction,200.145,201.645,,tib_ant_r,Tib. anterior,0.002978655592566128,11.728727335760706,0.9654679522810391,0.025396238716235253,0.022344558746046628,0.001363126420051133,100.0,100.0
latifah,rgs,rgs_abduction,200.145,201.645,,soleus_r,Soleus,0.0025687280298458824,8.155514414883806,0.9859714131947791,0.031496824101714005,0.02675038056536977,-0.0006312168115172889,0.0,0.0
latifah,rgs,rgs_abduction,200.145,201.645,,med_gas_r,Med. gastrocnemius,0.0027438293154586693,10.17361295661596,0.9796145869369306,0.026970058003576214,0.02239489279844853,-0.0009840047261350502,0.0,0.0
latifah,rgs,rgs_abduction,200.145,201.645,,semimem_r,Semimembranosus,0.004431536613853369,12.557366499409095,0.9955013704098371,0.035290334275597524,0.028117069448739984,-0.003114566631691806,98.0,99.0
latifah,rgs,rgs_abduction,200.145,201.645,,semiten_r,Semitendinosus,0.004349170219712712,10.278633085052755,0.9938295399145908,0.042312729559704776,0.03325941744815769,-0.0019056415410853775,98.0,99.0
latifah,rgs,rgs_abduction,200.145,201.645,,bifemlh_r,Biceps femoris LH,0.004772725925318556,10.84592360231017,0.993920721058606,0.044004790189578424,0.03504591465621737,-0.002915889219906952,97.0,96.0
latifah,rgs,rgs_abduction,200.145,201.645,,bifemsh_r,Biceps femoris SH,0.0002496892470776241,9.101173595043122,0.9710879271138608,0.0027434840624687706,0.003026866704929354,-4.03612384115999e-05,42.0,100.0
latifah,rgs,rgs_stork,308.083,309.583,,glut_med1_r,Glut. medius,0.0066000030959518265,114.11632316893592,0.5658547032154126,0.0057835749634005396,0.012057486435925427,-0.0054295962164929885,96.0,80.0
latifah,rgs,rgs_stork,308.083,309.583,,rect_fem_r,Rect. femoris,0.008697389410223565,7.645473918158342,0.9908472201902879,0.11375866955175762,0.11135292200761177,0.00691965282997817,0.0,0.0
latifah,rgs,rgs_stork,308.083,309.583,,vas_lat_r,Vast. lateralis,0.006308702828957888,10.188310290486037,0.9723463660951832,0.06192099228513906,0.06219053718431833,0.004592770061255435,0.0,0.0
latifah,rgs,rgs_stork,308.083,309.583,,tib_ant_r,Tib. anterior,0.0024991538573776867,8.16973564958655,0.9736642485655556,0.03059038828880789,0.027513560131990356,-0.0006376586842394469,96.0,78.0
latifah,rgs,rgs_stork,308.083,309.583,,soleus_r,Soleus,0.0031474111673827168,7.916031645554825,0.9971549904742972,0.03975996191412545,0.035099818765353674,0.0010152408246997889,11.0,11.0
latifah,rgs,rgs_stork,308.083,309.583,,med_gas_r,Med. gastrocnemius,0.0030016095148072052,8.43601557207625,0.9938865263757375,0.03558089111099705,0.03013434261574921,0.000781700923081813,7.0,7.0
latifah,rgs,rgs_stork,308.083,309.583,,semimem_r,Semimembranosus,0.00862155662945212,16.554313796813005,0.9606423936232037,0.05208042287510534,0.04796710965551909,-0.007430834137460049,97.0,100.0
latifah,rgs,rgs_stork,308.083,309.583,,semiten_r,Semitendinosus,0.008793701900158173,13.659728117288092,0.9663000260868745,0.06437684428746898,0.060326372307947296,-0.007032045924808493,96.0,100.0
latifah,rgs,rgs_stork,308.083,309.583,,bifemlh_r,Biceps femoris LH,0.008439285365627158,11.427715967590125,0.9854974898333012,0.07384927477688119,0.07169572638344734,-0.007120681422514877,94.0,96.0
latifah,rgs,rgs_stork,308.083,309.583,,bifemsh_r,Biceps femoris SH,0.003321386484729827,11.395342894268467,0.9874522158554087,0.029146876189222792,0.03254775345497271,-0.0024272663051828004,20.0,20.0
laurel,ng,ng_v0,3.89,5.390000000000001,3.06,glut_med1_r,Glut. medius,0.001605600656275246,15.341607393546507,0.8932361808130268,0.010465661224981201,0.012510182304841092,0.0006229153784037699,94.0,100.0
laurel,ng,ng_v0,3.89,5.390000000000001,3.06,rect_fem_r,Rect. femoris,0.00488001191363236,9.142286553377092,0.9972125907573527,0.05337846156036008,0.056136957128362086,0.00461939727879425,27.0,26.0
laurel,ng,ng_v0,3.89,5.390000000000001,3.06,vas_lat_r,Vast. lateralis,0.0021233757191761442,4.9193014923251015,0.9970260324176498,0.04316417122408436,0.04370843237495539,0.001792752974042451,92.0,26.0
laurel,ng,ng_v0,3.89,5.390000000000001,3.06,tib_ant_r,Tib. anterior,0.0015989790265553885,11.44353528395667,0.9217354586380987,0.013972771410921292,0.013147260992933951,8.511382575581546e-05,92.0,94.0
laurel,ng,ng_v0,3.89,5.390000000000001,3.06,soleus_r,Soleus,0.0021604912134146415,26.290730852727922,0.9380082848826398,0.008217691723813259,0.009445840095477054,-0.0019746842408256996,45.0,0.0
laurel,ng,ng_v0,3.89,5.390000000000001,3.06,med_gas_r,Med. gastrocnemius,0.0037770709111565656,28.723401150300766,0.4133442395266316,0.013149803852936182,0.013545689888652568,-0.0011574652306927356,8.0,0.0
laurel,ng,ng_v0,3.89,5.390000000000001,3.06,semimem_r,Semimembranosus,0.0036731389528730216,17.465312322921196,0.957308594958647,0.021031052207709178,0.021015956974221872,-0.0031230929117755132,53.0,56.0
laurel,ng,ng_v0,3.89,5.390000000000001,3.06,semiten_r,Semitendinosus,0.004525548712589984,17.31441358913456,0.9724337072862885,0.026137464542431488,0.0275678410975827,-0.004038840004375842,53.0,56.0
laurel,ng,ng_v0,3.89,5.390000000000001,3.06,bifemlh_r,Biceps femoris LH,0.0046461436970536285,15.29565630196363,0.990299529740571,0.030375575949998068,0.029990347409769802,-0.0044401380233046565,53.0,53.0
laurel,ng,ng_v0,3.89,5.390000000000001,3.06,bifemsh_r,Biceps femoris SH,0.0008592724806042435,12.178378666518135,0.990424015049711,0.007055721489155453,0.007646921517045824,-0.0007076813071624947,48.0,49.0
laurel,ng,ng_v1,31.84,33.34,3.56,glut_med1_r,Glut. medius,0.005802113509863919,52.57277444246555,0.8939254031877315,0.011036346419597123,0.025253470552586185,-0.001961496142215646,59.0,76.0
laurel,ng,ng_v1,31.84,33.34,3.56,rect_fem_r,Rect. femoris,0.005711511450539443,7.506655282138598,0.9957341916044306,0.0760859695279929,0.08714334015339786,0.0037280934284019867,11.0,83.0
laurel,ng,ng_v1,31.84,33.34,3.56,vas_lat_r,Vast. lateralis,0.002365216693858994,3.473194989256509,0.998259582385051,0.0680991623325273,0.06989172108773575,0.0013007640751356284,58.0,78.0
laurel,ng,ng_v1,31.84,33.34,3.56,tib_ant_r,Tib. anterior,0.002717568718055002,11.286586908886772,0.9644122094181048,0.02407786109293375,0.022449397013719175,0.0022500224823127114,65.0,68.0
laurel,ng,ng_v1,31.84,33.34,3.56,soleus_r,Soleus,0.005816481639219087,31.341967321740576,0.9695773016011917,0.018558125530251712,0.017382453039802237,-0.0057100314767699525,19.0,20.0
laurel,ng,ng_v1,31.84,33.34,3.56,med_gas_r,Med. gastrocnemius,0.006418301426615445,30.269028838831822,0.8858224455319947,0.021204186830009797,0.020472219818283288,-0.006000556407963548,15.0,18.0
laurel,ng,ng_v1,31.84,33.34,3.56,semimem_r,Semimembranosus,0.00496719066696785,15.278477699069038,0.9446798170542142,0.03251103130039268,0.033022196202890486,-0.003457116882533551,49.0,48.0
laurel,ng,ng_v1,31.84,33.34,3.56,semiten_r,Semitendinosus,0.006244826439907264,15.427158490350076,0.954222168773552,0.04047943400473586,0.04516326538642523,-0.004028163379308755,48.0,48.0
laurel,ng,ng_v1,31.84,33.34,3.56,bifemlh_r,Biceps femoris LH,0.005484972431277154,13.560642794517477,0.9721740545154006,0.04044773182503347,0.0458871929777831,-0.0034265964477791693,46.0,46.0
laurel,ng,ng_v1,31.84,33.34,3.56,bifemsh_r,Biceps femoris SH,0.0011167799893578086,12.430524617977596,0.9767662164239277,0.008984174229804187,0.009734192298237243,-0.0008067080237792924,27.0,48.0
laurel,ng,ng_v2,62.1,63.6,4.12,glut_med1_r,Glut. medius,0.005915552975180085,54.86781999764063,0.7326736189398254,0.010781461657187144,0.023350539839196494,-0.002860209042412754,6.0,20.0
laurel,ng,ng_v2,62.1,63.6,4.12,rect_fem_r,Rect. femoris,0.00809732603637503,10.23555898551786,0.9965786787566902,0.07910975890844668,0.0874197236516081,0.007160559037157012,44.0,30.0
laurel,ng,ng_v2,62.1,63.6,4.12,vas_lat_r,Vast. lateralis,0.0019008458904524303,2.763204968054076,0.9984680680395097,0.06879134600684572,0.06975539912750664,0.0007724585782393393,88.0,28.0
laurel,ng,ng_v2,62.1,63.6,4.12,tib_ant_r,Tib. anterior,0.0028891281883457816,13.817838286735892,0.9358176773649837,0.020908684328134974,0.018113263947733993,0.002277319905100029,96.0,20.0
laurel,ng,ng_v2,62.1,63.6,4.12,soleus_r,Soleus,0.006068833997277341,34.78937643323478,0.9576019221879254,0.017444503522287047,0.015803422664009248,-0.005958945892469279,52.0,52.0
laurel,ng,ng_v2,62.1,63.6,4.12,med_gas_r,Med. gastrocnemius,0.006257576198811245,31.80699837094417,0.8989072151246864,0.019673582919812915,0.019627760189579346,-0.005923679333802773,49.0,51.0
laurel,ng,ng_v2,62.1,63.6,4.12,semimem_r,Semimembranosus,0.00823001547666902,25.43101190273116,0.944512078096845,0.032362123489805605,0.030800184774414208,-0.007662350583968757,78.0,80.0
laurel,ng,ng_v2,62.1,63.6,4.12,semiten_r,Semitendinosus,0.009820820547074999,24.06257619712808,0.9430272031189271,0.0408136704342037,0.04306700261012719,-0.008894520018423098,77.0,76.0
laurel,ng,ng_v2,62.1,63.6,4.12,bifemlh_r,Biceps femoris LH,0.009126154053084833,21.8655612394182,0.9641850297940543,0.04173757057117122,0.04523170366171103,-0.008318748436134522,76.0,76.0
laurel,ng,ng_v2,62.1,63.6,4.12,bifemsh_r,Biceps femoris SH,0.0008435097317185546,9.074833323678938,0.9813421384726808,0.009295043794551983,0.00956209154401505,-0.0005713494438627759,59.0,79.0
laurel,gwo,gwo_v0,5.06,6.56,3.04,glut_med1_r,Glut. medius,0.03397534395652559,380.3082444058198,0.9684542555178817,0.00893363329780228,0.023488539461810454,-0.03332610528340628,82.0,100.0
laurel,gwo,gwo_v0,5.06,6.56,3.04,rect_fem_r,Rect. femoris,0.0331535620146507,171.12748268446873,0.9142470920937316,0.019373604691994728,0.052135520810719316,0.03136013906868648,11.0,58.0
laurel,gwo,gwo_v0,5.06,6.56,3.04,vas_lat_r,Vast. lateralis,0.025096085083595933,145.28759621482644,0.7461317049572166,0.017273384471505837,0.054636402039300425,0.021049894652465238,100.0,58.0
laurel,gwo,gwo_v0,5.06,6.56,3.04,tib_ant_r,Tib. anterior,0.03840971807775954,333.88360313234864,-0.4074594951760405,0.011503924636435126,0.04902131550771904,0.03126050115668072,91.0,8.0
laurel,gwo,gwo_v0,5.06,6.56,3.04,soleus_r,Soleus,0.017283886896396223,203.21415620053153,-0.3037610377400225,0.008505257320430226,0.026801356130293053,-0.013258305917046872,64.0,68.0
laurel,gwo,gwo_v0,5.06,6.56,3.04,med_gas_r,Med. gastrocnemius,0.01975210798780764,188.05567478165796,-0.10090535598687207,0.01050332993712677,0.03094905855458352,-0.01560295386381927,64.0,64.0
laurel,gwo,gwo_v0,5.06,6.56,3.04,semimem_r,Semimembranosus,0.014854515990245393,95.7149339383814,-0.8724615753781303,0.01551953846597054,0.028262860856584526,-0.004492453466822398,82.0,0.0
laurel,gwo,gwo_v0,5.06,6.56,3.04,semiten_r,Semitendinosus,0.020814232671153777,113.2688693649799,-0.8984975138340554,0.01837595165189232,0.04253265270916329,-0.0018331112291101379,82.0,0.0
laurel,gwo,gwo_v0,5.06,6.56,3.04,bifemlh_r,Biceps femoris LH,0.01623830469612932,93.04523221145442,-0.88019211378995,0.017452054565489372,0.032830548801122794,0.0009127522072122569,82.0,0.0
laurel,gwo,gwo_v0,5.06,6.56,3.04,bifemsh_r,Biceps femoris SH,0.008281482501586829,524.2032729942662,0.5323987463117175,0.0015798227382829433,0.015313858364783828,-0.0066125375205030555,64.0,64.0
laurel,gwo,gwo_v1,33.16,34.66,3.52,glut_med1_r,Glut. medius,0.038096870971364036,213.60195892050857,0.27622271261787035,0.017835450182150103,0.042462705232614084,-0.03594920584932569,65.0,66.0
laurel,gwo,gwo_v1,33.16,34.66,3.52,rect_fem_r,Rect. femoris,0.041370119535919826,134.65739534548578,0.5019927912528543,0.03072250092895229,0.06027438830265974,0.03900330182569417,3.0,18.0
laurel,gwo,gwo_v1,33.16,34.66,3.52,vas_lat_r,Vast. lateralis,0.033369576145409474,121.82584515962651,-0.5338581892376933,0.02739121251462351,0.045381936639097786,0.02864304702772369,74.0,18.0
laurel,gwo,gwo_v1,33.16,34.66,3.52,tib_ant_r,Tib. anterior,0.043588057249752635,147.43672508157118,-0.14675574997052265,0.029563907653019972,0.052477324975243766,0.03943557698662391,56.0,48.0
laurel,gwo,gwo_v1,33.16,34.66,3.52,soleus_r,Soleus,0.01980741567077955,94.91191942245888,0.43241695201342534,0.020869260458863448,0.04525418589098762,-0.015360098613968658,7.0,18.0
laurel,gwo,gwo_v1,33.16,34.66,3.52,med_gas_r,Med. gastrocnemius,0.021680538270249655,99.64007858248144,0.2594107495651872,0.021758853042556203,0.04149389145493321,-0.018304794142144684,100.0,70.0
laurel,gwo,gwo_v1,33.16,34.66,3.52,semimem_r,Semimembranosus,0.009510704597887028,33.6800249690896,0.48572672161529595,0.02823841314433595,0.03201708939153125,-0.002421932440529974,47.0,46.0
laurel,gwo,gwo_v1,33.16,34.66,3.52,semiten_r,Semitendinosus,0.014789475265476991,41.426470590670974,0.28402355456466755,0.03570054376973042,0.050827247742946446,0.0013589295563109422,46.0,50.0
laurel,gwo,gwo_v1,33.16,34.66,3.52,bifemlh_r,Biceps femoris LH,0.012047871137843535,39.096217202762396,0.3401815286962011,0.03081595100457002,0.04337513787712188,0.0035476730849249793,45.0,46.0
laurel,gwo,gwo_v1,33.16,34.66,3.52,bifemsh_r,Biceps femoris SH,0.012058924801862523,421.25368357315295,-0.5467810051806958,0.0028626277400298217,0.02334122892549556,-0.009893982709629101,17.0,62.0
laurel,gwo,gwo_v2,63.43,64.93,4.04,glut_med1_r,Glut. medius,0.028868182949713106,187.26491884820305,0.471326373981557,0.015415691912436441,0.032054120635241476,-0.028097268479860393,67.0,0.0
laurel,gwo,gwo_v2,63.43,64.93,4.04,rect_fem_r,Rect. femoris,0.033931018757264425,104.65656035361579,0.5003506408644526,0.03242130129503357,0.08791388741200579,0.029457871434567358,28.0,42.0
laurel,gwo,gwo_v2,63.43,64.93,4.04,vas_lat_r,Vast. lateralis,0.025940504664621077,68.32185584814114,0.12935298058107142,0.037968091385396474,0.08998918644541837,0.016760920248956108,67.0,42.0
laurel,gwo,gwo_v2,63.43,64.93,4.04,tib_ant_r,Tib. anterior,0.03657517923687133,117.99441087481273,0.005864143438676462,0.030997382813052143,0.05533587598954015,0.03036990833916767,76.0,4.0
laurel,gwo,gwo_v2,63.43,64.93,4.04,soleus_r,Soleus,0.01552539967841951,71.83556235402207,0.3637290847489791,0.02161241475622727,0.03846458786526907,-0.010354459112007462,32.0,52.0
laurel,gwo,gwo_v2,63.43,64.93,4.04,med_gas_r,Med. gastrocnemius,0.016408857590597337,70.68914414156347,0.16753370140772703,0.023212698059742576,0.03972478940418056,-0.01026356200171873,33.0,45.0
laurel,gwo,gwo_v2,63.43,64.93,4.04,semimem_r,Semimembranosus,0.013505261848730054,49.25438561115838,-0.2601024360342335,0.02741940982747837,0.025626007105045367,-0.006578102063643868,66.0,89.0
laurel,gwo,gwo_v2,63.43,64.93,4.04,semiten_r,Semitendinosus,0.01931661561887841,57.03397339306573,-0.5000253073304091,0.03386861281039022,0.04076379241137251,-0.005663289474896296,67.0,89.0
laurel,gwo,gwo_v2,63.43,64.93,4.04,bifemlh_r,Biceps femoris LH,0.015102833426139,50.714081522573885,-0.442472499743056,0.029780354829883726,0.03441897127917126,-0.003054628422757366,66.0,19.0
laurel,gwo,gwo_v2,63.43,64.93,4.04,bifemsh_r,Biceps femoris SH,0.009420819691703577,251.59162335207444,-0.345950093321769,0.0037444886145991396,0.029368776062916768,-0.006135182057168154,43.0,48.0
laurel,rd,rd_correct,19.355,20.855,,glut_med1_r,Glut. medius,0.0019550749783119946,245.87087253849273,0.9406174303084865,0.0007951633140301784,0.0022688451100660173,-0.001891779793358238,69.0,75.0
laurel,rd,rd_correct,19.355,20.855,,rect_fem_r,Rect. femoris,0.01135259575502077,273.72566076468934,0.9399343383987652,0.004147435692841428,0.0034833307988030304,0.011343853299294309,80.0,79.0
laurel,rd,rd_correct,19.355,20.855,,vas_lat_r,Vast. lateralis,0.0010363648703342605,33.231198110312654,0.8421579015052973,0.003118650332419537,0.0028754602070101276,0.0009153055786316755,82.0,85.0
laurel,rd,rd_correct,19.355,20.855,,tib_ant_r,Tib. anterior,0.0024271148295243092,9.421262116181452,0.9785863488835641,0.02576209853407674,0.020087759435313768,-0.0013431450085055559,3.0,0.0
laurel,rd,rd_correct,19.355,20.855,,soleus_r,Soleus,0.0016459988859858006,7.997310098046342,0.9803090070141621,0.02058190648863173,0.017422551816236254,-0.0008192067934815794,74.0,78.0
laurel,rd,rd_correct,19.355,20.855,,med_gas_r,Med. gastrocnemius,0.004100265477818198,14.001567595386213,0.9335153668675998,0.029284331557055898,0.02483593129626893,0.001722997334397109,73.0,78.0
laurel,rd,rd_correct,19.355,20.855,,semimem_r,Semimembranosus,0.010652990769151027,197.47527502207612,0.5267664807766074,0.005394594724813073,0.006792213714010065,-0.010463225745596176,98.0,64.0
laurel,rd,rd_correct,19.355,20.855,,semiten_r,Semitendinosus,0.012787724860173542,272.23710577259004,0.4813206896026967,0.004697274761235382,0.006273317760419839,-0.012664685436111552,98.0,64.0
laurel,rd,rd_correct,19.355,20.855,,bifemlh_r,Biceps femoris LH,0.013541635602681238,460.62054759269853,0.8649792238719338,0.002939867896352588,0.002822321539517114,-0.013535465234704258,54.0,53.0
laurel,rd,rd_correct,19.355,20.855,,bifemsh_r,Biceps femoris SH,0.0003773317182717943,49.13586667732764,0.9094053219533021,0.0007679354080588618,0.0011841799411504983,-0.00032108533942194035,56.0,0.0
laurel,rd,rd_toes,58.709,60.209,,glut_med1_r,Glut. medius,0.0009422448497021058,78.65738966988398,0.8007492833492471,0.0011979101437978035,0.006522022987274445,0.0006705655392600755,69.0,54.0
laurel,rd,rd_toes,58.709,60.209,,rect_fem_r,Rect. femoris,0.01425532036060211,348.88401310324787,0.7283885556755274,0.004085976950850834,0.012269694594211178,0.014199550547708516,79.0,72.0
laurel,rd,rd_toes,58.709,60.209,,vas_lat_r,Vast. lateralis,0.002333386859667683,59.10731955065788,0.8920148309309148,0.003947712190988217,0.009978146298905699,0.002197475073148735,98.0,87.0
laurel,rd,rd_toes,58.709,60.209,,tib_ant_r,Tib. anterior,0.009783508060059995,43.32352055343549,0.7056232092046104,0.0225824400581503,0.06702780490350796,-0.0040948247329762625,0.0,0.0
laurel,rd,rd_toes,58.709,60.209,,soleus_r,Soleus,0.0034142209752589824,18.65115393210199,0.9758747475474465,0.018305682252627242,0.016706824580431434,-0.003035668773480204,70.0,72.0
laurel,rd,rd_toes,58.709,60.209,,med_gas_r,Med. gastrocnemius,0.004803222636613109,25.745749571507933,0.9080533914947216,0.018656371310038278,0.025082415695110605,-0.0004014263426471643,68.0,72.0
laurel,rd,rd_toes,58.709,60.209,,semimem_r,Semimembranosus,0.013065638738589855,635.054992023401,0.24539549534940497,0.002057402729322755,0.004556598479974916,-0.012953550203244242,51.0,96.0
laurel,rd,rd_toes,58.709,60.209,,semiten_r,Semitendinosus,0.01548230226591814,658.2616310214936,0.1864454996916787,0.002351998284009449,0.005176251830105061,-0.015408847159362133,51.0,54.0
laurel,rd,rd_toes,58.709,60.209,,bifemlh_r,Biceps femoris LH,0.017096210521142526,678.766912120854,0.21983312580332107,0.002518715956221884,0.004191425001328519,-0.017073868866496544,51.0,51.0
laurel,rd,rd_toes,58.709,60.209,,bifemsh_r,Biceps femoris SH,0.00046980337426221093,67.31851428162368,0.9000552898450078,0.0006978813767291592,0.0019052224795418904,-0.0004355521383038911,53.0,54.0
laurel,rd,rd_supination,107.76,109.26,,glut_med1_r,Glut. medius,0.0005547107874254181,38.694250409006806,0.5321434733975363,0.0014335741914160427,0.002134986877697337,-8.256121081932113e-05,37.0,50.0
laurel,rd,rd_supination,107.76,109.26,,rect_fem_r,Rect. femoris,0.013351670638471692,305.1929364583743,0.9229384286466554,0.004374829507331257,0.005455185103403759,0.01332993897402377,3.0,7.0
laurel,rd,rd_supination,107.76,109.26,,vas_lat_r,Vast. lateralis,0.0005591410290346283,16.94915310277756,0.9482965128295353,0.0032989319622288293,0.004274513951801673,0.00037617393050691603,2.0,9.0
laurel,rd,rd_supination,107.76,109.26,,tib_ant_r,Tib. anterior,0.005193074106912641,23.72166101685588,0.9756327130864424,0.021891696804969107,0.01617945507661106,-0.004845456532906235,0.0,7.0
laurel,rd,rd_supination,107.76,109.26,,soleus_r,Soleus,0.00163693807715235,8.595405574138965,0.9751087545430491,0.019044337850414095,0.014269204250767054,-0.0008363037525549493,49.0,52.0
laurel,rd,rd_supination,107.76,109.26,,med_gas_r,Med. gastrocnemius,0.0014617960108597192,7.445703455738008,0.976826208079514,0.01963274550953531,0.014736335161659508,-0.0003030947806781403,49.0,52.0
laurel,rd,rd_supination,107.76,109.26,,semimem_r,Semimembranosus,0.014747496350342443,710.7248367908553,0.8265388216668491,0.0020749938072984753,0.00327370432812768,-0.01473315547699455,42.0,86.0
laurel,rd,rd_supination,107.76,109.26,,semiten_r,Semitendinosus,0.017158967919516842,715.8221736454886,0.7883827422560442,0.002397099244932699,0.0037294482923255767,-0.017141036488108045,42.0,86.0
laurel,rd,rd_supination,107.76,109.26,,bifemlh_r,Biceps femoris LH,0.017529888050027465,647.7194516041212,0.8729634186458736,0.002706401360436761,0.0038371123601573798,-0.017516580185020933,42.0,86.0
laurel,rd,rd_supination,107.76,109.26,,bifemsh_r,Biceps femoris SH,7.923704323045084e-05,17.230148603604626,0.9492301871185583,0.0004598744041817149,0.0005998769928328707,-5.306091430549846e-05,38.0,36.0
laurel,rd,rd_pronation,190.182,191.682,,glut_med1_r,Glut. medius,0.0018720225138791824,61.953973591888634,0.18187653953566713,0.0030216342961483234,0.0024439492568228416,-0.0017187127296655143,0.0,75.0
laurel,rd,rd_pronation,190.182,191.682,,rect_fem_r,Rect. femoris,0.010949432351465808,93.8575403333591,0.9667886798844787,0.011666012461626518,0.01424910328206136,0.01086844952102183,0.0,0.0
laurel,rd,rd_pronation,190.182,191.682,,vas_lat_r,Vast. lateralis,0.0008360092045887929,8.110777265449103,0.980109252989721,0.010307387038602178,0.011449616698089748,0.00036731923518857067,0.0,2.0
laurel,rd,rd_pronation,190.182,191.682,,tib_ant_r,Tib. anterior,0.009977669936338656,70.93862740645953,0.9821992710589256,0.01406521425790952,0.017856333719039275,-0.009767309668440373,23.0,0.0
laurel,rd,rd_pronation,190.182,191.682,,soleus_r,Soleus,0.0028896786291982028,15.933204072258775,0.9900258881727783,0.018136205474386713,0.017128439448225397,-0.0027314141495451113,69.0,70.0
laurel,rd,rd_pronation,190.182,191.682,,med_gas_r,Med. gastrocnemius,0.002473653479202679,13.662936649642814,0.9553291531551539,0.0181048448268063,0.017211682423860952,-0.0015912934293740432,68.0,70.0
laurel,rd,rd_pronation,190.182,191.682,,semimem_r,Semimembranosus,0.011933925183317677,273.42522373726825,0.4029038711180343,0.004364602877598767,0.004036309393248283,-0.011889113662865873,6.0,11.0
laurel,rd,rd_pronation,190.182,191.682,,semiten_r,Semitendinosus,0.01364563204088187,346.9361513036111,0.5203703719387814,0.00393318251488306,0.004300859754878594,-0.013603170822669326,51.0,54.0
laurel,rd,rd_pronation,190.182,191.682,,bifemlh_r,Biceps femoris LH,0.014231841364133685,247.13241242205063,0.9540391378062135,0.005758791906190219,0.007434840555115008,-0.014204585286694039,55.0,54.0
laurel,rd,rd_pronation,190.182,191.682,,bifemsh_r,Biceps femoris SH,0.00022775956557554233,11.056346292845504,0.9854922886493813,0.0020599894354152437,0.00263172565953651,-0.00010603283695564629,55.0,51.0
laurel,rgs,rgs_correct,9.586,11.086,,glut_med1_r,Glut. medius,0.008276235509588392,85.61557427846961,0.7127152919652351,0.00966674063607803,0.01952308627759275,-0.005781895033716195,66.0,84.0
laurel,rgs,rgs_correct,9.586,11.086,,rect_fem_r,Rect. femoris,0.009855057626798872,11.225192468478182,0.9942015984790094,0.08779410824779327,0.08759853664499584,0.009141990632342374,0.0,0.0
laurel,rgs,rgs_correct,9.586,11.086,,vas_lat_r,Vast. lateralis,0.003467750115530008,6.010567050867822,0.9958864844281182,0.05769422562267773,0.06092488100772728,0.0014717919411248537,98.0,97.0
laurel,rgs,rgs_correct,9.586,11.086,,tib_ant_r,Tib. anterior,0.0018870355387302538,8.055344341798229,0.9929771824211397,0.02342588297484255,0.024670227912391207,0.0012819017534858859,32.0,32.0
laurel,rgs,rgs_correct,9.586,11.086,,soleus_r,Soleus,0.0011989457756249088,5.276104704874007,0.9949373660157449,0.02272407093281026,0.02334149528223528,-0.0007894305673578518,62.0,61.0
laurel,rgs,rgs_correct,9.586,11.086,,med_gas_r,Med. gastrocnemius,0.0023215555130474018,8.907074355172158,0.976841291428667,0.02606417573801123,0.028470959861561673,-0.0004848687888025642,58.0,61.0
laurel,rgs,rgs_correct,9.586,11.086,,semimem_r,Semimembranosus,0.010076570300164178,20.636041124928596,0.9875442366604937,0.04882995841674087,0.044389921415753375,-0.009508076865732686,70.0,72.0
laurel,rgs,rgs_correct,9.586,11.086,,semiten_r,Semitendinosus,0.011216384502422582,18.916312197902187,0.983231577253684,0.059294773659246736,0.052389418121565834,-0.01019897586949912,66.0,70.0
laurel,rgs,rgs_correct,9.586,11.086,,bifemlh_r,Biceps femoris LH,0.01171559734528031,19.277710095854168,0.9840908033048186,0.060772764436372806,0.05533318642673235,-0.010887334889845264,66.0,70.0
laurel,rgs,rgs_correct,9.586,11.086,,bifemsh_r,Biceps femoris SH,0.0006574490767506354,12.773783536820984,0.9768733437855519,0.005146862516148876,0.005748954645704907,-0.0005035387663633373,77.0,79.0
laurel,rgs,rgs_flexion,65.752,67.252,,glut_med1_r,Glut. medius,0.009697173839032291,97.01617319453513,0.9595612313856755,0.00999541985601482,0.023664916592632493,-0.008625356468674272,100.0,100.0
laurel,rgs,rgs_flexion,65.752,67.252,,rect_fem_r,Rect. femoris,0.010243127072619837,12.381663968777103,0.9968260271472014,0.08272819467924486,0.08024600848940477,0.009910887648873278,9.0,12.0
laurel,rgs,rgs_flexion,65.752,67.252,,vas_lat_r,Vast. lateralis,0.004091856335144514,12.983421890367921,0.9933218420275293,0.03151600841208249,0.03572200986392518,0.003574235611693248,9.0,16.0
laurel,rgs,rgs_flexion,65.752,67.252,,tib_ant_r,Tib. anterior,0.002737855863091693,24.548475667773424,0.872952350213562,0.011152854866202044,0.0055681239823300865,0.0011717144995059556,76.0,66.0
laurel,rgs,rgs_flexion,65.752,67.252,,soleus_r,Soleus,0.0016302323497637376,17.27725040108127,0.9043408202236658,0.009435716401156702,0.005733044689966105,-0.00023879938443202548,0.0,8.0
laurel,rgs,rgs_flexion,65.752,67.252,,med_gas_r,Med. gastrocnemius,0.002131607324642167,32.881127803920904,0.7321583865315533,0.006482768283842089,0.009971015343050449,-0.0007029519379188505,99.0,98.0
laurel,rgs,rgs_flexion,65.752,67.252,,semimem_r,Semimembranosus,0.01010530862673553,25.49346837520244,0.9762333983729804,0.03963881445243045,0.033969034213327975,-0.00941461413573187,100.0,100.0
laurel,rgs,rgs_flexion,65.752,67.252,,semiten_r,Semitendinosus,0.011099392036377278,20.80991304198003,0.9818592408932914,0.053337041889537806,0.0449647342925078,-0.009875677684138768,100.0,100.0
laurel,rgs,rgs_flexion,65.752,67.252,,bifemlh_r,Biceps femoris LH,0.010627519749020898,17.447685265461054,0.9944585400639735,0.06091077175755133,0.0561189908819143,-0.009880529285401169,100.0,100.0
laurel,rgs,rgs_flexion,65.752,67.252,,bifemsh_r,Biceps femoris SH,0.0013857444964594976,6.594289544625854,0.9973113592438274,0.021014310746922504,0.022827402503907246,-0.0008307807665571271,41.0,44.0
laurel,rgs,rgs_abduction,126.252,127.752,,glut_med1_r,Glut. medius,0.010819685729806551,197.1770959466354,-0.46779204434453264,0.005487293378504177,0.01556762610581501,-0.009303250963486257,48.0,100.0
laurel,rgs,rgs_abduction,126.252,127.752,,rect_fem_r,Rect. femoris,0.011715259847469295,43.058647727908884,0.7979898764494339,0.02720768176812932,0.016867715212787404,0.009857074878684657,19.0,100.0
laurel,rgs,rgs_abduction,126.252,127.752,,vas_lat_r,Vast. lateralis,0.00620367433972152,24.80725730033319,0.9101009180894387,0.025007497864901806,0.030381913725494897,0.005075002718913532,100.0,100.0
laurel,rgs,rgs_abduction,126.252,127.752,,tib_ant_r,Tib. anterior,0.002293116868911368,17.71851965608712,0.9141267618577807,0.012941921297152936,0.013788907892044844,0.000920049220991745,100.0,86.0
laurel,rgs,rgs_abduction,126.252,127.752,,soleus_r,Soleus,0.0016570144079224578,11.449642427640097,0.9380350675793215,0.014472193506430642,0.013251205841217029,0.00036276719996017803,4.0,14.0
laurel,rgs,rgs_abduction,126.252,127.752,,med_gas_r,Med. gastrocnemius,0.0020699769245255744,12.550827102586624,0.9353368170965616,0.016492753087953615,0.01600953388728199,-0.0005502217988647332,4.0,6.0
laurel,rgs,rgs_abduction,126.252,127.752,,semimem_r,Semimembranosus,0.007672556100134265,25.053449901620734,0.9946197116516096,0.030624748808098956,0.02007357337810911,-0.006743515572784853,97.0,100.0
laurel,rgs,rgs_abduction,126.252,127.752,,semiten_r,Semitendinosus,0.00838985845846337,23.536726498288843,0.993135593569718,0.0356458170131404,0.02155455363169212,-0.006576985131620948,96.0,84.0
laurel,rgs,rgs_abduction,126.252,127.752,,bifemlh_r,Biceps femoris LH,0.009162994521303062,26.37408761055416,0.9944526361016771,0.03474241329825678,0.020632277606707716,-0.007605422486193792,96.0,84.0
laurel,rgs,rgs_abduction,126.252,127.752,,bifemsh_r,Biceps femoris SH,0.0005063805003034239,56.06948930930397,0.8570543937882461,0.0009031302167030741,0.002141962965451605,-0.0002141919646920611,77.0,68.0
laurel,rgs,rgs_stork,199.164,200.664,,glut_med1_r,Glut. medius,0.007730708964893357,91.96667043005183,0.9552674041076211,0.00840598983168929,0.02216246500162214,-0.004850959888627312,95.0,94.0
laurel,rgs,rgs_stork,199.164,200.664,,rect_fem_r,Rect. femoris,0.011361125901160873,14.760004209028915,0.9939623861135011,0.07697237575454824,0.08036983160817113,0.011013183588202996,0.0,2.0
laurel,rgs,rgs_stork,199.164,200.664,,vas_lat_r,Vast. lateralis,0.005667152055480989,26.476814252512405,0.9684109212592403,0.021404206720010616,0.026304653408203815,0.004458246044854967,0.0,4.0
laurel,rgs,rgs_stork,199.164,200.664,,tib_ant_r,Tib. anterior,0.007293109433968675,23.026040489147316,0.9376980773321586,0.03167331108188609,0.01452617851348631,-0.004118963002250598,48.0,51.0
laurel,rgs,rgs_stork,199.164,200.664,,soleus_r,Soleus,0.005822944882204247,22.614257034806602,0.9678152817310878,0.02574899928501695,0.014192753484043641,0.004169630298162466,2.0,0.0
laurel,rgs,rgs_stork,199.164,200.664,,med_gas_r,Med. gastrocnemius,0.006101195753196322,29.56614482963503,0.81094430314109,0.020635750072768744,0.007366812847123816,0.00392581903852931,4.0,0.0
laurel,rgs,rgs_stork,199.164,200.664,,semimem_r,Semimembranosus,0.011955126102123573,26.063425998421668,0.9746281402985986,0.04586935770779921,0.04364453276862934,-0.011498820069380074,100.0,100.0
laurel,rgs,rgs_stork,199.164,200.664,,semiten_r,Semitendinosus,0.013393667379181708,22.405780406899535,0.9762339381578913,0.05977773206711123,0.05654934814365886,-0.012650065579806146,100.0,100.0
laurel,rgs,rgs_stork,199.164,200.664,,bifemlh_r,Biceps femoris LH,0.012642673557362195,19.91137146783294,0.9859445650150096,0.06349474006743627,0.06333456680182303,-0.012107151590388313,100.0,100.0
laurel,rgs,rgs_stork,199.164,200.664,,bifemsh_r,Biceps femoris SH,0.002776912451239843,15.312354311535012,0.9929253077394455,0.018135111000846915,0.023419910718822212,-0.0017857275989386582,2.0,17.0
marquise,ng,ng_v0,7.24,8.74,4.05,glut_med1_r,Glut. medius,0.00582521713708513,77.36930377334406,0.8468079390140995,0.007529106316053066,0.02221500683681825,-0.0036860345131035266,38.0,40.0
marquise,ng,ng_v0,7.24,8.74,4.05,rect_fem_r,Rect. femoris,0.020233903828736858,58.72719229939012,0.9416006445170607,0.034454062992803736,0.040379639669236356,0.020064433624726888,57.0,48.0
marquise,ng,ng_v0,7.24,8.74,4.05,vas_lat_r,Vast. lateralis,0.007957189715532028,23.357605384414725,0.9546109728435768,0.03406680430024489,0.03199851614052704,0.007546935080827159,52.0,66.0
marquise,ng,ng_v0,7.24,8.74,4.05,tib_ant_r,Tib. anterior,0.0031437895673271194,47.07118110058509,-0.4316761797657748,0.006678798988725698,0.007436555951474189,0.0011638333885030736,52.0,100.0
marquise,ng,ng_v0,7.24,8.74,4.05,soleus_r,Soleus,0.002387971353916036,41.121147525499524,0.7613778116876677,0.005807161272518568,0.008479917792871938,-0.002120157126855838,75.0,72.0
marquise,ng,ng_v0,7.24,8.74,4.05,med_gas_r,Med. gastrocnemius,0.0043015712619149035,106.4748461183141,-0.4025091277242596,0.004039988240166159,0.010842872736452236,0.002026507803403201,75.0,76.0
marquise,ng,ng_v0,7.24,8.74,4.05,semimem_r,Semimembranosus,0.012868177143293757,170.16731513769747,0.621354833183693,0.007562073323470475,0.012737331290512188,-0.012757954755426607,100.0,100.0
marquise,ng,ng_v0,7.24,8.74,4.05,semiten_r,Semitendinosus,0.015731967733296142,137.38501075062499,0.7665766371377284,0.01145100738962862,0.019721225048228208,-0.015594772988761541,100.0,100.0
marquise,ng,ng_v0,7.24,8.74,4.05,bifemlh_r,Biceps femoris LH,0.018900129513542634,164.88463670172823,0.7765521965303923,0.011462638297667749,0.022475016092557365,-0.018729203490917105,100.0,100.0
marquise,ng,ng_v0,7.24,8.74,4.05,bifemsh_r,Biceps femoris SH,0.0016577718204893602,49.57407077503848,0.9507497091630338,0.0033440300434720016,0.004889695785590398,-0.0016100954321890497,100.0,100.0
marquise,ng,ng_v1,37.38,38.88,4.61,glut_med1_r,Glut. medius,0.009672499768702847,43.11620102401047,0.4760988044562881,0.022433562185398576,0.07426810858367718,-0.0015702384816401144,71.0,12.0
marquise,ng,ng_v1,37.38,38.88,4.61,rect_fem_r,Rect. femoris,0.016736451904143912,22.70647014853396,0.8561912706106412,0.07370785416959447,0.14435399797952775,0.007118438163514656,99.0,33.0
marquise,ng,ng_v1,37.38,38.88,4.61,vas_lat_r,Vast. lateralis,0.006414849463286384,10.34062252657632,0.9512227999121362,0.06203542820366617,0.05996381590495761,0.001086769686858619,70.0,0.0
marquise,ng,ng_v1,37.38,38.88,4.61,tib_ant_r,Tib. anterior,0.0056324767775836745,21.77743036291053,0.5659488485271992,0.025863826373089593,0.023126422560587945,0.0007846604012301039,6.0,46.0
marquise,ng,ng_v1,37.38,38.88,4.61,soleus_r,Soleus,0.005329315552690747,17.967238532511562,0.821713029988445,0.029661294600432875,0.0249733282486006,-0.003836228431520939,34.0,93.0
marquise,ng,ng_v1,37.38,38.88,4.61,med_gas_r,Med. gastrocnemius,0.005244988803773412,19.25967522018497,0.6611424389457857,0.027233007534189557,0.024737524575751735,-0.002586398000221882,60.0,96.0
marquise,ng,ng_v1,37.38,38.88,4.61,semimem_r,Semimembranosus,0.012092764645757068,35.71145396083238,0.6802172487609105,0.03386242592928357,0.09392896500482151,-0.006396295978607499,83.0,96.0
marquise,ng,ng_v1,37.38,38.88,4.61,semiten_r,Semitendinosus,0.015669498525810545,34.37595687762096,0.6976978245368836,0.04558272685061321,0.11434304882193297,-0.008388094103264413,59.0,96.0
marquise,ng,ng_v1,37.38,38.88,4.61,bifemlh_r,Biceps femoris LH,0.015840631613170987,34.80961567014876,0.7044165295387935,0.04550648235612448,0.1224269948552344,-0.007737450617433137,59.0,96.0
marquise,ng,ng_v1,37.38,38.88,4.61,bifemsh_r,Biceps femoris SH,0.0008778787380294878,13.663150375978903,0.8472993972695609,0.0064251560867900626,0.0055217181428035556,-0.0002630219262336956,43.0,43.0
marquise,ng,ng_v2,72.41,73.91,7.2,glut_med1_r,Glut. medius,0.0071202890607918725,35.67615668930651,0.5788987746427275,0.01995811690928606,0.028952271766219048,-0.0026825005561792238,94.0,38.0
marquise,ng,ng_v2,72.41,73.91,7.2,rect_fem_r,Rect. femoris,0.007077838737397424,9.743860423982444,0.9800938703080468,0.07263895857925906,0.08585895872432664,0.002069918633496898,55.0,50.0
marquise,ng,ng_v2,72.41,73.91,7.2,vas_lat_r,Vast. lateralis,0.002820312481892979,4.547225680581365,0.9927881765369908,0.06202270747055599,0.05897815476870735,0.0001407163746500368,93.0,49.0
marquise,ng,ng_v2,72.41,73.91,7.2,tib_ant_r,Tib. anterior,0.00625949661547856,20.332166840133592,0.579637652123733,0.030786175741598587,0.02620629409874936,0.0017076426514806109,100.0,0.0
marquise,ng,ng_v2,72.41,73.91,7.2,soleus_r,Soleus,0.005956615336540222,18.889780246356757,0.8405439477189894,0.031533534317791045,0.027130044881645443,-0.004577403718644362,32.0,56.0
marquise,ng,ng_v2,72.41,73.91,7.2,med_gas_r,Med. gastrocnemius,0.0059760410444135575,21.07152721328347,0.683310218635395,0.02836073998777966,0.026750089827101586,-0.0038164950738112224,80.0,56.0
marquise,ng,ng_v2,72.41,73.91,7.2,semimem_r,Semimembranosus,0.0052706075888880035,16.77407732999689,0.9279929543264923,0.03142114755523773,0.04384712167618282,-0.0020596079644247993,82.0,87.0
marquise,ng,ng_v2,72.41,73.91,7.2,semiten_r,Semitendinosus,0.007057141706785573,16.361166554845497,0.9344331594264508,0.04313348735329353,0.05624436212575584,-0.0024715539815943193,82.0,83.0
marquise,ng,ng_v2,72.41,73.91,7.2,bifemlh_r,Biceps femoris LH,0.007492079926293208,17.361619322306566,0.9288676143724244,0.04315311715576686,0.0554859977804511,-0.0021383645136939197,82.0,83.0
marquise,ng,ng_v2,72.41,73.91,7.2,bifemsh_r,Biceps femoris SH,0.0007184058819283865,11.168176439502416,0.9014126582907486,0.006432615797395069,0.005467763584954377,-6.449391156074757e-05,66.0,16.0
marquise,ng,ng_v3,120.19,121.69,5.07,glut_med1_r,Glut. medius,0.0076606185217329625,26.97392895278165,0.5122646354344714,0.02840008415215675,0.02802793359114092,-0.0005527752458767322,79.0,22.0
marquise,ng,ng_v3,120.19,121.69,5.07,rect_fem_r,Rect. femoris,0.011318657721262934,13.527281444882181,0.9588972506211907,0.08367281901675194,0.0894015890871494,-0.008640495522083748,38.0,44.0
marquise,ng,ng_v3,120.19,121.69,5.07,vas_lat_r,Vast. lateralis,0.009167871747253156,13.738291497671343,0.9739426430313377,0.06673225523571924,0.05939543345003109,-0.007888888606105243,9.0,9.0
marquise,ng,ng_v3,120.19,121.69,5.07,tib_ant_r,Tib. anterior,0.006191974330078724,22.731160185994334,0.5590389516391091,0.027240027695083824,0.02721397904100431,-0.0008059463079075687,55.0,55.0
marquise,ng,ng_v3,120.19,121.69,5.07,soleus_r,Soleus,0.005787561689252055,16.608603457868927,0.8466292881046755,0.034846769049145965,0.02929224059311325,-0.004113252494665558,82.0,98.0
marquise,ng,ng_v3,120.19,121.69,5.07,med_gas_r,Med. gastrocnemius,0.005870572728190209,17.76423017448297,0.764643361997925,0.03304715526948565,0.027611721724762672,-0.003292563642631375,45.0,34.0
marquise,ng,ng_v3,120.19,121.69,5.07,semimem_r,Semimembranosus,0.0070605148057408485,16.24963091200475,0.8454702624725121,0.04345030877301187,0.04666691711471077,0.0019015044443340002,90.0,70.0
marquise,ng,ng_v3,120.19,121.69,5.07,semiten_r,Semitendinosus,0.008965294768181527,16.238786771963436,0.8590098724288735,0.0552091415084055,0.059408688034424895,0.002805744825561511,67.0,70.0
marquise,ng,ng_v3,120.19,121.69,5.07,bifemlh_r,Biceps femoris LH,0.009054886126781713,16.3508625802605,0.8730152821299957,0.055378644902276786,0.05974401178099403,0.0037071226127523547,68.0,70.0
marquise,ng,ng_v3,120.19,121.69,5.07,bifemsh_r,Biceps femoris SH,0.0018723439147880412,19.78367274559755,0.6627482618013294,0.009464086567064212,0.006195651624978704,0.0009500245986175404,53.0,3.0
marquise,gwo,gwo_v0,6.96,8.46,4.07,glut_med1_r,Glut. medius,0.006632471990869093,57.710220292454565,0.9530245979682281,0.011492716467305306,0.02693958070249565,-0.004449041622926992,22.0,19.0
marquise,gwo,gwo_v0,6.96,8.46,4.07,rect_fem_r,Rect. femoris,0.010339535704882982,71.88842682256956,0.8681293356033762,0.014382754167652556,0.038226030031318525,0.001136898589428153,49.0,25.0
marquise,gwo,gwo_v0,6.96,8.46,4.07,vas_lat_r,Vast. lateralis,0.007686354356814214,91.63913446487688,0.956688722951911,0.00838763308023191,0.028993520462432976,-0.0038675767109677003,24.0,38.0
marquise,gwo,gwo_v0,6.96,8.46,4.07,tib_ant_r,Tib. anterior,0.005366109952094524,44.11348401701847,0.9035487664104964,0.0121643304120444,0.006435537161922578,-0.00492406198709613,100.0,100.0
marquise,gwo,gwo_v0,6.96,8.46,4.07,soleus_r,Soleus,0.003807891929926147,32.73543672866338,0.9692481315770367,0.011632323593202376,0.006586649123051791,0.00325963879548559,46.0,48.0
marquise,gwo,gwo_v0,6.96,8.46,4.07,med_gas_r,Med. gastrocnemius,0.004793040609450119,44.839046246814405,0.7331019164222135,0.010689434790978947,0.005942680613704732,0.003931465304784438,47.0,49.0
marquise,gwo,gwo_v0,6.96,8.46,4.07,semimem_r,Semimembranosus,0.007394200269932911,44.526402322097105,0.7072699000310967,0.016606327671488952,0.020482692925198887,-0.004758427833733369,100.0,93.0
marquise,gwo,gwo_v0,6.96,8.46,4.07,semiten_r,Semitendinosus,0.00910459275632517,46.6990229200566,0.7560493440678755,0.01949632387793465,0.0280729899376177,-0.004877735228462168,100.0,74.0
marquise,gwo,gwo_v0,6.96,8.46,4.07,bifemlh_r,Biceps femoris LH,0.00870819265551048,44.4810356601495,0.6822298345976523,0.0195773154250366,0.02550825171712201,-0.004251256429343359,100.0,93.0
marquise,gwo,gwo_v0,6.96,8.46,4.07,bifemsh_r,Biceps femoris SH,0.0008122528450729401,67.47944185770055,0.932714325978874,0.001203704154497609,0.0030224097642773673,0.00036513270177989613,66.0,66.0
marquise,gwo,gwo_v1,38.87,40.37,4.61,glut_med1_r,Glut. medius,0.0077203508895318795,32.91736137850654,0.7653742922210661,0.02345373555540481,0.038595452024289864,-0.004200834924398527,4.0,5.0
marquise,gwo,gwo_v1,38.87,40.37,4.61,rect_fem_r,Rect. femoris,0.021075024146524745,60.59600121741122,0.6676125495560203,0.034779562550522225,0.061753732250541316,-0.016453097487853934,32.0,22.0
marquise,gwo,gwo_v1,38.87,40.37,4.61,vas_lat_r,Vast. lateralis,0.020046053795283018,169.73535947581806,0.897773095590566,0.01181018136538542,0.04636061024338195,-0.017494085445774757,70.0,22.0
marquise,gwo,gwo_v1,38.87,40.37,4.61,tib_ant_r,Tib. anterior,0.025619681058156762,82.22904441660305,0.17363961389829777,0.03115648642146185,0.06832880754434661,0.011951141051238347,38.0,71.0
marquise,gwo,gwo_v1,38.87,40.37,4.61,soleus_r,Soleus,0.008361526512857246,21.92847497518904,0.8372716786157817,0.038130907517818224,0.03973843225411733,0.007012755684600682,26.0,53.0
marquise,gwo,gwo_v1,38.87,40.37,4.61,med_gas_r,Med. gastrocnemius,0.00992367913550994,22.86388918968135,0.6543715130132054,0.043403285649182444,0.038849245683978406,0.005946624468192127,26.0,53.0
marquise,gwo,gwo_v1,38.87,40.37,4.61,semimem_r,Semimembranosus,0.007715473245396854,18.992316550376053,0.7114221715944865,0.04062418202082929,0.031162318533995703,0.0005645962140015555,62.0,63.0
marquise,gwo,gwo_v1,38.87,40.37,4.61,semiten_r,Semitendinosus,0.010035751183457613,21.905060172278677,0.7155665929419933,0.04581476199804313,0.039583285156452486,0.0025138512902638426,62.0,54.0
marquise,gwo,gwo_v1,38.87,40.37,4.61,bifemlh_r,Biceps femoris LH,0.01054358165498733,24.057174466839186,0.7539344139435143,0.043827182072112336,0.03921037077514755,0.005648708505954993,62.0,54.0
marquise,gwo,gwo_v1,38.87,40.37,4.61,bifemsh_r,Biceps femoris SH,0.0023006843344839803,100.81265020655488,0.5917455424745562,0.002282138530997957,0.003235890392231433,0.0021803781947662784,42.0,36.0
marquise,gwo,gwo_v2,69.32,70.82,5.14,glut_med1_r,Glut. medius,0.004876118108213903,21.185548385811984,0.8540195489305475,0.023016246827386594,0.025927119642124755,-0.001892258066311724,49.0,50.0
marquise,gwo,gwo_v2,69.32,70.82,5.14,rect_fem_r,Rect. femoris,0.027325467073907917,91.15031197198529,0.5479146681822022,0.029978467964329403,0.06282512239046584,-0.021519066843723147,4.0,69.0
marquise,gwo,gwo_v2,69.32,70.82,5.14,vas_lat_r,Vast. lateralis,0.022727361768031498,180.30725930379313,0.9738002361371149,0.012604795755748799,0.04728150789585678,-0.019289836371663385,71.0,69.0
marquise,gwo,gwo_v2,69.32,70.82,5.14,tib_ant_r,Tib. anterior,0.009192931247079303,32.085062812705445,0.8947090464580688,0.028651747701858854,0.01847730054198482,-0.008356503786432875,43.0,10.0
marquise,gwo,gwo_v2,69.32,70.82,5.14,soleus_r,Soleus,0.006198769623059793,18.01052790093228,0.9778251563032735,0.03441747880548757,0.019856154390828273,0.004983032210294697,69.0,66.0
marquise,gwo,gwo_v2,69.32,70.82,5.14,med_gas_r,Med. gastrocnemius,0.00905433379700389,23.08563934905595,0.8215279606764012,0.039220632619707596,0.014512247112335008,0.0047058520757217535,69.0,66.0
marquise,gwo,gwo_v2,69.32,70.82,5.14,semimem_r,Semimembranosus,0.010598857313746534,27.61783499221499,0.595495010649668,0.03837685798591445,0.03172561662476514,0.004648744659579184,34.0,29.0
marquise,gwo,gwo_v2,69.32,70.82,5.14,semiten_r,Semitendinosus,0.013846414482555188,31.938152406376197,0.5841440910854058,0.04335383683556743,0.03945832375745689,0.007248757825076694,34.0,22.0
marquise,gwo,gwo_v2,69.32,70.82,5.14,bifemlh_r,Biceps femoris LH,0.01464345339252516,36.20906511181614,0.6226964618356648,0.04044140147586012,0.03783926831136908,0.009749100410077732,34.0,96.0
marquise,gwo,gwo_v2,69.32,70.82,5.14,bifemsh_r,Biceps femoris SH,0.0020388683243764997,80.12507418442061,0.7772763235688779,0.002544607097253626,0.0032766431558656217,0.001932312537530488,86.0,95.0
marquise,rd,rd_correct,38.151,39.651,,glut_med1_r,Glut. medius,0.0039952095953692205,233.2770876198868,0.881443925470515,0.0017126455221694176,0.0028553974850660663,-0.003980197012228762,100.0,95.0
marquise,rd,rd_correct,38.151,39.651,,rect_fem_r,Rect. femoris,0.030688347891017428,488.9444817995637,0.4918731992922236,0.006276448356277331,0.0017696743555778993,-0.030619544147553253,2.0,44.0
marquise,rd,rd_correct,38.151,39.651,,vas_lat_r,Vast. lateralis,0.012095851750772027,207.24211770460226,0.9765189459219278,0.005836579882865872,0.003409403835754443,-0.012051196084287062,0.0,8.0
marquise,rd,rd_correct,38.151,39.651,,tib_ant_r,Tib. anterior,0.0038526142640535094,16.17964027145909,0.997973882919232,0.02381149518416381,0.018225965789270715,-0.003236144484406074,8.0,8.0
marquise,rd,rd_correct,38.151,39.651,,soleus_r,Soleus,0.001353113800346129,7.532612952563871,0.998186915415576,0.01796340537961094,0.0155889581743488,0.000944025605883823,100.0,97.0
marquise,rd,rd_correct,38.151,39.651,,med_gas_r,Med. gastrocnemius,0.002901049688549962,15.08267806591928,0.9980300056318698,0.01923431419719257,0.016345476309310714,0.00264536392961889,100.0,97.0
marquise,rd,rd_correct,38.151,39.651,,semimem_r,Semimembranosus,0.02273331422041568,1082.38782643139,-0.6261601786289199,0.0021002928585557856,0.0027368840372430925,0.022690925717560602,78.0,0.0
marquise,rd,rd_correct,38.151,39.651,,semiten_r,Semitendinosus,0.02961535664605826,1200.8105336074138,-0.6761664174973633,0.0024662805511115327,0.0034783798925418496,0.02956497275023378,77.0,0.0
marquise,rd,rd_correct,38.151,39.651,,bifemlh_r,Biceps femoris LH,0.026764584146921906,933.5606511721583,-0.5897700625174764,0.002866935759697764,0.003127366671879128,0.02671421664988303,77.0,0.0
marquise,rd,rd_correct,38.151,39.651,,bifemsh_r,Biceps femoris SH,0.0005896248990051912,120.11576233652701,0.9706910981570541,0.0004908805368551428,3.942170226439723e-05,0.000568716042590706,74.0,97.0
marquise,rd,rd_toes,84.796,86.296,,glut_med1_r,Glut. medius,0.0029702228426729594,115.68333533709776,0.27419853163106767,0.0025675459944319717,0.001246322708972819,-0.002844402633289064,100.0,44.0
marquise,rd,rd_toes,84.796,86.296,,rect_fem_r,Rect. femoris,0.029235003683678693,1202.5096514286422,-0.23367163567533042,0.002431165824652304,0.00401927849153122,-0.029202902213318744,100.0,94.0
marquise,rd,rd_toes,84.796,86.296,,vas_lat_r,Vast. lateralis,0.011470723510046693,348.6711469045991,0.868881724410598,0.003289840186628701,0.0022767980271296284,-0.01145589342229251,6.0,20.0
marquise,rd,rd_toes,84.796,86.296,,tib_ant_r,Tib. anterior,0.004149785350527825,16.553315018779333,0.9866051253530731,0.025069210280961818,0.014940405120023037,0.00025307104298531795,15.0,15.0
marquise,rd,rd_toes,84.796,86.296,,soleus_r,Soleus,0.0033092697233306516,19.226048971071013,0.9871559204204545,0.017212427411945286,0.01334036136236949,-0.002835916111781745,94.0,95.0
marquise,rd,rd_toes,84.796,86.296,,med_gas_r,Med. gastrocnemius,0.00230389373079922,12.701330835954025,0.9863093998825626,0.018138994728627345,0.013651941252778355,-0.0012027052375464975,94.0,95.0
marquise,rd,rd_toes,84.796,86.296,,semimem_r,Semimembranosus,0.021578355350468266,1897.8546898572145,0.6675835992966672,0.0011369866969157538,0.003776335448400836,0.02155698618146628,4.0,0.0
marquise,rd,rd_toes,84.796,86.296,,semiten_r,Semitendinosus,0.02838942305827971,1540.0881183678673,0.7185513062697385,0.0018433635530131776,0.005239127528016918,0.02836412692112229,4.0,0.0
marquise,rd,rd_toes,84.796,86.296,,bifemlh_r,Biceps femoris LH,0.02518242751964342,1762.9072135528631,0.5334183082840988,0.001428460177940516,0.004107100435461419,0.025162721802636814,46.0,0.0
marquise,rd,rd_toes,84.796,86.296,,bifemsh_r,Biceps femoris SH,0.0002647664243138299,140.1448160541886,-0.8373001513969707,0.0001889234520179861,4.292592687615837e-05,0.00025463279353171335,59.0,20.0
marquise,rd,rd_supination,135.406,136.906,,glut_med1_r,Glut. medius,0.0007571234392382527,31.705225252981123,0.9824936735846548,0.002388008390405816,0.004362720365040346,0.0004526897669294026,100.0,100.0
marquise,rd,rd_supination,135.406,136.906,,rect_fem_r,Rect. femoris,0.025258889591985544,667.7685968726875,0.5725426338242463,0.003782581228029991,0.0011888331753892034,-0.025242184118124032,0.0,100.0
marquise,rd,rd_supination,135.406,136.906,,vas_lat_r,Vast. lateralis,0.010913816788271736,319.7609965073292,0.7506164834050022,0.003413116955313711,0.002230959081771622,-0.010888752979136744,100.0,100.0
marquise,rd,rd_supination,135.406,136.906,,tib_ant_r,Tib. anterior,0.00616913363064805,21.282564153834684,0.9733796857756329,0.028986796826060535,0.014028345525709751,0.004037420694668549,0.0,5.0
marquise,rd,rd_supination,135.406,136.906,,soleus_r,Soleus,0.0025417114368566735,16.052312730994768,0.9903807291003108,0.01583392673349171,0.01014828377362309,-0.0017835811376960729,100.0,100.0
marquise,rd,rd_supination,135.406,136.906,,med_gas_r,Med. gastrocnemius,0.00217067677054669,12.760161695370742,0.988478072510846,0.017011357868091825,0.01038366074132313,-0.0006978731359482879,93.0,100.0
marquise,rd,rd_supination,135.406,136.906,,semimem_r,Semimembranosus,0.017645835680879404,607.3051964332387,0.7787018036092879,0.002905596030548574,0.0006152414945302387,0.017634221087327907,48.0,40.0
marquise,rd,rd_supination,135.406,136.906,,semiten_r,Semitendinosus,0.023809584156577763,563.0214371926238,0.9183694707825364,0.0042288947780210195,0.001735672260368748,0.023799007326341465,48.0,51.0
marquise,rd,rd_supination,135.406,136.906,,bifemlh_r,Biceps femoris LH,0.01990723623133795,689.7422976881619,0.17167269890017375,0.002886184637082845,0.0011269120051567438,0.01989127576002597,47.0,18.0
marquise,rd,rd_supination,135.406,136.906,,bifemsh_r,Biceps femoris SH,0.0004940155187728309,188.7363668812185,0.7562410156511189,0.00026174898189268436,2.533576565277862e-05,0.00048820374185470585,20.0,12.0
marquise,rd,rd_pronation,185.249,186.749,,glut_med1_r,Glut. medius,0.004892899442975211,91.55254445668076,0.9100852989449156,0.00534436205133583,0.0070007567173030055,-0.0047378114092789855,0.0,13.0
marquise,rd,rd_pronation,185.249,186.749,,rect_fem_r,Rect. femoris,0.06920042552430843,734.4644997356958,0.9162449491509677,0.009421888402939949,0.0773425257649587,-0.05996239453271413,0.0,9.0
marquise,rd,rd_pronation,185.249,186.749,,vas_lat_r,Vast. lateralis,0.014559966238893735,138.26901293280446,0.9514066871126206,0.010530172979516056,0.018950991421617852,-0.013714624043493013,0.0,9.0
marquise,rd,rd_pronation,185.249,186.749,,tib_ant_r,Tib. anterior,0.008854246988033552,57.20754336767594,0.9253175621453115,0.015477411660778428,0.014525773652668605,-0.008584433678413385,52.0,17.0
marquise,rd,rd_pronation,185.249,186.749,,soleus_r,Soleus,0.0013646216887250166,9.930435969728073,0.9912813021562067,0.013741810459127146,0.013380421539447462,0.0011662453227930423,93.0,92.0
marquise,rd,rd_pronation,185.249,186.749,,med_gas_r,Med. gastrocnemius,0.004378601102440785,29.128192002993515,0.978072639427729,0.015032176051266055,0.01719565877454332,0.0040539003098588235,93.0,92.0
marquise,rd,rd_pronation,185.249,186.749,,semimem_r,Semimembranosus,0.04404820948522342,1827.035044887565,0.8163892129991882,0.002410912128285647,0.04384831660124161,0.03905806071907191,61.0,51.0
marquise,rd,rd_pronation,185.249,186.749,,semiten_r,Semitendinosus,0.06441340824435506,2258.917754249027,0.7934256671875144,0.0028515163123222775,0.06611223474106276,0.05635860826206934,61.0,51.0
marquise,rd,rd_pronation,185.249,186.749,,bifemlh_r,Biceps femoris LH,0.04913468564247013,901.1697489394508,0.8859053565924867,0.005452323016867211,0.04935874684365049,0.043816709741660534,61.0,56.0
marquise,rd,rd_pronation,185.249,186.749,,bifemsh_r,Biceps femoris SH,0.003218045919444301,2219.3048859442483,-0.4752194840940961,0.00014500242575166133,0.004808117834352532,-0.002301677950728919,46.0,9.0
marquise,rgs,rgs_correct,36.016,37.516,,glut_med1_r,Glut. medius,0.007203309599029244,60.53552527217103,0.9295808216176461,0.011899309647752737,0.02565627690426138,-0.004744727248543805,80.0,100.0
marquise,rgs,rgs_correct,36.016,37.516,,rect_fem_r,Rect. femoris,0.008306246030286225,13.706703636271133,0.9946714370359843,0.060599880545355644,0.06923419779927559,0.0070629851749443385,98.0,100.0
marquise,rgs,rgs_correct,36.016,37.516,,vas_lat_r,Vast. lateralis,0.0039043457155393756,7.0508215791102895,0.9805873064659022,0.055374337185143285,0.05304414416286751,0.0009859503472839676,97.0,96.0
marquise,rgs,rgs_correct,36.016,37.516,,tib_ant_r,Tib. anterior,0.005406703148494532,32.14312220717233,0.5454809634832648,0.01682071552864922,0.01736121196354573,-0.0014970839098783276,100.0,26.0
marquise,rgs,rgs_correct,36.016,37.516,,soleus_r,Soleus,0.0032864862339859833,18.50603471769668,0.7986559869044167,0.017758997452021585,0.017069166593043528,-0.0006461189579155915,49.0,67.0
marquise,rgs,rgs_correct,36.016,37.516,,med_gas_r,Med. gastrocnemius,0.003832465209375147,20.50125916808899,0.7922502226304957,0.018693804014440873,0.018548905724732112,-0.000597318664783969,45.0,50.0
marquise,rgs,rgs_correct,36.016,37.516,,semimem_r,Semimembranosus,0.008009365800081238,24.095864555129644,0.9680406074290744,0.03323958674218297,0.03784581530832004,-0.007373433628143266,54.0,58.0
marquise,rgs,rgs_correct,36.016,37.516,,semiten_r,Semitendinosus,0.009209896040732399,23.329391263334117,0.9539288866435923,0.039477652617568415,0.04394053715655927,-0.007976823957320635,54.0,58.0
marquise,rgs,rgs_correct,36.016,37.516,,bifemlh_r,Biceps femoris LH,0.008880431694057023,22.482428268653848,0.9758944862155507,0.03949943301470943,0.04529087157538253,-0.007995899353843617,53.0,52.0
marquise,rgs,rgs_correct,36.016,37.516,,bifemsh_r,Biceps femoris SH,0.0004903180125046296,9.119913517668063,0.9620606270222305,0.005376344979091452,0.005036285872994317,-3.572660814897667e-05,54.0,56.0
marquise,rgs,rgs_flexion,154.975,156.475,,glut_med1_r,Glut. medius,0.0078004697375656205,69.54032396562266,0.9646281445315106,0.01121718924033456,0.024140404168319765,-0.006083385040285364,90.0,94.0
marquise,rgs,rgs_flexion,154.975,156.475,,rect_fem_r,Rect. femoris,0.007264832312212617,9.30690071342438,0.9925753769779252,0.07805855607478157,0.08781026899151378,0.005909126494773853,100.0,100.0
marquise,rgs,rgs_flexion,154.975,156.475,,vas_lat_r,Vast. lateralis,0.0036028058266154637,6.571279399324929,0.9809028346141733,0.054826550625523274,0.056077745207712915,0.0006385967371974847,99.0,100.0
marquise,rgs,rgs_flexion,154.975,156.475,,tib_ant_r,Tib. anterior,0.004468537001269162,12.759854921626843,0.9509846223725091,0.03502028062791984,0.032744608264180186,-0.002122539443671481,57.0,60.0
marquise,rgs,rgs_flexion,154.975,156.475,,soleus_r,Soleus,0.0030700023227912088,7.462074808302502,0.9907564182296305,0.04114140372025543,0.03538906784164875,0.0009647244586751011,0.0,100.0
marquise,rgs,rgs_flexion,154.975,156.475,,med_gas_r,Med. gastrocnemius,0.003261784228931515,9.723257753124646,0.982118669331473,0.033546207575164966,0.026433593557534996,0.0010512617950822396,0.0,92.0
marquise,rgs,rgs_flexion,154.975,156.475,,semimem_r,Semimembranosus,0.008062991468292788,20.012695269706697,0.9845593656827304,0.040289383112217636,0.04366480743680412,-0.007637083424539652,68.0,67.0
marquise,rgs,rgs_flexion,154.975,156.475,,semiten_r,Semitendinosus,0.008863486480655824,17.553021745903333,0.9816871559281684,0.05049550219308796,0.05552056615052292,-0.00816903181577249,67.0,67.0
marquise,rgs,rgs_flexion,154.975,156.475,,bifemlh_r,Biceps femoris LH,0.008347558527123882,15.75577200377975,0.9872409820029363,0.05298095532939506,0.05755300081582099,-0.007686831732191453,64.0,67.0
marquise,rgs,rgs_flexion,154.975,156.475,,bifemsh_r,Biceps femoris SH,0.0007082081460501953,11.023777456316406,0.9824165271955765,0.006424369040980649,0.007710164355038351,-0.0003967990911628374,15.0,84.0
marquise,rgs,rgs_abduction,249.839,251.339,,glut_med1_r,Glut. medius,0.009520795944862404,62.26819991074587,0.9637939522368906,0.015289981015204138,0.024523595868028866,-0.008564105821341551,100.0,100.0
marquise,rgs,rgs_abduction,249.839,251.339,,rect_fem_r,Rect. femoris,0.005217773509421382,8.523618957436302,0.9982758877980351,0.06121547121565324,0.06754734607016172,0.003872449426782369,4.0,6.0
marquise,rgs,rgs_abduction,249.839,251.339,,vas_lat_r,Vast. lateralis,0.0033972554837397658,8.991085250592496,0.9838018865734858,0.03778470995496225,0.04055742865015824,0.0006763338357956459,4.0,8.0
marquise,rgs,rgs_abduction,249.839,251.339,,tib_ant_r,Tib. anterior,0.004597740927251745,11.908642977160637,0.9713032210357011,0.03860843704920591,0.030340570342965167,-0.0021974955656524865,61.0,66.0
marquise,rgs,rgs_abduction,249.839,251.339,,soleus_r,Soleus,0.005643162618326568,12.334109505644406,0.9603718815318919,0.045752493244397674,0.0322943048966185,0.0010407908790731914,0.0,0.0
marquise,rgs,rgs_abduction,249.839,251.339,,med_gas_r,Med. gastrocnemius,0.005551702051274527,13.71300948351401,0.9541383595937872,0.04048492825698741,0.026861711945054156,0.0010383674963143701,0.0,0.0
marquise,rgs,rgs_abduction,249.839,251.339,,semimem_r,Semimembranosus,0.004853636726386414,11.661313935322752,0.9967527858534494,0.041621696777105754,0.04352433344150758,-0.004614602073055472,75.0,80.0
marquise,rgs,rgs_abduction,249.839,251.339,,semiten_r,Semitendinosus,0.004468548019588397,8.736252115973194,0.9960279913094777,0.05114948561773064,0.0517945641270387,-0.004093174213669633,74.0,78.0
marquise,rgs,rgs_abduction,249.839,251.339,,bifemlh_r,Biceps femoris LH,0.0046279323362864505,8.992097600047819,0.9965376211949492,0.05146666041816361,0.05390028092145788,-0.004164609458155227,75.0,78.0
marquise,rgs,rgs_abduction,249.839,251.339,,bifemsh_r,Biceps femoris SH,0.00038467088625826067,15.547648377704029,0.8267073926470001,0.00247414192110168,0.001974280751894708,-0.00018850004943238627,100.0,28.0
marquise,rgs,rgs_stork,344.681,346.181,,glut_med1_r,Glut. medius,0.00904419313439854,99.10047958788519,0.9284560293412,0.009126285939290421,0.017480547489855502,-0.008169180389029846,97.0,100.0
marquise,rgs,rgs_stork,344.681,346.181,,rect_fem_r,Rect. femoris,0.008825833474586863,9.21208315232549,0.9987610074655431,0.0958071407807351,0.1054090912704625,0.007503071844996232,0.0,0.0
marquise,rgs,rgs_stork,344.681,346.181,,vas_lat_r,Vast. lateralis,0.005132452821799067,9.566253453979657,0.9942503707323076,0.05365165000582245,0.057424810950709615,0.0044433772040245526,0.0,0.0
marquise,rgs,rgs_stork,344.681,346.181,,tib_ant_r,Tib. anterior,0.002261445531074778,5.720019863730167,0.9928498373350623,0.039535623738202075,0.04153085735894957,-0.0009960147160790953,100.0,100.0
marquise,rgs,rgs_stork,344.681,346.181,,soleus_r,Soleus,0.004116297491655811,7.818044286614831,0.9953858887318232,0.05265124295475365,0.04610100402369016,0.00012925184483745101,2.0,0.0
marquise,rgs,rgs_stork,344.681,346.181,,med_gas_r,Med. gastrocnemius,0.0037911643154260044,8.909867355314281,0.9850335539194061,0.04255017683472884,0.04194207060211097,0.0007666502962575088,30.0,0.0
marquise,rgs,rgs_stork,344.681,346.181,,semimem_r,Semimembranosus,0.0073986445896475515,15.545736400789064,0.994627477054315,0.04759275726090412,0.052661355048640834,-0.007056231012892315,97.0,99.0
marquise,rgs,rgs_stork,344.681,346.181,,semiten_r,Semitendinosus,0.007691021455481325,12.394636986473943,0.9960715688621715,0.06205120378978751,0.06587081753823049,-0.007349494126468252,97.0,99.0
marquise,rgs,rgs_stork,344.681,346.181,,bifemlh_r,Biceps femoris LH,0.007696182774486944,11.4010123177872,0.9982667283365163,0.06750438083888222,0.0759000680402801,-0.006889548759181053,91.0,92.0
marquise,rgs,rgs_stork,344.681,346.181,,bifemsh_r,Biceps femoris SH,0.0021385968050327358,10.823978268174631,0.9963837064654834,0.019757955458214266,0.023251720974856394,-0.0017540923840841782,31.0,32.0
neves,ng,ng_v0,32.37,33.87,3.49,glut_med1_r,Glut. medius,0.009152653276977627,58.000995310651774,0.6217237888552424,0.015780165888458056,0.03679994816312765,-0.005682408709740896,32.0,36.0
neves,ng,ng_v0,32.37,33.87,3.49,rect_fem_r,Rect. femoris,0.006210236287960739,8.368186506494725,0.9905829902189883,0.0742124507280143,0.0790351709441181,0.005062748886665168,50.0,52.0
neves,ng,ng_v0,32.37,33.87,3.49,vas_lat_r,Vast. lateralis,0.003556188403956198,6.310102430246767,0.9858722769053545,0.05635706303133858,0.0564956679453503,0.0008783033463135318,17.0,18.0
neves,ng,ng_v0,32.37,33.87,3.49,tib_ant_r,Tib. anterior,0.00881953097186883,34.16746196527085,0.878111601795683,0.02581266053894593,0.02431877580445385,-0.008352788212509187,75.0,76.0
neves,ng,ng_v0,32.37,33.87,3.49,soleus_r,Soleus,0.004641123530355972,16.23673351833532,0.949767374799184,0.028584096210700183,0.023940565165643857,0.004242362166553594,59.0,60.0
neves,ng,ng_v0,32.37,33.87,3.49,med_gas_r,Med. gastrocnemius,0.005348486085167076,25.17350221907912,0.8795315660906162,0.02124649180165894,0.022809356261038194,0.004798725433009385,62.0,5.0
neves,ng,ng_v0,32.37,33.87,3.49,semimem_r,Semimembranosus,0.00865334297660943,20.31542828128046,0.9109790781694382,0.04259493256454261,0.04320992873274443,-0.00619981590890356,8.0,8.0
neves,ng,ng_v0,32.37,33.87,3.49,semiten_r,Semitendinosus,0.00945980000681304,17.774192711596093,0.9382736715275584,0.053222107807131824,0.053229648317257294,-0.007225869313945202,8.0,8.0
neves,ng,ng_v0,32.37,33.87,3.49,bifemlh_r,Biceps femoris LH,0.007151537584737813,13.715350395440373,0.9595683786902756,0.052142580237070135,0.05481439605960503,-0.005193094017078007,7.0,8.0
neves,ng,ng_v0,32.37,33.87,3.49,bifemsh_r,Biceps femoris SH,0.0020642474272739657,28.38773146750467,0.7715905260145618,0.007271618127136725,0.01539159607768803,-0.0005049541091553954,93.0,70.0
neves,ng,ng_v1,91.24,92.74,4.03,glut_med1_r,Glut. medius,0.005208469967403516,29.425047646855674,0.8139261690338401,0.01770080385225846,0.022211962527113577,-0.003793964956570563,64.0,66.0
neves,ng,ng_v1,91.24,92.74,4.03,rect_fem_r,Rect. femoris,0.005449191675233216,7.543293007498228,0.9883001502842671,0.07223889712114562,0.07724906390820563,0.0035571534465361986,7.0,8.0
neves,ng,ng_v1,91.24,92.74,4.03,vas_lat_r,Vast. lateralis,0.003478805385900971,6.288133822018463,0.9841633157556385,0.05532333573626602,0.05506784129910669,0.0004953275561011132,50.0,51.0
neves,ng,ng_v1,91.24,92.74,4.03,tib_ant_r,Tib. anterior,0.010865232983647029,45.846174155333195,0.56745087074358,0.0236993231907075,0.06098165932979294,-0.006558244490930342,23.0,18.0
neves,ng,ng_v1,91.24,92.74,4.03,soleus_r,Soleus,0.008206315010923832,29.724416652944015,0.7059678279746676,0.02760799347801851,0.06508975982329851,0.0018700746848726135,90.0,91.0
neves,ng,ng_v1,91.24,92.74,4.03,med_gas_r,Med. gastrocnemius,0.008272284527726163,40.08938680353605,0.5734891005591243,0.02063459979636434,0.06049135420036317,0.002200842272274302,37.0,72.0
neves,ng,ng_v1,91.24,92.74,4.03,semimem_r,Semimembranosus,0.0038927374931981788,9.894567402706175,0.9911650588653557,0.03934216964486503,0.04031824358496855,-0.003478938208705709,41.0,41.0
neves,ng,ng_v1,91.24,92.74,4.03,semiten_r,Semitendinosus,0.004771440742682361,9.772154978091601,0.989550664866728,0.048826904130967574,0.04968880844375645,-0.004173887289357649,41.0,41.0
neves,ng,ng_v1,91.24,92.74,4.03,bifemlh_r,Biceps femoris LH,0.0036737433684778057,7.740527968344425,0.9880258610023303,0.047461147140116344,0.05021210590997277,-0.0024756827268916227,40.0,41.0
neves,ng,ng_v1,91.24,92.74,4.03,bifemsh_r,Biceps femoris SH,0.00046451014560121507,7.341575811418183,0.9553561537453938,0.00632711774056427,0.00656441130006874,-0.00011684578143366713,18.0,42.0
neves,ng,ng_v2,160.53,162.03,4.48,glut_med1_r,Glut. medius,0.005810655689299321,29.92992429445663,0.8576728993509249,0.0194142010923012,0.02008641349400843,-0.004679978222408761,79.0,84.0
neves,ng,ng_v2,160.53,162.03,4.48,rect_fem_r,Rect. femoris,0.004044218136427138,5.4863907900798035,0.9913445042054203,0.07371363599799846,0.07842489634819572,0.002593351218414604,28.0,27.0
neves,ng,ng_v2,160.53,162.03,4.48,vas_lat_r,Vast. lateralis,0.003530391447349814,6.101384718222065,0.9856995805650693,0.057862134751249794,0.056694223112482844,-0.0017071014324666922,67.0,68.0
neves,ng,ng_v2,160.53,162.03,4.48,tib_ant_r,Tib. anterior,0.010177909549055847,36.627212690755016,0.9173688081196479,0.027787835331583466,0.032735583734894935,-0.00963151065771988,41.0,43.0
neves,ng,ng_v2,160.53,162.03,4.48,soleus_r,Soleus,0.00420764800898782,11.498537619449081,0.9796431377484878,0.03659289683821043,0.03303792115822157,0.0037771199552795775,100.0,100.0
neves,ng,ng_v2,160.53,162.03,4.48,med_gas_r,Med. gastrocnemius,0.004913566278425654,17.708254377524046,0.9514178321002058,0.027747321524035307,0.024962972718418963,0.004474012154026307,100.0,100.0
neves,ng,ng_v2,160.53,162.03,4.48,semimem_r,Semimembranosus,0.004884526152106727,11.600515548780747,0.9939697976928317,0.04210611271168985,0.04145810795307597,-0.004666297350966385,60.0,58.0
neves,ng,ng_v2,160.53,162.03,4.48,semiten_r,Semitendinosus,0.005735806061635187,11.05806340116092,0.9940420888179613,0.05186989668582492,0.0511512002986379,-0.00547501788420406,59.0,58.0
neves,ng,ng_v2,160.53,162.03,4.48,bifemlh_r,Biceps femoris LH,0.004012062316732129,7.937951526529528,0.9934204494831265,0.05054279184400867,0.0529979857416345,-0.0034732475075993285,58.0,58.0
neves,ng,ng_v2,160.53,162.03,4.48,bifemsh_r,Biceps femoris SH,0.0004881169677872448,6.826576643684663,0.9754586065256503,0.007150245185320037,0.007745871666426207,0.0001717830246034762,60.0,37.0
neves,gwo,gwo_v0,6.43,7.93,3.58,glut_med1_r,Glut. medius,0.0009607143428428724,127.88926682218396,-0.36445299875839815,0.0007512079525630877,0.0002791517509453112,0.0009394290620584288,0.0,92.0
neves,gwo,gwo_v0,6.43,7.93,3.58,rect_fem_r,Rect. femoris,0.0003367753539942343,27.422082965377864,0.850710004521479,0.0012281173330976891,0.002105597768382317,8.21829556479738e-05,0.0,0.0
neves,gwo,gwo_v0,6.43,7.93,3.58,vas_lat_r,Vast. lateralis,0.0003975273489657154,238.4361139733203,-0.7271932115991261,0.0001667227930959303,0.0008570016164359817,-0.00027540751720369055,68.0,19.0
neves,gwo,gwo_v0,6.43,7.93,3.58,tib_ant_r,Tib. anterior,0.004782621593837461,216.89237982542645,0.6792014657287759,0.002205066677624601,0.0013172626797278153,-0.004761588703161732,13.0,65.0
neves,gwo,gwo_v0,6.43,7.93,3.58,soleus_r,Soleus,0.0004511472477085983,21.65296859405099,0.6924871143139809,0.0020835353164117554,0.001198877563032441,7.01356668739887e-05,100.0,71.0
neves,gwo,gwo_v0,6.43,7.93,3.58,med_gas_r,Med. gastrocnemius,0.0038980269161194053,43.58761855993467,0.6118606289236138,0.008942968312800725,0.0013098973537127856,-0.0018041948666512567,91.0,71.0
neves,gwo,gwo_v0,6.43,7.93,3.58,semimem_r,Semimembranosus,0.0025443605504454946,45.1019067126108,0.6576200600178038,0.005641359170595939,0.0016575882650758378,-0.001628734135556398,81.0,68.0
neves,gwo,gwo_v0,6.43,7.93,3.58,semiten_r,Semitendinosus,0.0026005939576795416,45.38052031908644,0.6824026594560082,0.005730639356697209,0.0019123650881081034,-0.0017877179970375741,81.0,68.0
neves,gwo,gwo_v0,6.43,7.93,3.58,bifemlh_r,Biceps femoris LH,0.0006030578245741125,30.850032054972342,0.7670962311151145,0.0019548045314815576,0.0017652696055792116,-0.00047610689099714657,81.0,68.0
neves,gwo,gwo_v0,6.43,7.93,3.58,bifemsh_r,Biceps femoris SH,8.057217373383667e-05,170.8638815076558,-0.7363314129047409,4.715576693148371e-05,0.00016514365961894928,5.564435232305183e-05,2.0,66.0
neves,gwo,gwo_v1,44.71,46.21,4.05,glut_med1_r,Glut. medius,0.0017204184438660835,12.15282319611551,0.9654826563245087,0.014156533145450456,0.012597289430214875,0.0012635855524969432,91.0,26.0
neves,gwo,gwo_v1,44.71,46.21,4.05,rect_fem_r,Rect. femoris,0.013526482457767094,41.89970609826029,0.6520045671039347,0.0322830008068451,0.04020496033108706,-0.00980720578747969,34.0,32.0
neves,gwo,gwo_v1,44.71,46.21,4.05,vas_lat_r,Vast. lateralis,0.011291194672674663,93.59551200344008,0.9379766353762945,0.012063820615949683,0.040530294430649705,-0.008286690390557608,75.0,75.0
neves,gwo,gwo_v1,44.71,46.21,4.05,tib_ant_r,Tib. anterior,0.005571553577514482,25.089331700355373,0.872960135909321,0.022206863235960828,0.016381018416047166,-0.005053714036955874,83.0,83.0
neves,gwo,gwo_v1,44.71,46.21,4.05,soleus_r,Soleus,0.004211356326518341,15.089174289221802,0.8602422342072634,0.027909786485311616,0.015869712089571386,-0.002763620777636085,31.0,31.0
neves,gwo,gwo_v1,44.71,46.21,4.05,med_gas_r,Med. gastrocnemius,0.0042083309418329716,16.146629326818022,0.6690968518854887,0.0260632163942931,0.015472905966074757,-0.0008469117612824394,31.0,32.0
neves,gwo,gwo_v1,44.71,46.21,4.05,semimem_r,Semimembranosus,0.004481925097522789,11.811888022772782,0.9690132957555633,0.03794418884501649,0.0375373019264279,0.0033661011206791353,73.0,72.0
neves,gwo,gwo_v1,44.71,46.21,4.05,semiten_r,Semitendinosus,0.005343281170665337,12.587944202273258,0.9629316255718104,0.04244760768561712,0.043685335785841606,0.003923110452539475,73.0,72.0
neves,gwo,gwo_v1,44.71,46.21,4.05,bifemlh_r,Biceps femoris LH,0.006060578994095512,13.591075396517379,0.9505347847787143,0.04459234326408412,0.04365439175689506,0.0042315007308545115,74.0,72.0
neves,gwo,gwo_v1,44.71,46.21,4.05,bifemsh_r,Biceps femoris SH,0.00118530460676062,60.23563083692227,0.9324636188506717,0.0019677798510480127,0.003805504513453628,0.0009873315105281362,46.0,51.0
neves,gwo,gwo_v2,70.88,72.38,4.57,glut_med1_r,Glut. medius,0.002354243854105112,17.534956467827154,0.9589462560385604,0.013426003414520243,0.011749085479918556,0.001994233432175868,42.0,41.0
neves,gwo,gwo_v2,70.88,72.38,4.57,rect_fem_r,Rect. femoris,0.018422691643987403,62.58995902960606,0.5827828150762404,0.02943394104999042,0.03825517726591815,-0.015071060254522062,72.0,62.0
neves,gwo,gwo_v2,70.88,72.38,4.57,vas_lat_r,Vast. lateralis,0.014602944459898156,121.1096047930976,0.9166897391731034,0.01205762704357402,0.039597682759880015,-0.011556964775551308,61.0,59.0
neves,gwo,gwo_v2,70.88,72.38,4.57,tib_ant_r,Tib. anterior,0.004719350642539616,25.389209680339057,0.9108343112194057,0.018588017122069755,0.014072122576923418,-0.004379452191677619,35.0,35.0
neves,gwo,gwo_v2,70.88,72.38,4.57,soleus_r,Soleus,0.004567399614757355,18.986041144467766,0.8828808173042284,0.02405661917617946,0.013581674284270095,-0.0036095406745535663,69.0,68.0
neves,gwo,gwo_v2,70.88,72.38,4.57,med_gas_r,Med. gastrocnemius,0.004124056809823503,18.52744394791616,0.6536864444652077,0.02225917844586084,0.013773475853505579,-0.001424270700687351,69.0,8.0
neves,gwo,gwo_v2,70.88,72.38,4.57,semimem_r,Semimembranosus,0.007021369286515759,19.91104160319955,0.9534300469588354,0.03526369652799821,0.03511386976421399,0.006132048606153408,27.0,23.0
neves,gwo,gwo_v2,70.88,72.38,4.57,semiten_r,Semitendinosus,0.008362543321406898,21.453009406021163,0.946099333114261,0.03898074700447296,0.04090586206769564,0.007234634942620369,27.0,23.0
neves,gwo,gwo_v2,70.88,72.38,4.57,bifemlh_r,Biceps femoris LH,0.00917483275972765,22.55199093509993,0.9280388199408369,0.04068302788046946,0.03983404328312923,0.007799047777160667,27.0,23.0
neves,gwo,gwo_v2,70.88,72.38,4.57,bifemsh_r,Biceps femoris SH,0.0014154977743357138,73.4473482925608,0.8584847658403891,0.001927227881253657,0.003150938658474045,0.0012541370302239752,84.0,5.0
neves,rd,rd_correct,61.789,63.289,,glut_med1_r,Glut. medius,0.008709483324283198,692.3675900852127,-0.580528907268282,0.001257927645517215,0.001168265552030076,-0.008683899403919108,0.0,62.0
neves,rd,rd_correct,61.789,63.289,,rect_fem_r,Rect. femoris,0.0037732369393072953,62.32321154815917,0.9681371778314314,0.0060543044005227364,0.005474618747692062,-0.003725461497043381,8.0,10.0
neves,rd,rd_correct,61.789,63.289,,vas_lat_r,Vast. lateralis,0.0034463259538003413,61.088994307006104,0.9256614594624093,0.0056414841869562304,0.005217194023368982,0.0033614278319580764,6.0,10.0
neves,rd,rd_correct,61.789,63.289,,tib_ant_r,Tib. anterior,0.00403271456576088,21.80764799397849,0.9820761845190538,0.018492203133847307,0.01577083480377761,0.0037923467780242954,11.0,12.0
neves,rd,rd_correct,61.789,63.289,,soleus_r,Soleus,0.0013378251661621907,9.119816060116356,0.9859960549432756,0.01466943145940075,0.01356136148594922,-0.0009971828156692605,66.0,76.0
neves,rd,rd_correct,61.789,63.289,,med_gas_r,Med. gastrocnemius,0.0019696242683358346,12.522229709948595,0.9868100720394232,0.015729022018906247,0.014266198656462392,-0.0017276911784336105,59.0,76.0
neves,rd,rd_correct,61.789,63.289,,semimem_r,Semimembranosus,0.006598994742063869,368.16823999510706,0.9808640113402379,0.0017923856610096434,0.0019034566376662787,0.006597938665260434,55.0,55.0
neves,rd,rd_correct,61.789,63.289,,semiten_r,Semitendinosus,0.008612086573284397,355.5732189836335,0.9765603573043496,0.0024220290262301214,0.002393177508885347,0.008610504267090521,42.0,55.0
neves,rd,rd_correct,61.789,63.289,,bifemlh_r,Biceps femoris LH,0.00867006110263923,283.5618591594715,0.987175373267412,0.0030575554583888165,0.0024263120626712986,0.008664906527717935,55.0,55.0
neves,rd,rd_correct,61.789,63.289,,bifemsh_r,Biceps femoris SH,0.000128346845525838,65.451475372762,0.9352030982526262,0.0001960946560713439,0.0002688811248267031,-0.00012550575081525585,42.0,40.0
neves,rd,rd_toes,106.588,108.088,,glut_med1_r,Glut. medius,0.006200300272968415,339.0035047312055,-0.8589810325647443,0.0018289782218872952,0.0010112142471198904,-0.006122723264863078,98.0,21.0
neves,rd,rd_toes,106.588,108.088,,rect_fem_r,Rect. femoris,0.005373728751205461,142.98575149381819,0.019626710758252484,0.003758226742919757,0.0034242179548715224,-0.005166947244348349,100.0,21.0
neves,rd,rd_toes,106.588,108.088,,vas_lat_r,Vast. lateralis,0.003082936211112969,82.62606444016137,0.6571154735088561,0.0037311909165728963,0.00394033145727124,0.002961210404163785,100.0,100.0
neves,rd,rd_toes,106.588,108.088,,tib_ant_r,Tib. anterior,0.007777439526916027,42.165522472905096,0.9698676786567348,0.01844502112339219,0.014178177274212278,0.007506383375095069,6.0,32.0
neves,rd,rd_toes,106.588,108.088,,soleus_r,Soleus,0.0033344694321530725,24.562817004476738,0.9859330160951791,0.01357527286689203,0.01258016701121456,-0.003204856933038213,87.0,98.0
neves,rd,rd_toes,106.588,108.088,,med_gas_r,Med. gastrocnemius,0.004198878807628733,29.89453017169039,0.983505256893615,0.014045642408540004,0.012738542262305197,-0.004073617375666762,83.0,96.0
neves,rd,rd_toes,106.588,108.088,,semimem_r,Semimembranosus,0.007875201913221651,523.1528385594432,-0.889813041482198,0.0015053348338712746,0.0012262567770104926,0.007826650373904079,3.0,82.0
neves,rd,rd_toes,106.588,108.088,,semiten_r,Semitendinosus,0.01014967383199947,454.76979060379233,-0.8844564167304765,0.00223182674876532,0.0015538358636604244,0.010083025546939378,3.0,82.0
neves,rd,rd_toes,106.588,108.088,,bifemlh_r,Biceps femoris LH,0.009787567928768804,431.79336528024504,-0.864742814163841,0.002266724946645815,0.0018272677239468682,0.009702622085161691,3.0,82.0
neves,rd,rd_toes,106.588,108.088,,bifemsh_r,Biceps femoris SH,0.00010694940869399371,100.48516489131578,0.6126630955807182,0.00010643303298518703,0.00016690719306239332,-0.00010061447469308514,61.0,65.0
neves,rd,rd_supination,160.824,162.324,,glut_med1_r,Glut. medius,0.006193971559696795,235.53207592540195,-0.7498786180527889,0.0026297783583661694,0.0008285013175640954,-0.006122603060470789,100.0,11.0
neves,rd,rd_supination,160.824,162.324,,rect_fem_r,Rect. femoris,0.0035435282513413507,64.41255994005883,0.9474449456862489,0.005501300141833976,0.004514244588572969,-0.003506465262995171,0.0,10.0
neves,rd,rd_supination,160.824,162.324,,vas_lat_r,Vast. lateralis,0.005122087943647875,109.00275082703558,0.9204278833586548,0.004699044661520102,0.0038710486638987573,0.005096299191113043,0.0,10.0
neves,rd,rd_supination,160.824,162.324,,tib_ant_r,Tib. anterior,0.006966543658507316,39.302353502482156,0.9693347882118641,0.017725512692432888,0.014548353664792346,0.0067878830323194325,0.0,12.0
neves,rd,rd_supination,160.824,162.324,,soleus_r,Soleus,0.002546276194186634,19.256471879833114,0.9864555545118169,0.0132229632202423,0.011555861698901104,-0.0024062702060170236,87.0,96.0
neves,rd,rd_supination,160.824,162.324,,med_gas_r,Med. gastrocnemius,0.003891274758946031,26.98126738981309,0.9837048504625798,0.014422134819416232,0.012123326242910903,-0.0037531016423212205,86.0,96.0
neves,rd,rd_supination,160.824,162.324,,semimem_r,Semimembranosus,0.00761782504574861,342.1666869070477,0.97021067264813,0.002226349126681071,0.001582234149728412,0.007615404766407649,82.0,80.0
neves,rd,rd_supination,160.824,162.324,,semiten_r,Semitendinosus,0.009991643047536742,331.2506508469882,0.9671871571060562,0.003016339144387703,0.002379102517208298,0.009988878275349385,70.0,74.0
neves,rd,rd_supination,160.824,162.324,,bifemlh_r,Biceps femoris LH,0.009067641898395809,354.68445174822995,0.9667456894244717,0.0025565377488924734,0.002107931253210571,0.009065400521275432,82.0,74.0
neves,rd,rd_supination,160.824,162.324,,bifemsh_r,Biceps femoris SH,0.00018066991934627427,174.32149657462148,0.8438481079746002,0.00010364178996646878,0.00019036716209169802,-0.0001762834331438408,68.0,70.0
neves,rd,rd_pronation,205.817,207.317,,glut_med1_r,Glut. medius,0.01168562357629265,862.2264423980072,-0.3418485750950134,0.001355284760670622,0.0006970796518576822,-0.0116776331559453,16.0,97.0
neves,rd,rd_pronation,205.817,207.317,,rect_fem_r,Rect. femoris,0.005491961111301331,147.2068069929413,0.6232676667544116,0.0037307793188970373,0.006232324354155716,-0.0052593712463611724,31.0,8.0
neves,rd,rd_pronation,205.817,207.317,,vas_lat_r,Vast. lateralis,0.0030507703564485924,68.02871230684633,0.7458461940901573,0.004484533446242472,0.007581961783747038,0.002560500485752308,31.0,8.0
neves,rd,rd_pronation,205.817,207.317,,tib_ant_r,Tib. anterior,0.0033465783172225544,18.904598001525066,0.9151806531529102,0.01770245692054695,0.01192121038940952,0.001900378516643157,62.0,13.0
neves,rd,rd_pronation,205.817,207.317,,soleus_r,Soleus,0.001538881473105183,11.207030819209571,0.9748433158223953,0.01373139324706274,0.012545082370172433,-0.0008651880925756173,95.0,100.0
neves,rd,rd_pronation,205.817,207.317,,med_gas_r,Med. gastrocnemius,0.001995073106816462,13.814343021320862,0.9633523059758056,0.014442041172260556,0.013412365505285129,-0.0013030153588798942,92.0,100.0
neves,rd,rd_pronation,205.817,207.317,,semimem_r,Semimembranosus,0.0077761448858018,685.7419767194708,0.12259435922937519,0.0011339753361755966,0.0009584977561805652,0.007768095600451082,12.0,100.0
neves,rd,rd_pronation,205.817,207.317,,semiten_r,Semitendinosus,0.009925061324801749,601.9742079535337,0.06754818032239704,0.001648751922203262,0.0012530450159579098,0.009911544508147399,12.0,100.0
neves,rd,rd_pronation,205.817,207.317,,bifemlh_r,Biceps femoris LH,0.010693810452647994,613.7658530489019,0.4198674691024896,0.0017423273711833498,0.0017502191219698204,0.010681684607242543,98.0,100.0
neves,rd,rd_pronation,205.817,207.317,,bifemsh_r,Biceps femoris SH,0.00012014926911757015,132.1185255202979,0.5646814146268742,9.094051621028054e-05,0.00028133818212511263,-8.969462942059201e-05,80.0,82.0
neves,rgs,rgs_correct,34.627,36.127,,glut_med1_r,Glut. medius,0.0033370523818220896,25.685650011689503,0.9300202408889288,0.01299189384073754,0.016530952208983374,-0.0020641819776790705,98.0,99.0
neves,rgs,rgs_correct,34.627,36.127,,rect_fem_r,Rect. femoris,0.0072901555661494324,11.91087042283763,0.9948310372310828,0.061205901058007106,0.055064883687530264,0.006597875163831381,19.0,23.0
neves,rgs,rgs_correct,34.627,36.127,,vas_lat_r,Vast. lateralis,0.0033445617869851778,7.40256036494564,0.9840125135416041,0.04518114844187074,0.04340960534912766,0.002019448004748782,98.0,99.0
neves,rgs,rgs_correct,34.627,36.127,,tib_ant_r,Tib. anterior,0.002370516178861996,11.49661970527421,0.8892227101319194,0.020619244957493843,0.01811370833629561,-0.0004442600043165361,41.0,41.0
neves,rgs,rgs_correct,34.627,36.127,,soleus_r,Soleus,0.0018732634623455453,8.973442226047764,0.9507585733637615,0.02087563963924466,0.02000732629527535,0.00098429546371228,72.0,74.0
neves,rgs,rgs_correct,34.627,36.127,,med_gas_r,Med. gastrocnemius,0.001923110945164722,9.671388736898475,0.9229638423602874,0.019884537758549925,0.018626249011362894,0.000465324635515892,68.0,69.0
neves,rgs,rgs_correct,34.627,36.127,,semimem_r,Semimembranosus,0.0061576110124851695,14.118683702026672,0.9982226741789111,0.04361320886876496,0.03489141802692153,-0.004986777485929602,72.0,73.0
neves,rgs,rgs_correct,34.627,36.127,,semiten_r,Semitendinosus,0.007492783388339007,14.09683553945618,0.9975154209081222,0.05315223666593233,0.041068865217628314,-0.005739469804716065,71.0,73.0
neves,rgs,rgs_correct,34.627,36.127,,bifemlh_r,Biceps femoris LH,0.007842745177783094,14.827059589626796,0.9966839596260033,0.05289481120902745,0.04249413810691699,-0.006562970307765386,70.0,68.0
neves,rgs,rgs_correct,34.627,36.127,,bifemsh_r,Biceps femoris SH,0.0010719237878292851,11.850984934669796,0.9892978729555615,0.009045018567979068,0.006758676276194586,0.0005030021891147576,33.0,75.0
neves,rgs,rgs_flexion,120.537,122.037,,glut_med1_r,Glut. medius,0.004445798494538212,58.282255690210775,0.8804799052316243,0.007628048094378989,0.01372384273101765,-0.004028054602974573,84.0,100.0
neves,rgs,rgs_flexion,120.537,122.037,,rect_fem_r,Rect. femoris,0.004971191934303465,7.037496234354594,0.9994666991930513,0.07063864432404021,0.05909654348790583,0.003039534972752627,0.0,5.0
neves,rgs,rgs_flexion,120.537,122.037,,vas_lat_r,Vast. lateralis,0.0022044466702885865,5.392862790217782,0.9946457119448741,0.04087711399383784,0.038041611482804605,-0.001561501663204946,0.0,8.0
neves,rgs,rgs_flexion,120.537,122.037,,tib_ant_r,Tib. anterior,0.006543559995845042,18.282946859019756,0.997759270868318,0.03579051039366132,0.034143813444895976,-0.006484423046714872,100.0,100.0
neves,rgs,rgs_flexion,120.537,122.037,,soleus_r,Soleus,0.007593980228751431,17.73978723632311,0.9987854921261353,0.04280761729319038,0.03475732088838318,0.007185199831822433,0.0,0.0
neves,rgs,rgs_flexion,120.537,122.037,,med_gas_r,Med. gastrocnemius,0.007509589139998104,22.174139898215007,0.9974266328066945,0.03386642807553775,0.026782357358942244,0.007215070722692167,0.0,0.0
neves,rgs,rgs_flexion,120.537,122.037,,semimem_r,Semimembranosus,0.006017773331386068,20.3081072204288,0.9968398081762884,0.02963236930979235,0.020021546648885613,-0.004805872513504112,100.0,100.0
neves,rgs,rgs_flexion,120.537,122.037,,semiten_r,Semitendinosus,0.007465072482616819,17.100611887058744,0.9972713443292702,0.04365383257581662,0.029744768439954994,-0.005342378086666829,100.0,100.0
neves,rgs,rgs_flexion,120.537,122.037,,bifemlh_r,Biceps femoris LH,0.006886024509182488,13.261072092440687,0.9984278657886868,0.05192660488670281,0.03954061054286734,-0.0053884919225837625,100.0,100.0
neves,rgs,rgs_flexion,120.537,122.037,,bifemsh_r,Biceps femoris SH,0.0009123988136405814,4.224842424413797,0.9995974118455306,0.021596043638649504,0.019009767807116718,0.0006174126024174131,58.0,58.0
neves,rgs,rgs_abduction,356.885,358.385,,glut_med1_r,Glut. medius,0.006667305064525125,64.68372645505201,0.854342023059099,0.01030754631794159,0.015835178258869334,-0.0055827920886591005,0.0,2.0
neves,rgs,rgs_abduction,356.885,358.385,,rect_fem_r,Rect. femoris,0.00808685421332565,9.481062272467971,0.9987354007133276,0.08529481170911662,0.06680041240864037,0.00427911767554473,5.0,9.0
neves,rgs,rgs_abduction,356.885,358.385,,vas_lat_r,Vast. lateralis,0.004062629472978925,7.5243791960522275,0.9975316989079024,0.05399288588632589,0.04737481843149258,-0.00025563338005889127,5.0,12.0
neves,rgs,rgs_abduction,356.885,358.385,,tib_ant_r,Tib. anterior,0.010588359450481434,34.59285306559129,0.9432998110424489,0.03060851740214926,0.039968337513090924,-0.008840601203907837,100.0,100.0
neves,rgs,rgs_abduction,356.885,358.385,,soleus_r,Soleus,0.006192523806635448,12.65019948452112,0.9952553595647391,0.048951985415033705,0.0433303639588995,0.005752060165339168,0.0,0.0
neves,rgs,rgs_abduction,356.885,358.385,,med_gas_r,Med. gastrocnemius,0.005009840083962012,10.725073068348053,0.9944289024230423,0.04671147741405235,0.038120252131315924,0.0042901858541946015,25.0,0.0
neves,rgs,rgs_abduction,356.885,358.385,,semimem_r,Semimembranosus,0.006457767282602227,12.846039223001357,0.9965320674474688,0.0502704932664329,0.040229906664832005,-0.005705159384645155,100.0,100.0
neves,rgs,rgs_abduction,356.885,358.385,,semiten_r,Semitendinosus,0.007627615839080188,11.776692193730447,0.9979150854507831,0.06476874587195969,0.051777300558940254,-0.0063039124694307365,100.0,100.0
neves,rgs,rgs_abduction,356.885,358.385,,bifemlh_r,Biceps femoris LH,0.006259209008487472,9.761156246166395,0.9990582222344154,0.06412364325123593,0.05066157345931044,-0.004595046384110688,100.0,100.0
neves,rgs,rgs_abduction,356.885,358.385,,bifemsh_r,Biceps femoris SH,0.0009429078963137172,21.583296103621212,0.965415747661525,0.004368692769569693,0.003084852390046966,0.0008322727551771597,60.0,62.0
neves,rgs,rgs_stork,455.142,456.642,,glut_med1_r,Glut. medius,0.011878639512956445,233.0629578575965,0.604407905912301,0.005096751376602024,0.03377244790377211,0.0033785753501360694,100.0,100.0
neves,rgs,rgs_stork,455.142,456.642,,rect_fem_r,Rect. femoris,0.00953711138970181,11.438611440527225,0.9959228634554318,0.08337647833644946,0.0733490133852181,0.00855457919001112,0.0,0.0
neves,rgs,rgs_stork,455.142,456.642,,vas_lat_r,Vast. lateralis,0.0011533959023088747,2.165914020398505,0.9981981065586518,0.05325215550784709,0.05598085512147305,-0.00026047770123472036,100.0,100.0
neves,rgs,rgs_stork,455.142,456.642,,tib_ant_r,Tib. anterior,0.006880003617799091,18.058275331077333,0.9814780411625171,0.03809889644311143,0.04844082287932272,-0.005209628759056399,60.0,70.0
neves,rgs,rgs_stork,455.142,456.642,,soleus_r,Soleus,0.007051413397618426,12.858976903131206,0.9975800778955379,0.054836504107114326,0.04891046807996319,0.0062738449676820515,4.0,0.0
neves,rgs,rgs_stork,455.142,456.642,,med_gas_r,Med. gastrocnemius,0.006653885489600455,14.880686852408578,0.99625487379352,0.04471490836139369,0.039880791220913814,0.006066002829251042,12.0,0.0
neves,rgs,rgs_stork,455.142,456.642,,semimem_r,Semimembranosus,0.008906981291824309,25.36450174137888,0.995612154597339,0.03511593242651295,0.02937747459142387,-0.008477654653737314,75.0,70.0
neves,rgs,rgs_stork,455.142,456.642,,semiten_r,Semitendinosus,0.011058843568746956,21.348740156576635,0.9957232281862529,0.051800918872208945,0.04310468362105874,-0.010418811091670746,100.0,100.0
neves,rgs,rgs_stork,455.142,456.642,,bifemlh_r,Biceps femoris LH,0.010895394081458922,17.11993650828611,0.9966566062885336,0.06364155659213755,0.052979864511184416,-0.00989659344578368,100.0,100.0
neves,rgs,rgs_stork,455.142,456.642,,bifemsh_r,Biceps femoris SH,0.0005122945099659721,1.4031672401929445,0.9992382419857431,0.03650986819614804,0.03809712260556722,0.00014723935505536964,23.0,23.0
rehema,ng,ng_v0,6.23,7.73,3.05,glut_med1_r,Glut. medius,0.002877196583885188,111.8495575430058,0.40815429716624657,0.0025723808364453427,0.0027819188938470046,-0.002798057016678315,3.0,7.0
rehema,ng,ng_v0,6.23,7.73,3.05,rect_fem_r,Rect. femoris,0.005767873670087039,13.365412602060001,0.995015786072911,0.04315522342496214,0.05931103979082347,0.002724596125523134,77.0,60.0
rehema,ng,ng_v0,6.23,7.73,3.05,vas_lat_r,Vast. lateralis,0.0029564964319097314,8.62367035347336,0.9918512066474191,0.03428350471118069,0.04114693164845007,0.001117349892210349,53.0,62.0
rehema,ng,ng_v0,6.23,7.73,3.05,tib_ant_r,Tib. anterior,0.007835411525972655,87.38579725569438,0.8293900650722187,0.008966458820586054,0.005989106243723397,-0.007748402275768706,45.0,89.0
rehema,ng,ng_v0,6.23,7.73,3.05,soleus_r,Soleus,0.0014096742357185461,25.518875870049662,0.793842771904615,0.005524045192652927,0.0034488407752433226,0.0012454464425282214,2.0,0.0
rehema,ng,ng_v0,6.23,7.73,3.05,med_gas_r,Med. gastrocnemius,0.006647616451518697,66.29415971607786,0.26167524912580886,0.010027454122638946,0.008576964514675267,0.00604477411940561,2.0,0.0
rehema,ng,ng_v0,6.23,7.73,3.05,semimem_r,Semimembranosus,0.0025927720157685476,16.024293139090116,0.9584069879566998,0.01618025826951247,0.027169985849655187,0.0008545489972387152,0.0,0.0
rehema,ng,ng_v0,6.23,7.73,3.05,semiten_r,Semitendinosus,0.003187989346618472,16.052397830215305,0.9693611921798692,0.019859894953623336,0.03223457657091727,0.0014017167526243286,0.0,0.0
rehema,ng,ng_v0,6.23,7.73,3.05,bifemlh_r,Biceps femoris LH,0.004167000182611453,18.9628375420526,0.9954905230973519,0.02197456036508555,0.036021571562876276,-0.0011854144532776807,0.0,0.0
rehema,ng,ng_v0,6.23,7.73,3.05,bifemsh_r,Biceps femoris SH,0.0006531914710024289,19.270496029956423,0.965597753581143,0.0033895934489025503,0.004205046580535443,-0.0004917492666470582,2.0,6.0
rehema,ng,ng_v1,42.45,43.95,3.57,glut_med1_r,Glut. medius,0.008101607554086067,97.78859708107743,0.9065594459298933,0.008284818267071517,0.03153393412402107,-0.0008390763549012482,54.0,56.0
rehema,ng,ng_v1,42.45,43.95,3.57,rect_fem_r,Rect. femoris,0.008283671620481794,14.819717552252426,0.9899534034634166,0.0558962854135015,0.07503550174830892,-0.006460429964350636,74.0,0.0
rehema,ng,ng_v1,42.45,43.95,3.57,vas_lat_r,Vast. lateralis,0.002984099006872809,5.640097687018012,0.9895869165023238,0.05290864046098709,0.051178589227641735,-0.0012156306824142246,38.0,40.0
rehema,ng,ng_v1,42.45,43.95,3.57,tib_ant_r,Tib. anterior,0.008749210752945363,37.84792828310934,0.8800821578980687,0.023116749449268892,0.020487054007509553,-0.008359319256021508,91.0,90.0
rehema,ng,ng_v1,42.45,43.95,3.57,soleus_r,Soleus,0.004143380315270311,14.781646067864655,0.9511381862823352,0.02803057451279417,0.020945329710715166,0.003609305809043046,3.0,0.0
rehema,ng,ng_v1,42.45,43.95,3.57,med_gas_r,Med. gastrocnemius,0.004790286833720597,21.126609827859106,0.8958867190755119,0.022674186122393247,0.015204129481038553,0.004104760914920044,5.0,25.0
rehema,ng,ng_v1,42.45,43.95,3.57,semimem_r,Semimembranosus,0.0076467566144064695,34.9587987306367,0.8001652864745151,0.021873625216146553,0.030668587629219646,0.005823304717259739,30.0,24.0
rehema,ng,ng_v1,42.45,43.95,3.57,semiten_r,Semitendinosus,0.009946846503252192,37.316816942826506,0.7853959934320965,0.02665513116644397,0.03908143535794506,0.007249320313616673,29.0,100.0
rehema,ng,ng_v1,42.45,43.95,3.57,bifemlh_r,Biceps femoris LH,0.010076756249680779,34.95024125761061,0.8876936288494623,0.028831721576418334,0.04484310086937654,0.007838222863485756,28.0,100.0
rehema,ng,ng_v1,42.45,43.95,3.57,bifemsh_r,Biceps femoris SH,0.000844894176628126,15.341584383111606,0.9301257528745702,0.005507215914141217,0.007008443221479588,-0.00024975633671180233,86.0,31.0
rehema,ng,ng_v2,74.72,76.22,4.07,glut_med1_r,Glut. medius,0.009470155010835755,105.92561893511953,0.9048363726163358,0.008940382039812594,0.03587176299131761,0.0047324023496059615,83.0,18.0
rehema,ng,ng_v2,74.72,76.22,4.07,rect_fem_r,Rect. femoris,0.018936222984047638,32.08334812916857,0.8191759736178833,0.05902196649741731,0.07648022448370395,-0.013354445498177117,28.0,30.0
rehema,ng,ng_v2,74.72,76.22,4.07,vas_lat_r,Vast. lateralis,0.005568788434883001,10.466634630371326,0.9658002715594952,0.0532051478965731,0.05412837097884471,-0.0035212167014205126,69.0,70.0
rehema,ng,ng_v2,74.72,76.22,4.07,tib_ant_r,Tib. anterior,0.010120831505509902,31.426967218961167,0.9329062323497833,0.03220428950396331,0.0170674800721497,-0.009646655423094739,45.0,45.0
rehema,ng,ng_v2,74.72,76.22,4.07,soleus_r,Soleus,0.006898269262064529,23.428341268493945,0.9746058354287659,0.029444121472403217,0.018326337226463485,0.0065930371326200585,34.0,30.0
rehema,ng,ng_v2,74.72,76.22,4.07,med_gas_r,Med. gastrocnemius,0.007925952392215692,32.39548835988955,0.9081808140226267,0.02446622290167172,0.012747260042019315,0.0075581643320081,35.0,59.0
rehema,ng,ng_v2,74.72,76.22,4.07,semimem_r,Semimembranosus,0.016473211125131722,72.59659445297699,0.4426427510984206,0.022691437868758324,0.05757256275563738,0.01160955143256868,61.0,12.0
rehema,ng,ng_v2,74.72,76.22,4.07,semiten_r,Semitendinosus,0.019326669359183642,69.27205810762712,0.45807223723506324,0.027899660970309326,0.06752938810846193,0.013266646853155038,60.0,12.0
rehema,ng,ng_v2,74.72,76.22,4.07,bifemlh_r,Biceps femoris LH,0.0196551329777464,65.02563262207639,0.5330431883681083,0.03022674626170946,0.0661403813760551,0.01410042843277787,59.0,12.0
rehema,ng,ng_v2,74.72,76.22,4.07,bifemsh_r,Biceps femoris SH,0.0010812180665642189,24.072392534529065,0.7620678477508471,0.004491527234001924,0.006539897203073186,-1.5068394710534704e-05,61.0,62.0
rehema,gwo,gwo_v0,7.4,8.9,3.04,glut_med1_r,Glut. medius,0.0026539166870288575,28.38948803546643,0.5304150035100202,0.009348237219753211,0.007435952838075521,-0.0007666828548523719,36.0,36.0
rehema,gwo,gwo_v0,7.4,8.9,3.04,rect_fem_r,Rect. femoris,0.007775761706337223,51.53166533461745,0.9621910516920255,0.015089288607006646,0.030660692244106835,-0.00471939230768613,92.0,79.0
rehema,gwo,gwo_v0,7.4,8.9,3.04,vas_lat_r,Vast. lateralis,0.006964752538642559,112.67701323304817,0.938995186564761,0.006181165384848697,0.019029772225124808,-0.005368037101547025,89.0,91.0
rehema,gwo,gwo_v0,7.4,8.9,3.04,tib_ant_r,Tib. anterior,0.009543548241016117,68.26945376530968,0.04625170384254124,0.013979236268425455,0.005880393295016606,-0.008913613318808189,41.0,86.0
rehema,gwo,gwo_v0,7.4,8.9,3.04,soleus_r,Soleus,0.005646939496928372,69.08016608472023,-0.19212620448690382,0.008174472959435186,0.00383891914066975,0.005047852231503705,100.0,28.0
rehema,gwo,gwo_v0,7.4,8.9,3.04,med_gas_r,Med. gastrocnemius,0.007305759709364952,48.86847415385985,0.5149420646118434,0.014949842072750519,0.007285220507310564,0.006572416057894041,96.0,79.0
rehema,gwo,gwo_v0,7.4,8.9,3.04,semimem_r,Semimembranosus,0.0032093572590829594,30.834971035219315,0.9351882626706478,0.010408173419126199,0.018332918651604024,0.0006820719857280451,26.0,28.0
rehema,gwo,gwo_v0,7.4,8.9,3.04,semiten_r,Semitendinosus,0.0039052234495922157,31.182406701078868,0.9475062025013097,0.01252380384563806,0.022148307639470344,0.0009934148377946674,24.0,28.0
rehema,gwo,gwo_v0,7.4,8.9,3.04,bifemlh_r,Biceps femoris LH,0.003796050306323543,26.710595061425785,0.9508731148430268,0.014211777377455825,0.02206841481437327,0.0010486831512279346,25.0,28.0
rehema,gwo,gwo_v0,7.4,8.9,3.04,bifemsh_r,Biceps femoris SH,0.0010783726552383611,81.3194589500989,0.9325665391332668,0.0013260942327470437,0.00343123993204808,0.00079750017735626,24.0,24.0
rehema,gwo,gwo_v1,41.44,42.94,3.56,glut_med1_r,Glut. medius,0.005049494400553646,73.87816518704564,0.7738190143216777,0.0068348941636128535,0.018277911604442962,-0.0023054496023788024,41.0,48.0
rehema,gwo,gwo_v1,41.44,42.94,3.56,rect_fem_r,Rect. femoris,0.008677858308757839,63.9808467688149,0.8930150312312486,0.013563212659741697,0.03126455135887385,-0.006203295016979941,0.0,63.0
rehema,gwo,gwo_v1,41.44,42.94,3.56,vas_lat_r,Vast. lateralis,0.007457639649501361,38.3118796323996,0.7846745080869105,0.01946560628467464,0.03386235915318822,-0.004593154798355478,36.0,63.0
rehema,gwo,gwo_v1,41.44,42.94,3.56,tib_ant_r,Tib. anterior,0.013692124808104451,64.29216629413177,0.24988322010717548,0.021296723376008242,0.05292587523062975,-0.0039879899987485075,40.0,55.0
rehema,gwo,gwo_v1,41.44,42.94,3.56,soleus_r,Soleus,0.010391665206072234,57.07057535674329,0.2317908099163888,0.018208446543800938,0.04341533750680737,0.0020314177573532853,0.0,0.0
rehema,gwo,gwo_v1,41.44,42.94,3.56,med_gas_r,Med. gastrocnemius,0.010311189476506482,56.83947226241436,0.2937468861850964,0.01814089587057066,0.041707787334915536,0.002777934901214854,0.0,93.0
rehema,gwo,gwo_v1,41.44,42.94,3.56,semimem_r,Semimembranosus,0.007051185787362624,33.46727516327782,0.7480502160307207,0.0210688971628607,0.029294165906019742,0.004305976081080941,32.0,55.0
rehema,gwo,gwo_v1,41.44,42.94,3.56,semiten_r,Semitendinosus,0.01030116809480897,45.32626082034926,0.6174801994792884,0.022726710539035355,0.03951955691784359,0.006195389547350026,30.0,55.0
rehema,gwo,gwo_v1,41.44,42.94,3.56,bifemlh_r,Biceps femoris LH,0.00845977262338133,40.9050237875869,0.7421284527450673,0.020681500314757295,0.03214044717493836,0.005959070069464795,43.0,55.0
rehema,gwo,gwo_v1,41.44,42.94,3.56,bifemsh_r,Biceps femoris SH,0.0013953075736673603,40.133588841781474,0.5830619082212269,0.0034766578667262404,0.006658789605592796,0.00040886739121724923,9.0,86.0
rehema,gwo,gwo_v2,74.04,75.54,4.05,glut_med1_r,Glut. medius,0.007278560614350315,125.71204399617493,0.42456986657743023,0.005789867369089777,0.0382068865712534,-0.003943797343314032,51.0,52.0
rehema,gwo,gwo_v2,74.04,75.54,4.05,rect_fem_r,Rect. femoris,0.009397854086991377,47.84255318038921,0.8495908645007477,0.01964329548123611,0.0406935359270455,-0.005205458730488395,0.0,10.0
rehema,gwo,gwo_v2,74.04,75.54,4.05,vas_lat_r,Vast. lateralis,0.008173702962568785,64.8316491017042,0.28579763406027464,0.012607581444899457,0.03599730453451208,-0.0026058205503621708,37.0,10.0
rehema,gwo,gwo_v2,74.04,75.54,4.05,tib_ant_r,Tib. anterior,0.01582106461335824,59.33358264820734,0.17473026742542616,0.026664603597531533,0.054676854300916955,-0.0027296224106440237,41.0,57.0
rehema,gwo,gwo_v2,74.04,75.54,4.05,soleus_r,Soleus,0.011028091124454407,49.348393116320686,0.2265872976822958,0.022347416862104785,0.043847523568591396,0.00146556498403556,74.0,76.0
rehema,gwo,gwo_v2,74.04,75.54,4.05,med_gas_r,Med. gastrocnemius,0.010970012091491088,50.91426800792481,0.2746372749806567,0.021546046954428577,0.04321503629277623,0.001676910414975476,77.0,76.0
rehema,gwo,gwo_v2,74.04,75.54,4.05,semimem_r,Semimembranosus,0.009063351083631592,38.181548056629026,0.7141483199719545,0.023737516012156623,0.032820364355246656,0.006213869587986485,36.0,17.0
rehema,gwo,gwo_v2,74.04,75.54,4.05,semiten_r,Semitendinosus,0.013180428849142741,49.3048833823094,0.5854573771985523,0.02673250182328163,0.04524926924215583,0.008696691060173787,36.0,17.0
rehema,gwo,gwo_v2,74.04,75.54,4.05,bifemlh_r,Biceps femoris LH,0.011466298508052792,46.857415537966574,0.7196642045488749,0.024470616606590556,0.038284260110263424,0.008790156630115063,44.0,17.0
rehema,gwo,gwo_v2,74.04,75.54,4.05,bifemsh_r,Biceps femoris SH,0.0023947270599645517,94.09716574150914,0.10516013505890093,0.002544951318239508,0.013171177925891675,-4.5519129693392353e-05,82.0,8.0
rehema,rd,rd_correct,145.624,147.124,,glut_med1_r,Glut. medius,0.009977118347947503,446.5552248137076,0.9520369183355957,0.0022342406478638166,0.003093950523573377,-0.00997240569359308,85.0,96.0
rehema,rd,rd_correct,145.624,147.124,,rect_fem_r,Rect. femoris,0.027467039837825138,444.2777959764571,0.9394448399303903,0.006182402111151342,0.0070709768251226435,-0.027455174860562377,10.0,12.0
rehema,rd,rd_correct,145.624,147.124,,vas_lat_r,Vast. lateralis,0.004777568781425989,102.5240382910314,0.9047942988810115,0.004659949862552304,0.004434174558219345,-0.004740654648785774,10.0,14.0
rehema,rd,rd_correct,145.624,147.124,,tib_ant_r,Tib. anterior,0.010019459691984145,66.57842627118592,0.925672391315381,0.015049108627429975,0.011546637649861524,-0.009852538747534584,8.0,0.0
rehema,rd,rd_correct,145.624,147.124,,soleus_r,Soleus,0.0027960198694601123,18.21745970952665,0.943130464545445,0.01534802279813996,0.01165054287175371,0.002261319542026716,83.0,86.0
rehema,rd,rd_correct,145.624,147.124,,med_gas_r,Med. gastrocnemius,0.004850226926890649,26.963834780550126,0.7583269408365068,0.01798789736832712,0.008108037021365477,0.0025558981921401758,84.0,53.0
rehema,rd,rd_correct,145.624,147.124,,semimem_r,Semimembranosus,0.026974151953229143,606.3379436452187,0.013462483228592781,0.0044486993162697885,0.0036202729344114726,0.0269226370624982,86.0,53.0
rehema,rd,rd_correct,145.624,147.124,,semiten_r,Semitendinosus,0.03362398179689499,680.2712872825308,0.34796965375007227,0.00494273129345385,0.0036344403194837893,0.0335937607761544,86.0,53.0
rehema,rd,rd_correct,145.624,147.124,,bifemlh_r,Biceps femoris LH,0.03338043477643616,804.5577426035429,0.9427330053832291,0.004148917226054816,0.004830195866260656,0.03337572603419032,86.0,83.0
rehema,rd,rd_correct,145.624,147.124,,bifemsh_r,Biceps femoris SH,0.002392513324210906,102.4944907670305,0.9733281065512479,0.002334284805267317,0.001679498137891422,0.002382385777033226,86.0,81.0
rehema,rd,rd_toes,201.94,203.44,,glut_med1_r,Glut. medius,0.011544340348087712,283.3394505245818,0.973857498830281,0.0040743850977032064,0.0072516205891906965,-0.011510613652855854,69.0,79.0
rehema,rd,rd_toes,201.94,203.44,,rect_fem_r,Rect. femoris,0.039584695828748455,300.5304536673392,0.9803211613563454,0.013171608848854044,0.011096926480690994,-0.0395620323965332,76.0,79.0
rehema,rd,rd_toes,201.94,203.44,,vas_lat_r,Vast. lateralis,0.014750381467733014,115.81055912702519,0.9851639996573994,0.01273664644996167,0.012490260082375249,-0.014727986850803504,76.0,79.0
rehema,rd,rd_toes,201.94,203.44,,tib_ant_r,Tib. anterior,0.009803039036624975,53.224082044854995,0.9618368675811818,0.018418427636503698,0.014976421550553787,-0.009590168118264929,5.0,10.0
rehema,rd,rd_toes,201.94,203.44,,soleus_r,Soleus,0.002166939539590428,13.739425371626131,0.9592531473350326,0.015771689724851712,0.012748453979722685,-0.001375265983849208,61.0,66.0
rehema,rd,rd_toes,201.94,203.44,,med_gas_r,Med. gastrocnemius,0.0023008093819597768,14.977144012287999,0.9540712738871521,0.015362137000699716,0.011596344580708573,0.0014810563538987253,56.0,66.0
rehema,rd,rd_toes,201.94,203.44,,semimem_r,Semimembranosus,0.03036786473964147,1027.113437927738,-0.107571736180087,0.0029566222793180885,0.0032679313965296997,0.03033197450709917,0.0,93.0
rehema,rd,rd_toes,201.94,203.44,,semiten_r,Semitendinosus,0.038602800235782116,765.5685170389376,0.5355859064655272,0.005042370392279172,0.0042845640053151834,0.03857212737945188,0.0,93.0
rehema,rd,rd_toes,201.94,203.44,,bifemlh_r,Biceps femoris LH,0.037184893647995286,899.8406365749813,0.348260858214858,0.0041323865734193,0.0035803301670747634,0.03715576364704686,13.0,93.0
rehema,rd,rd_toes,201.94,203.44,,bifemsh_r,Biceps femoris SH,0.0009504562859093933,67.96083379533037,0.7718471895422699,0.0013985353516582366,0.00026376422867752103,0.0008422578235057045,13.0,50.0
rehema,rd,rd_supination,241.738,243.238,,glut_med1_r,Glut. medius,0.012551774268588282,651.5025743145541,0.9343251682036355,0.0019265885912721076,0.007280426266118148,-0.012447774976142918,100.0,100.0
rehema,rd,rd_supination,241.738,243.238,,rect_fem_r,Rect. femoris,0.03554068203261919,1272.0680774279178,0.7335486955250283,0.002793929245082649,0.003300334839310859,-0.03553383037195105,68.0,69.0
rehema,rd,rd_supination,241.738,243.238,,vas_lat_r,Vast. lateralis,0.012998258160404827,373.7635948681143,0.9454883611796127,0.0034776683280219878,0.007120351778682588,-0.012921704057923445,68.0,97.0
rehema,rd,rd_supination,241.738,243.238,,tib_ant_r,Tib. anterior,0.009781798406438719,120.44079037452771,-0.5483257168745329,0.008121665738011874,0.001588244011614115,-0.009591531124499255,69.0,58.0
rehema,rd,rd_supination,241.738,243.238,,soleus_r,Soleus,0.003850201728831361,51.131341534183264,0.9512746341948185,0.007530022904361611,0.0037319691536267796,0.0036089398732024373,0.0,0.0
rehema,rd,rd_supination,241.738,243.238,,med_gas_r,Med. gastrocnemius,0.006205988426635763,85.54922929680755,0.9437736320873669,0.007254289112417933,0.004685017219082377,0.006112406291396867,0.0,0.0
rehema,rd,rd_supination,241.738,243.238,,semimem_r,Semimembranosus,0.026994558614937273,1322.2229417724473,0.9583721247031951,0.0020416041623624315,0.0033564569486870255,0.026989679293023008,91.0,90.0
rehema,rd,rd_supination,241.738,243.238,,semiten_r,Semitendinosus,0.03520513009975868,1366.043270680429,0.9435885425809345,0.002577160684099189,0.004792932625062196,0.035195415883569905,91.0,90.0
rehema,rd,rd_supination,241.738,243.238,,bifemlh_r,Biceps femoris LH,0.033231250348658224,1920.5580402794244,0.9315606101674544,0.0017302913867587866,0.001445386043864072,0.03323078818638112,91.0,90.0
rehema,rd,rd_supination,241.738,243.238,,bifemsh_r,Biceps femoris SH,0.0005364159143491532,181.41247253855917,-0.7615773084681163,0.00029568855263528704,0.00011368620367380178,0.0005204990528076784,18.0,43.0
rehema,rd,rd_pronation,291.638,293.138,,glut_med1_r,Glut. medius,0.01366912063899273,362.13424834225776,0.889686564904451,0.003774600359277222,0.004625923465475398,-0.013651128608067265,13.0,12.0
rehema,rd,rd_pronation,291.638,293.138,,rect_fem_r,Rect. femoris,0.03913141798717952,404.09343966745075,0.9709684203621369,0.009683754831403046,0.004192549765299702,-0.039060855605051965,0.0,23.0
rehema,rd,rd_pronation,291.638,293.138,,vas_lat_r,Vast. lateralis,0.01698440763878506,188.40405967766424,0.9657702950579368,0.009014884110163685,0.006892339604659403,-0.01694533022369998,0.0,12.0
rehema,rd,rd_pronation,291.638,293.138,,tib_ant_r,Tib. anterior,0.015344675881436794,88.25388456625531,0.9609463555565512,0.017386969374608097,0.010993912756814106,-0.015196472711569809,45.0,32.0
rehema,rd,rd_pronation,291.638,293.138,,soleus_r,Soleus,0.0030865244254905883,19.81470291597089,0.9628228776027836,0.015576940207379097,0.011233406806555435,0.0022731141867091647,100.0,100.0
rehema,rd,rd_pronation,291.638,293.138,,med_gas_r,Med. gastrocnemius,0.0062407214362485966,39.16439682506769,0.958079906035338,0.015934680327450212,0.011555588047937382,0.005813787910077286,100.0,100.0
rehema,rd,rd_pronation,291.638,293.138,,semimem_r,Semimembranosus,0.027086374848323286,697.9071149819362,-0.20073619485668565,0.0038810859306147583,0.004725660041080215,0.027008770608433038,94.0,100.0
rehema,rd,rd_pronation,291.638,293.138,,semiten_r,Semitendinosus,0.034842212217650076,714.3045084876353,-0.19142162567786947,0.004877781366859901,0.00532325402895939,0.03475535019577842,94.0,100.0
rehema,rd,rd_pronation,291.638,293.138,,bifemlh_r,Biceps femoris LH,0.03398645569318107,643.692455571235,-0.023780941708666885,0.005279921397093323,0.004070326667672319,0.033911525537994563,92.0,100.0
rehema,rd,rd_pronation,291.638,293.138,,bifemsh_r,Biceps femoris SH,0.0006285410135658242,76.13074984597044,-0.9070337385586136,0.0008256072806815951,0.0002812076491556237,0.0004929772211636793,76.0,12.0
rehema,rgs,rgs_correct,11.165,12.665,,glut_med1_r,Glut. medius,0.0059983110002364195,41.1346307751192,0.7460838608360022,0.014582143773281597,0.02103094763074316,-0.0031551276787662222,66.0,86.0
rehema,rgs,rgs_correct,11.165,12.665,,rect_fem_r,Rect. femoris,0.01036038273634162,16.969827874584993,0.9908252229010971,0.06105178445479659,0.07771094228338199,-0.006543060276301119,0.0,0.0
rehema,rgs,rgs_correct,11.165,12.665,,vas_lat_r,Vast. lateralis,0.00543160841818259,11.445374589359709,0.9725874127354046,0.04745679903943145,0.04932708856101112,-0.002633303771442572,0.0,7.0
rehema,rgs,rgs_correct,11.165,12.665,,tib_ant_r,Tib. anterior,0.004096859789281745,31.268244565537184,0.7810278609911581,0.013102301859942489,0.012437721507226829,-0.0028883597188679427,100.0,46.0
rehema,rgs,rgs_correct,11.165,12.665,,soleus_r,Soleus,0.0019881204375337158,16.028514751561705,0.9058955722928941,0.012403647302005993,0.0113681240171562,0.0008555378426584587,16.0,0.0
rehema,rgs,rgs_correct,11.165,12.665,,med_gas_r,Med. gastrocnemius,0.0030890916938108516,30.025673658646944,0.5873529716900977,0.010288167815749372,0.008512073471451775,0.00168041502988663,36.0,65.0
rehema,rgs,rgs_correct,11.165,12.665,,semimem_r,Semimembranosus,0.005998384686526094,23.96483243349646,0.9790176705362045,0.025029946289722216,0.037753057067393736,0.0037889169411853677,71.0,74.0
rehema,rgs,rgs_correct,11.165,12.665,,semiten_r,Semitendinosus,0.007894644119289447,27.784639012574104,0.9681369831703232,0.028413700518897078,0.04303905150313719,0.0052527565773468595,70.0,74.0
rehema,rgs,rgs_correct,11.165,12.665,,bifemlh_r,Biceps femoris LH,0.009012885952146894,27.479625265403275,0.9821309674058786,0.032798431074291534,0.04973642788406607,0.006062511626599723,68.0,70.0
rehema,rgs,rgs_correct,11.165,12.665,,bifemsh_r,Biceps femoris SH,0.001419953926275303,41.539867555556576,0.7516331350763841,0.003418291896035097,0.00627315006436624,-0.0006953697038487907,75.0,83.0
rehema,rgs,rgs_flexion,88.996,90.496,,glut_med1_r,Glut. medius,0.008811209778914189,122.13819349389993,-0.44652074211148046,0.007214131408742552,0.022255818555148077,0.0016464969019634296,36.0,85.0
rehema,rgs,rgs_flexion,88.996,90.496,,rect_fem_r,Rect. femoris,0.0141637896079643,23.879766103889267,0.9484143855177831,0.059312932741235946,0.07685780067439246,-0.010571351736390708,100.0,100.0
rehema,rgs,rgs_flexion,88.996,90.496,,vas_lat_r,Vast. lateralis,0.007318989512817935,13.693626683103046,0.9684858922860604,0.05344814549274257,0.052895764797013606,-0.00416381112573489,100.0,100.0
rehema,rgs,rgs_flexion,88.996,90.496,,tib_ant_r,Tib. anterior,0.012144694817119373,72.20107739129944,0.870461970667312,0.016820655945755825,0.01302640547745848,-0.011886599942758237,67.0,82.0
rehema,rgs,rgs_flexion,88.996,90.496,,soleus_r,Soleus,0.011908153348173469,51.69307146112517,0.9137616678689485,0.02303626581200302,0.016230722729202673,0.011548917006389884,100.0,100.0
rehema,rgs,rgs_flexion,88.996,90.496,,med_gas_r,Med. gastrocnemius,0.012579332476425526,44.41085445301553,0.8898542622309144,0.028324905321814586,0.020687900729626396,0.012080006382190096,97.0,100.0
rehema,rgs,rgs_flexion,88.996,90.496,,semimem_r,Semimembranosus,0.008051069806999826,41.99398997860428,0.846594312966336,0.019171957251744365,0.034644407010806844,0.004836155645300064,49.0,54.0
rehema,rgs,rgs_flexion,88.996,90.496,,semiten_r,Semitendinosus,0.010544702308058077,52.51201853144386,0.8444556564476433,0.020080550325339286,0.04538003303282917,0.006034715145923732,48.0,52.0
rehema,rgs,rgs_flexion,88.996,90.496,,bifemlh_r,Biceps femoris LH,0.011704207178327517,47.64699190789855,0.9427697641339462,0.02456441993431968,0.049638183230495736,0.007895920089684864,44.0,52.0
rehema,rgs,rgs_flexion,88.996,90.496,,bifemsh_r,Biceps femoris SH,0.002390962771775423,51.989850743266885,0.5602448032193281,0.004598902935079252,0.008038847715569786,-0.00108697198757671,50.0,57.0
rehema,rgs,rgs_abduction,167.852,169.352,,glut_med1_r,Glut. medius,0.008227979572418985,67.24146401270407,0.8811994826475301,0.012236467027048156,0.03507246547535507,5.886556556639344e-05,89.0,94.0
rehema,rgs,rgs_abduction,167.852,169.352,,rect_fem_r,Rect. femoris,0.004732024501060515,13.994708411550958,0.9673693800770341,0.03381295531070011,0.04369419617847409,-0.0020400835130167565,100.0,100.0
rehema,rgs,rgs_abduction,167.852,169.352,,vas_lat_r,Vast. lateralis,0.004540215865058319,10.265106944886071,0.9862675638498836,0.044229601205666824,0.04534433230410567,-0.003548324763101798,91.0,95.0
rehema,rgs,rgs_abduction,167.852,169.352,,tib_ant_r,Tib. anterior,0.01923176907995504,51.11495928022435,0.9558182153186772,0.037624541525156874,0.02245693279587646,-0.01829043760602461,70.0,80.0
rehema,rgs,rgs_abduction,167.852,169.352,,soleus_r,Soleus,0.018510464580118707,51.38454748375183,0.9706126578005638,0.03602340681499988,0.019688974994679087,0.017465851216472823,0.0,0.0
rehema,rgs,rgs_abduction,167.852,169.352,,med_gas_r,Med. gastrocnemius,0.018951024118783865,46.55931364394806,0.9609858800377143,0.04070297140483553,0.024719254508831223,0.01788195915007005,18.0,24.0
rehema,rgs,rgs_abduction,167.852,169.352,,semimem_r,Semimembranosus,0.00315205740839856,16.151990484796507,0.8843132249292526,0.01951497811595121,0.017654135372741908,-0.001124334780838001,75.0,54.0
rehema,rgs,rgs_abduction,167.852,169.352,,semiten_r,Semitendinosus,0.004890123814794231,23.89537682668383,0.7544909692010826,0.020464727759946677,0.022439734684929324,-0.001336354476775314,56.0,51.0
rehema,rgs,rgs_abduction,167.852,169.352,,bifemlh_r,Biceps femoris LH,0.004632993404937853,25.322586672798025,0.7262202787562891,0.018295893167638744,0.02063506485572303,-0.00012327222890430684,56.0,51.0
rehema,rgs,rgs_abduction,167.852,169.352,,bifemsh_r,Biceps femoris SH,0.0006008141180362062,13.425146035865708,0.9732685029808992,0.0044752892551865875,0.00409076158744992,0.0003732846362219416,38.0,43.0
rehema,rgs,rgs_stork,279.467,280.967,,glut_med1_r,Glut. medius,0.010255712342067706,75.46599313787486,0.19506569989683015,0.013589846122253668,0.05242771998115413,-0.0016101854228528143,52.0,55.0
rehema,rgs,rgs_stork,279.467,280.967,,rect_fem_r,Rect. femoris,0.012530790178976785,16.20627202035923,0.8757412979319176,0.07732062107334065,0.08785163325272488,-0.003159132276889161,93.0,100.0
rehema,rgs,rgs_stork,279.467,280.967,,vas_lat_r,Vast. lateralis,0.012798835859255555,24.265513336040616,0.7028691365439209,0.0527449622928271,0.0451716307364661,0.002637956679278644,93.0,33.0
rehema,rgs,rgs_stork,279.467,280.967,,tib_ant_r,Tib. anterior,0.025109969331876463,73.51227363222547,0.5114418192578848,0.03415751967827729,0.062375774902504455,-0.021645791258550172,38.0,58.0
rehema,rgs,rgs_stork,279.467,280.967,,soleus_r,Soleus,0.024071571343410706,59.82310186658564,0.5901714750779555,0.040237919118760956,0.06053195938439848,0.020958455851681986,89.0,0.0
rehema,rgs,rgs_stork,279.467,280.967,,med_gas_r,Med. gastrocnemius,0.02481697597291321,73.99754630659885,0.42816319649042484,0.03353756605670061,0.06479558965584914,0.02119195308307088,0.0,1.0
rehema,rgs,rgs_stork,279.467,280.967,,semimem_r,Semimembranosus,0.00630835929393562,17.113492671686707,0.9124220963023973,0.0368619043170097,0.048421195679092754,0.0003726173331691059,56.0,54.0
rehema,rgs,rgs_stork,279.467,280.967,,semiten_r,Semitendinosus,0.008417954956222023,19.177694922166154,0.9016447068878801,0.043894508648650465,0.06073537626218545,0.0015164763965192414,55.0,54.0
rehema,rgs,rgs_stork,279.467,280.967,,bifemlh_r,Biceps femoris LH,0.00967093274119112,20.402560636845728,0.8758912164577765,0.047400583256819395,0.06736029144974659,0.0027899160951327315,50.0,53.0
rehema,rgs,rgs_stork,279.467,280.967,,bifemsh_r,Biceps femoris SH,0.005321126897630345,22.146350165958832,0.9727005229262876,0.02402710540452599,0.03280875938012817,-0.0029173089973674364,69.0,74.0
rushda,ng,ng_v0,6.98,8.48,3.56,glut_med1_r,Glut. medius,0.0005533541809030786,75.89938132932528,0.39577217604916337,0.0007290628345204692,0.0010575627933245707,0.0004812581757299161,39.0,86.0
rushda,ng,ng_v0,6.98,8.48,3.56,rect_fem_r,Rect. femoris,0.002579913054414196,56.37368996832848,0.8743047344987304,0.004576448793512766,0.004328597344701757,-0.002533215963001212,11.0,0.0
rushda,ng,ng_v0,6.98,8.48,3.56,vas_lat_r,Vast. lateralis,0.0012633908715676012,40.63374648436008,0.9468762712919365,0.0031092158141358683,0.0030903340893581044,-0.0012354436093203363,8.0,11.0
rushda,ng,ng_v0,6.98,8.48,3.56,tib_ant_r,Tib. anterior,0.0063905791768385095,177.3572676382369,0.7282424478485123,0.003603223742639994,0.0017357444775825126,-0.006369690213265351,35.0,86.0
rushda,ng,ng_v0,6.98,8.48,3.56,soleus_r,Soleus,0.001168470627504564,68.02918951300501,0.5612893572293778,0.0017176018645366775,0.0018526507092728184,0.0010771776974934334,100.0,97.0
rushda,ng,ng_v0,6.98,8.48,3.56,med_gas_r,Med. gastrocnemius,0.0021325131616452054,62.99369104805296,0.7685075972950198,0.0033852805355039095,0.003111261922150721,0.002064564543624229,100.0,97.0
rushda,ng,ng_v0,6.98,8.48,3.56,semimem_r,Semimembranosus,0.002169027250461957,66.02691528582262,0.7716470544407358,0.003285065251151742,0.0032009014176219708,0.0021124196078235536,100.0,100.0
rushda,ng,ng_v0,6.98,8.48,3.56,semiten_r,Semitendinosus,0.002382122880330613,63.18881242434924,0.8361671261495299,0.003769849106093792,0.0038745111789816322,0.0023271838844693914,100.0,100.0
rushda,ng,ng_v0,6.98,8.48,3.56,bifemlh_r,Biceps femoris LH,0.0022387692017987234,78.06458180312069,0.6840342898159437,0.002867842432621892,0.003177346924692237,0.0021628762113397805,100.0,100.0
rushda,ng,ng_v0,6.98,8.48,3.56,bifemsh_r,Biceps femoris SH,0.0007056709446268639,40.940524457896856,0.9465522665448126,0.0017236490102919277,0.0016422662250656916,0.0006925591120924691,100.0,100.0
rushda,ng,ng_v1,37.55,39.05,4.09,glut_med1_r,Glut. medius,0.006109510546301741,49.87545247058039,0.33007751141348796,0.012249534076719415,0.021808051813996115,-0.0008621430592474858,68.0,5.0
rushda,ng,ng_v1,37.55,39.05,4.09,rect_fem_r,Rect. femoris,0.007756493054301302,9.117359573548663,0.9964706298575398,0.08507389657861564,0.08831884365854498,-0.006942284511356154,100.0,28.0
rushda,ng,ng_v1,37.55,39.05,4.09,vas_lat_r,Vast. lateralis,0.0041840283079674695,6.2108213393603275,0.9961547446731865,0.06736674715551222,0.06460498541118659,-0.0036449942378208784,100.0,71.0
rushda,ng,ng_v1,37.55,39.05,4.09,tib_ant_r,Tib. anterior,0.0069089805440346996,22.092614032574115,0.8405863808958489,0.0312728069835822,0.023222432643383306,-0.006161278746362968,46.0,46.0
rushda,ng,ng_v1,37.55,39.05,4.09,soleus_r,Soleus,0.002429362714223012,7.296540165194096,0.9507508895665745,0.03329472132301198,0.02438472924447954,0.0010690381025037373,32.0,23.0
rushda,ng,ng_v1,37.55,39.05,4.09,med_gas_r,Med. gastrocnemius,0.003640723712120079,11.380269594240522,0.81213468272611,0.031991541869646256,0.021566509570368986,0.0010567289338012115,33.0,31.0
rushda,ng,ng_v1,37.55,39.05,4.09,semimem_r,Semimembranosus,0.004542646998695745,13.566424898982326,0.9629878810134502,0.03348448122862868,0.03976619303128098,0.0034623706367963654,60.0,62.0
rushda,ng,ng_v1,37.55,39.05,4.09,semiten_r,Semitendinosus,0.005870405676879958,13.937471651324234,0.9676860107758669,0.04211958828502582,0.04835552530017451,0.004500299267635151,60.0,59.0
rushda,ng,ng_v1,37.55,39.05,4.09,bifemlh_r,Biceps femoris LH,0.006950554734646136,15.397682156894952,0.984823911073101,0.045140266332447554,0.05154901468106737,0.0060412906669549855,59.0,59.0
rushda,ng,ng_v1,37.55,39.05,4.09,bifemsh_r,Biceps femoris SH,0.0014221228956595596,16.742884305324253,0.8670697822177253,0.008493894299964333,0.006888215771853723,0.0007126490309975998,60.0,39.0
rushda,ng,ng_v2,68.0,69.5,4.6,glut_med1_r,Glut. medius,0.0051765767821481965,36.889569712196504,0.634288779499716,0.014032629880301115,0.02127711917286447,-0.0017739340346378967,49.0,67.0
rushda,ng,ng_v2,68.0,69.5,4.6,rect_fem_r,Rect. femoris,0.00866210775989715,10.465493391946758,0.9952832355402338,0.08276826935424447,0.08844182595966654,-0.008030183761133718,4.0,1.0
rushda,ng,ng_v2,68.0,69.5,4.6,vas_lat_r,Vast. lateralis,0.005668546035345502,8.046788609090132,0.9925955646884718,0.07044482352800935,0.06866898012464537,-0.004926081285443914,50.0,51.0
rushda,ng,ng_v2,68.0,69.5,4.6,tib_ant_r,Tib. anterior,0.006720290002940872,20.85795694058808,0.8376211425493508,0.03221931094250019,0.025999961196889132,-0.005615099822909017,24.0,25.0
rushda,ng,ng_v2,68.0,69.5,4.6,soleus_r,Soleus,0.0023968246113071343,6.481039597968237,0.971058418123591,0.036982101020622105,0.02814557176751664,0.0007379274817810322,92.0,77.0
rushda,ng,ng_v2,68.0,69.5,4.6,med_gas_r,Med. gastrocnemius,0.00381786535896756,10.442321229053153,0.8911208031959444,0.036561462487337604,0.026776360319584747,0.0009474795106342854,94.0,77.0
rushda,ng,ng_v2,68.0,69.5,4.6,semimem_r,Semimembranosus,0.004566959399782919,13.843706305010391,0.9663698079551317,0.03298942710255287,0.03800490706296805,0.003630709944322198,40.0,39.0
rushda,ng,ng_v2,68.0,69.5,4.6,semiten_r,Semitendinosus,0.0059484697233770575,14.789906462590393,0.9691181126861628,0.04021979272433618,0.04747501290208622,0.004876982751072794,39.0,39.0
rushda,ng,ng_v2,68.0,69.5,4.6,bifemlh_r,Biceps femoris LH,0.006943002863531449,15.861869074749022,0.9858026774070204,0.0437716566112894,0.05118847740824223,0.006318880191535696,38.0,39.0
rushda,ng,ng_v2,68.0,69.5,4.6,bifemsh_r,Biceps femoris SH,0.0014948440102884775,14.511051820567605,0.8933050211149912,0.010301417352598263,0.009023690975067555,0.0008603198753062641,20.0,19.0
rushda,gwo,gwo_v0,7.4,8.9,3.56,glut_med1_r,Glut. medius,0.0017803344645498241,180.9952325626977,-0.2693136004164997,0.0009836361098257695,0.0008129995611746293,-0.0017255039812710544,20.0,93.0
rushda,gwo,gwo_v0,7.4,8.9,3.56,rect_fem_r,Rect. femoris,0.001199284713150549,97.16676821164538,0.4382697217274658,0.0012342539895309756,0.002244782366505327,-0.0011119154320719219,100.0,96.0
rushda,gwo,gwo_v0,7.4,8.9,3.56,vas_lat_r,Vast. lateralis,0.0011627518242707737,853.7603797359092,0.6304316047395919,0.00013619182288951426,0.001479021552299925,0.0011242746627762197,80.0,96.0
rushda,gwo,gwo_v0,7.4,8.9,3.56,tib_ant_r,Tib. anterior,0.005319776490513194,1415.681920123018,0.29582526970091844,0.0003757748414312534,0.0008573185895376367,-0.005315931544807404,14.0,76.0
rushda,gwo,gwo_v0,7.4,8.9,3.56,soleus_r,Soleus,0.0020543850405621215,251.79963815265776,-0.13225677562265467,0.0008158808549663665,0.0010160831012713811,0.0020208002268912147,100.0,96.0
rushda,gwo,gwo_v0,7.4,8.9,3.56,med_gas_r,Med. gastrocnemius,0.0018066817736312106,234.64840578669344,-0.6436312227622656,0.000769952716096256,0.0009378171114693412,0.0017621785051600192,100.0,0.0
rushda,gwo,gwo_v0,7.4,8.9,3.56,semimem_r,Semimembranosus,0.002008266464515039,153.20778606437167,0.26490219984073304,0.0013108122740388972,0.0017293822507273848,0.0019621764115261326,11.0,68.0
rushda,gwo,gwo_v0,7.4,8.9,3.56,semiten_r,Semitendinosus,0.002464576585579104,184.00050643305664,0.34167576842657144,0.001339440109897616,0.0019646842147815757,0.0024247939183479755,11.0,68.0
rushda,gwo,gwo_v0,7.4,8.9,3.56,bifemlh_r,Biceps femoris LH,0.0030485319275804904,208.38105442342396,0.2272352710370906,0.00146296021776815,0.0016737487977955268,0.0030158328577620038,11.0,69.0
rushda,gwo,gwo_v0,7.4,8.9,3.56,bifemsh_r,Biceps femoris SH,0.0005820653192478739,853.9642131871362,0.6257457067820626,6.816038778434397e-05,0.0007530408336881567,-0.000562113883814599,52.0,53.0
rushda,gwo,gwo_v1,38.7,40.2,4.08,glut_med1_r,Glut. medius,0.0035538924924570494,22.858718207524483,0.9592913475940096,0.01554720811636412,0.021735923594507447,-0.0020379282454962766,8.0,95.0
rushda,gwo,gwo_v1,38.7,40.2,4.08,rect_fem_r,Rect. femoris,0.005369718962840049,19.935684729581997,0.8150446543597476,0.026935212086656224,0.01845459703280783,-0.0013642585725291226,62.0,56.0
rushda,gwo,gwo_v1,38.7,40.2,4.08,vas_lat_r,Vast. lateralis,0.003212773411796705,70.70791631649047,0.7961486637836162,0.004543725199617321,0.017901854705070136,-0.000971173605931962,47.0,98.0
rushda,gwo,gwo_v1,38.7,40.2,4.08,tib_ant_r,Tib. anterior,0.005890421688942001,26.44850711103181,0.9174123866499698,0.022271282323095942,0.014168906984359575,-0.005502681065991482,24.0,24.0
rushda,gwo,gwo_v1,38.7,40.2,4.08,soleus_r,Soleus,0.003954534793928424,19.736115452794934,0.9369347108546668,0.02003704732771211,0.01460287373118202,0.0034096296963647917,83.0,2.0
rushda,gwo,gwo_v1,38.7,40.2,4.08,med_gas_r,Med. gastrocnemius,0.004305582076317804,22.699146424082546,0.8075276476110016,0.018968035166951558,0.021400704348392807,0.0032532950586489787,79.0,0.0
rushda,gwo,gwo_v1,38.7,40.2,4.08,semimem_r,Semimembranosus,0.0029932842115059036,10.17041617931369,0.9723542143681441,0.02943128539414297,0.021450818897217228,0.0003656737390640771,14.0,98.0
rushda,gwo,gwo_v1,38.7,40.2,4.08,semiten_r,Semitendinosus,0.004211112970882534,12.98545835478723,0.9547898556337316,0.03242945189786128,0.022592634311579318,0.0009103031608249712,14.0,100.0
rushda,gwo,gwo_v1,38.7,40.2,4.08,bifemlh_r,Biceps femoris LH,0.004676355628825557,13.67110665317068,0.9544499500538942,0.034206123523591925,0.0247290877561126,0.001555118065072492,14.0,98.0
rushda,gwo,gwo_v1,38.7,40.2,4.08,bifemsh_r,Biceps femoris SH,0.0012747675554522172,54.14087124620389,0.796018705887259,0.0023545383110945006,0.00652307155631654,0.00036186841971087066,71.0,70.0
rushda,gwo,gwo_v2,68.22,69.72,4.57,glut_med1_r,Glut. medius,0.0035407885764971426,24.417101300952584,0.9650541682799829,0.014501265047211012,0.020329172380860905,-0.002551803073688667,53.0,57.0
rushda,gwo,gwo_v2,68.22,69.72,4.57,rect_fem_r,Rect. femoris,0.005749273214617312,20.814743311982404,0.8154351319969506,0.02762115837050766,0.027086248311298244,-0.0017605239914356234,23.0,17.0
rushda,gwo,gwo_v2,68.22,69.72,4.57,vas_lat_r,Vast. lateralis,0.003924876723183867,84.9378150257523,0.9141838450632361,0.004620882609228744,0.016658639979200557,-0.0019846976987018396,94.0,63.0
rushda,gwo,gwo_v2,68.22,69.72,4.57,tib_ant_r,Tib. anterior,0.006158101652937472,30.806586995569106,0.8754694294532599,0.01998956149807568,0.016210205590191096,-0.005629141751997624,71.0,72.0
rushda,gwo,gwo_v2,68.22,69.72,4.57,soleus_r,Soleus,0.004457829489784059,23.025803817397946,0.9464762812802022,0.019360147099037606,0.014844095660112022,0.004127889076942266,46.0,46.0
rushda,gwo,gwo_v2,68.22,69.72,4.57,med_gas_r,Med. gastrocnemius,0.004535708970002391,24.012431683320518,0.7482323806511887,0.018889003120633463,0.016860791231042893,0.0032002167512157277,46.0,18.0
rushda,gwo,gwo_v2,68.22,69.72,4.57,semimem_r,Semimembranosus,0.002118490682882265,7.090229415025938,0.9747521028614042,0.029879014611186805,0.026691892802552075,-0.0005861192150560076,62.0,55.0
rushda,gwo,gwo_v2,68.22,69.72,4.57,semiten_r,Semitendinosus,0.0030150664910988728,9.010973482991023,0.9558745191825233,0.033459941889631195,0.02929110393847334,0.00016427794782566209,62.0,55.0
rushda,gwo,gwo_v2,68.22,69.72,4.57,bifemlh_r,Biceps femoris LH,0.004117783033417819,11.745980884460172,0.9284616477195041,0.03505695330107006,0.029553883229040734,0.001172884642903888,62.0,61.0
rushda,gwo,gwo_v2,68.22,69.72,4.57,bifemsh_r,Biceps femoris SH,0.0013113028220269904,54.474189641690614,0.9331357868166555,0.002407200236758389,0.005617088843706375,0.0006873506825733891,34.0,34.0
rushda,rd,rd_correct,26.04,27.54,,glut_med1_r,Glut. medius,0.0018095432894994702,113.39512388336573,0.971547323513647,0.0015957858041239087,0.003405399267307957,-0.0015775096424158186,79.0,85.0
rushda,rd,rd_correct,26.04,27.54,,rect_fem_r,Rect. femoris,0.004516736860763615,69.60398173057241,0.9711556370612723,0.006489193216341116,0.0039456551193735034,0.004422863326688394,0.0,0.0
rushda,rd,rd_correct,26.04,27.54,,vas_lat_r,Vast. lateralis,0.0019507446924228494,41.61932206147881,0.9886834704681265,0.004687113090264344,0.0027721689935074623,0.0018608872890469876,0.0,5.0
rushda,rd,rd_correct,26.04,27.54,,tib_ant_r,Tib. anterior,0.0025193410665568655,7.691577590571792,0.9939705620986176,0.03275454270454259,0.028316552481824353,-0.001840101024772625,0.0,0.0
rushda,rd,rd_correct,26.04,27.54,,soleus_r,Soleus,0.001983844808214503,6.590349929149412,0.9934029243659588,0.03010226815786926,0.02575256250737823,-0.0012776048274613348,83.0,85.0
rushda,rd,rd_correct,26.04,27.54,,med_gas_r,Med. gastrocnemius,0.002797544522575538,8.347545917894367,0.993926219120175,0.033513376866589395,0.027838994344455137,-0.0020946901606443743,83.0,85.0
rushda,rd,rd_correct,26.04,27.54,,semimem_r,Semimembranosus,0.0037113159144296797,76.058536786949,0.9513186015014103,0.004879552080821137,0.0030090996249227397,-0.003639682743234934,69.0,100.0
rushda,rd,rd_correct,26.04,27.54,,semiten_r,Semitendinosus,0.004140058644869274,73.31743817731979,0.928406828615002,0.005646758462640844,0.0030495994226119594,-0.0040181890660754725,69.0,100.0
rushda,rd,rd_correct,26.04,27.54,,bifemlh_r,Biceps femoris LH,0.003599348518958822,71.83240956211961,0.9140186886443572,0.005010758431883255,0.0028249433356266063,-0.0034940093913866125,68.0,100.0
rushda,rd,rd_correct,26.04,27.54,,bifemsh_r,Biceps femoris SH,0.0010296246396802097,41.69507543151724,0.9900552850855804,0.0024694154621960895,0.001445894438228068,-0.0009809522112119442,80.0,75.0
rushda,rd,rd_toes,75.887,77.387,,glut_med1_r,Glut. medius,0.0025321000327900604,427.1604373699004,0.42730398746195586,0.0005927749415139266,0.007745371345844895,-0.0022881971887840527,79.0,100.0
rushda,rd,rd_toes,75.887,77.387,,rect_fem_r,Rect. femoris,0.0041755748395725266,64.10533618897438,0.8334239050625327,0.00651361507139353,0.013850870098799706,0.004049840441160829,0.0,0.0
rushda,rd,rd_toes,75.887,77.387,,vas_lat_r,Vast. lateralis,0.0018858586260560727,49.1782576525236,0.8073639330802873,0.0038347406274148454,0.007213701884486529,0.001790676370559887,0.0,6.0
rushda,rd,rd_toes,75.887,77.387,,tib_ant_r,Tib. anterior,0.008962945055606616,23.371684190135618,0.8371449938682514,0.038349589968315445,0.06960644029916285,0.0003803279128905804,1.0,0.0
rushda,rd,rd_toes,75.887,77.387,,soleus_r,Soleus,0.007067469617408277,22.786199464051922,0.9231822133387181,0.031016447602673247,0.028878058504252457,-0.006177908995218772,100.0,100.0
rushda,rd,rd_toes,75.887,77.387,,med_gas_r,Med. gastrocnemius,0.007719908017727276,22.40635678567476,0.9368597654850921,0.03445409752049877,0.03551888403355952,-0.0068770920941430705,100.0,100.0
rushda,rd,rd_toes,75.887,77.387,,semimem_r,Semimembranosus,0.0034204367255730207,65.1617604666086,0.8392826704716637,0.005249147200873716,0.010513157185415622,-0.0033191812181289303,100.0,100.0
rushda,rd,rd_toes,75.887,77.387,,semiten_r,Semitendinosus,0.0036601312523124553,59.168773622666,0.8220164479497579,0.006185917044105094,0.012221243445666774,-0.0035124064069226983,100.0,100.0
rushda,rd,rd_toes,75.887,77.387,,bifemlh_r,Biceps femoris LH,0.003252337367990322,57.7128193028087,0.843374387719379,0.005635381198284384,0.008975599767327314,-0.0031404836246715037,100.0,100.0
rushda,rd,rd_toes,75.887,77.387,,bifemsh_r,Biceps femoris SH,0.0009854259346700391,48.963269597686576,0.7959246988631344,0.0020125819675992362,0.003967424660655305,-0.0009308832916220973,100.0,100.0
rushda,rd,rd_supination,128.878,130.378,,glut_med1_r,Glut. medius,0.005623354658698855,244.11930803399127,0.7955658684692506,0.0023035271990513168,0.0033144793543898876,-0.005555242106759197,93.0,76.0
rushda,rd,rd_supination,128.878,130.378,,rect_fem_r,Rect. femoris,0.004906183851149865,75.39329787729963,0.9197365750348014,0.006507453565878674,0.004939004339639952,0.004872659214402333,31.0,32.0
rushda,rd,rd_supination,128.878,130.378,,vas_lat_r,Vast. lateralis,0.002589459290627239,72.38085869494117,0.9374743578737251,0.003577547071582643,0.002881761101575009,0.002575288752152328,31.0,38.0
rushda,rd,rd_supination,128.878,130.378,,tib_ant_r,Tib. anterior,0.00884658667250414,70.63976618194437,0.926817221609784,0.012523522019761923,0.009544868884091395,-0.008759244446280283,0.0,0.0
rushda,rd,rd_supination,128.878,130.378,,soleus_r,Soleus,0.003120811094089842,36.92266047734706,0.8434623154689789,0.008452292044351828,0.005294206318488148,0.002971365892865917,100.0,100.0
rushda,rd,rd_supination,128.878,130.378,,med_gas_r,Med. gastrocnemius,0.00255813159864371,24.989867662652408,0.8916662170055433,0.010236675252453864,0.006677453935455269,0.002356034344234636,100.0,100.0
rushda,rd,rd_supination,128.878,130.378,,semimem_r,Semimembranosus,0.004121327231582484,80.06728474436677,0.8594745372400702,0.00514732982983096,0.0040250482400206455,-0.004082911650959532,100.0,100.0
rushda,rd,rd_supination,128.878,130.378,,semiten_r,Semitendinosus,0.00414639889975197,66.59894973092673,0.8482978591696639,0.00622592235538888,0.0048329395808482944,-0.004087408923748104,100.0,100.0
rushda,rd,rd_supination,128.878,130.378,,bifemlh_r,Biceps femoris LH,0.0034391328501496236,62.478268209263696,0.712893506852568,0.005504526531738441,0.004200948217331524,-0.0033361762097523055,100.0,100.0
rushda,rd,rd_supination,128.878,130.378,,bifemsh_r,Biceps femoris SH,0.0014019183275726058,75.28879233530326,0.9349536677523225,0.0018620544759558322,0.0015789545903628355,-0.0013950424774521657,100.0,98.0
rushda,rd,rd_pronation,187.423,188.923,,glut_med1_r,Glut. medius,0.003991693924558147,164.72306517095294,-0.0006263909711503148,0.0024232756477761547,0.0025279152528929205,-0.0038720627803598196,0.0,96.0
rushda,rd,rd_pronation,187.423,188.923,,rect_fem_r,Rect. femoris,0.0047846624851513525,71.82438069860895,0.9935881686679255,0.006661613283139689,0.008026541472133941,0.004768884837155892,0.0,0.0
rushda,rd,rd_pronation,187.423,188.923,,vas_lat_r,Vast. lateralis,0.002295058373347003,56.793892654249426,0.9907817810162408,0.004041030234217063,0.005939712120365204,0.002227120063150865,0.0,1.0
rushda,rd,rd_pronation,187.423,188.923,,tib_ant_r,Tib. anterior,0.010164054599794867,65.2815112073525,0.973852551906495,0.015569576150758768,0.023125664184723727,-0.009907589726287936,31.0,0.0
rushda,rd,rd_pronation,187.423,188.923,,soleus_r,Soleus,0.006126975027529415,25.670455126582787,0.9904727225982395,0.023867808331861973,0.025329183398447364,-0.006041275600055658,100.0,100.0
rushda,rd,rd_pronation,187.423,188.923,,med_gas_r,Med. gastrocnemius,0.006691611173240953,24.359064419324927,0.9915382499362406,0.027470723251309503,0.029049413210987085,-0.006606765240360443,100.0,100.0
rushda,rd,rd_pronation,187.423,188.923,,semimem_r,Semimembranosus,0.003737652674124189,66.28388430960786,0.9942174522093302,0.005638855829066758,0.006332530495233635,-0.003729995156909744,100.0,100.0
rushda,rd,rd_pronation,187.423,188.923,,semiten_r,Semitendinosus,0.003831077155595367,55.07806683604427,0.9939742475631077,0.006955721897429101,0.007193469738859037,-0.0038253084854974824,100.0,100.0
rushda,rd,rd_pronation,187.423,188.923,,bifemlh_r,Biceps femoris LH,0.003260945078796795,50.52691054727876,0.9917438920770707,0.006453877831587351,0.00649026132397007,-0.003252881129133317,100.0,100.0
rushda,rd,rd_pronation,187.423,188.923,,bifemsh_r,Biceps femoris SH,0.0012753330969418118,51.48669003676189,0.9895662956036146,0.0024770151198906243,0.0032416367337587126,-0.0012546474045039549,100.0,100.0
rushda,rgs,rgs_correct,26.736,28.236,,glut_med1_r,Glut. medius,0.01036168269632502,66.48689719349609,0.86629372074788,0.015584548435415069,0.015064070331408927,-0.009915408688247527,73.0,100.0
rushda,rgs,rgs_correct,26.736,28.236,,rect_fem_r,Rect. femoris,0.004048265628049321,6.159020556574836,0.9978434551595232,0.06572904881325237,0.06547342400126394,-0.003686603722759985,0.0,2.0
rushda,rgs,rgs_correct,26.736,28.236,,vas_lat_r,Vast. lateralis,0.0014334527849741152,2.872665834399118,0.9979291097638436,0.04989974008842396,0.04943862251633979,-0.0008511492359726066,100.0,99.0
rushda,rgs,rgs_correct,26.736,28.236,,tib_ant_r,Tib. anterior,0.00434288586792415,21.65392102228311,0.7928677134560044,0.02005588670733155,0.009837541528531779,-0.0004539127652796792,98.0,88.0
rushda,rgs,rgs_correct,26.736,28.236,,soleus_r,Soleus,0.0027602444977835473,17.47941734143711,0.944322812737622,0.01579139878558794,0.00954749142493544,-0.0017310802545460672,0.0,0.0
rushda,rgs,rgs_correct,26.736,28.236,,med_gas_r,Med. gastrocnemius,0.0027983359283212873,17.073532781258667,0.9393584549107261,0.016389905734055077,0.009490354597249784,-0.0014170763106011158,0.0,0.0
rushda,rgs,rgs_correct,26.736,28.236,,semimem_r,Semimembranosus,0.0030075729058657596,8.377994997835037,0.9962940747253239,0.03589848056298611,0.03717306918295227,0.002783923758358026,74.0,76.0
rushda,rgs,rgs_correct,26.736,28.236,,semiten_r,Semitendinosus,0.004776228611741976,11.372701754134047,0.9955911506717595,0.04199730824740733,0.0435863534579396,0.0045565037156657315,73.0,76.0
rushda,rgs,rgs_correct,26.736,28.236,,bifemlh_r,Biceps femoris LH,0.0049916014949795496,11.363243636595344,0.9966492307531852,0.04392761129317063,0.04554401263201241,0.00480858466158322,73.0,75.0
rushda,rgs,rgs_correct,26.736,28.236,,bifemsh_r,Biceps femoris SH,0.00022943407718127066,4.887306194073241,0.9897795451639636,0.004694489521845424,0.004844863066778116,-8.12683670839052e-05,78.0,80.0
rushda,rgs,rgs_flexion,114.84,116.34,,glut_med1_r,Glut. medius,0.011801766952202022,77.77484093324554,0.924212961672842,0.015174273339024283,0.01090415941722861,-0.011483493113853141,83.0,100.0
rushda,rgs,rgs_flexion,114.84,116.34,,rect_fem_r,Rect. femoris,0.0033397882327046353,4.484816341254404,0.9986939353560701,0.07446878486378544,0.07608102105491193,-0.002977940590026355,0.0,0.0
rushda,rgs,rgs_flexion,114.84,116.34,,vas_lat_r,Vast. lateralis,0.00110171010092749,3.0405810245463827,0.9974026569908023,0.036233538657035186,0.03597367331631729,0.0006327524024040184,0.0,2.0
rushda,rgs,rgs_flexion,114.84,116.34,,tib_ant_r,Tib. anterior,0.0041589235723602114,10.208969762648096,0.9958629191704419,0.04073793604107445,0.031471674699703245,0.0006991942755600553,100.0,94.0
rushda,rgs,rgs_flexion,114.84,116.34,,soleus_r,Soleus,0.004809228026075815,10.199623545974951,0.997882333573664,0.047151034588660545,0.03503842738859059,0.0009330149365332018,0.0,0.0
rushda,rgs,rgs_flexion,114.84,116.34,,med_gas_r,Med. gastrocnemius,0.004899468192675853,11.97823818132214,0.9962640072800677,0.040903078720839536,0.028590252079639278,0.0008935490490919786,0.0,0.0
rushda,rgs,rgs_flexion,114.84,116.34,,semimem_r,Semimembranosus,0.002397868336105613,5.206741943212116,0.9939334310317215,0.046053143448594513,0.047270835405114564,0.0016849084682830167,100.0,100.0
rushda,rgs,rgs_flexion,114.84,116.34,,semiten_r,Semitendinosus,0.0038222517565457137,6.965940912188367,0.9944269431524795,0.05487057390707817,0.05663324118779611,0.003253498263846766,99.0,100.0
rushda,rgs,rgs_flexion,114.84,116.34,,bifemlh_r,Biceps femoris LH,0.00445506133909237,7.783332824047238,0.9974435208097924,0.0572384791940041,0.05885127871052609,0.004208643341732735,98.0,99.0
rushda,rgs,rgs_flexion,114.84,116.34,,bifemsh_r,Biceps femoris SH,0.0009790558519763403,12.567413702523247,0.9984188037148378,0.007790432265150693,0.009271735320946939,-0.0007559593507163973,23.0,24.0
rushda,rgs,rgs_abduction,216.627,218.127,,glut_med1_r,Glut. medius,0.0056025717640208065,33.0357643955915,0.964184465510279,0.01695911042630044,0.01484409300676151,-0.005354843113024871,4.0,12.0
rushda,rgs,rgs_abduction,216.627,218.127,,rect_fem_r,Rect. femoris,0.0033025390157662674,6.877962563227764,0.9790747434112856,0.04801624006247013,0.042625474264938956,0.0016084367762831436,30.0,30.0
rushda,rgs,rgs_abduction,216.627,218.127,,vas_lat_r,Vast. lateralis,0.0028060936242663244,13.878315187913106,0.8995567218545796,0.02021926715362543,0.014442378081836071,0.0016582126996848993,31.0,30.0
rushda,rgs,rgs_abduction,216.627,218.127,,tib_ant_r,Tib. anterior,0.004670876525799908,12.439373695386532,0.9834034436440083,0.03754912940297167,0.03143469600648874,-0.002391409853586092,91.0,97.0
rushda,rgs,rgs_abduction,216.627,218.127,,soleus_r,Soleus,0.005615453902244097,11.411756027765708,0.9925715897140245,0.04920762316142452,0.0357251586067735,-0.00016422874868301496,2.0,0.0
rushda,rgs,rgs_abduction,216.627,218.127,,med_gas_r,Med. gastrocnemius,0.005361271080268264,10.18338212297824,0.9807937014565999,0.052647254276856126,0.04027603049332151,0.0011230785883460151,26.0,22.0
rushda,rgs,rgs_abduction,216.627,218.127,,semimem_r,Semimembranosus,0.0022121975532635165,6.122252514414926,0.9861584486585507,0.03613371954284583,0.03330088106982998,0.0010297133711279472,100.0,100.0
rushda,rgs,rgs_abduction,216.627,218.127,,semiten_r,Semitendinosus,0.0029934597810029255,6.733928443939434,0.9907957054398909,0.04445339456639241,0.04037747099390254,0.0019740091868650986,98.0,100.0
rushda,rgs,rgs_abduction,216.627,218.127,,bifemlh_r,Biceps femoris LH,0.0019643117643706022,4.460325136472312,0.9936416371648101,0.04403965415678607,0.04053295954959096,0.001133629237045888,100.0,100.0
rushda,rgs,rgs_abduction,216.627,218.127,,bifemsh_r,Biceps femoris SH,0.0005012111852828316,15.732052131289839,0.9064763396110368,0.003185923750442965,0.002827247889391482,-0.0003244513827070575,96.0,97.0
rushda,rgs,rgs_stork,325.472,326.972,,glut_med1_r,Glut. medius,0.012411194088168882,79.28642760293846,0.9555179994832589,0.01565361747703324,0.011425029356982808,-0.012281258667319007,100.0,75.0
rushda,rgs,rgs_stork,325.472,326.972,,rect_fem_r,Rect. femoris,0.0035865008197159204,4.057394517356849,0.9966442887250317,0.0883941850952249,0.0866552578778031,-0.0027337131105882387,0.0,1.0
rushda,rgs,rgs_stork,325.472,326.972,,vas_lat_r,Vast. lateralis,0.0027690765741529787,7.648587957012608,0.9809095074244528,0.036203761919403055,0.03382271429855929,0.0015848458187274646,0.0,76.0
rushda,rgs,rgs_stork,325.472,326.972,,tib_ant_r,Tib. anterior,0.003948401548939675,11.290842822055037,0.9929761158553958,0.034969945212832476,0.028323738752711103,0.0033722501451190125,100.0,90.0
rushda,rgs,rgs_stork,325.472,326.972,,soleus_r,Soleus,0.0036145946230059026,8.875596177772508,0.9987350986177415,0.040725091031722116,0.032080024041278354,-0.001568739486101195,0.0,0.0
rushda,rgs,rgs_stork,325.472,326.972,,med_gas_r,Med. gastrocnemius,0.003496016047699996,10.649480371459488,0.9971484684311485,0.03282804348904467,0.02429152508359811,-0.0017101014034156755,0.0,0.0
rushda,rgs,rgs_stork,325.472,326.972,,semimem_r,Semimembranosus,0.0024595134455912635,4.785554041691911,0.9900067586551666,0.051394539151870366,0.051520085385592274,0.001218784309304397,100.0,100.0
rushda,rgs,rgs_stork,325.472,326.972,,semiten_r,Semitendinosus,0.003903116212349908,6.187096863027481,0.9906503760828165,0.063084776249002,0.0633372900098339,0.0028130347093627225,100.0,100.0
rushda,rgs,rgs_stork,325.472,326.972,,bifemlh_r,Biceps femoris LH,0.004177019608750636,6.063535762743954,0.9951597337992486,0.06888752325689912,0.06880634720317158,0.003450699832136621,96.0,100.0
rushda,rgs,rgs_stork,325.472,326.972,,bifemsh_r,Biceps femoris SH,0.0014506624923572387,6.12880057365145,0.9988519357405385,0.02366959856050521,0.026430608737754047,-0.0011021202881916605,17.0,16.0
yaxkin,ng,ng_v0,7.67,9.17,2.57,glut_med1_r,Glut. medius,0.0038252951088066853,349.04823609729283,0.5971965886091174,0.0010959216272161398,0.0010119237328573422,-0.003817705671888315,55.0,96.0
yaxkin,ng,ng_v0,7.67,9.17,2.57,rect_fem_r,Rect. femoris,0.004270500506337758,301.2341486565381,0.8121578852212062,0.0014176681247407008,0.0015411439455361164,0.004264049416165057,51.0,42.0
yaxkin,ng,ng_v0,7.67,9.17,2.57,vas_lat_r,Vast. lateralis,0.002605444929273456,270.5762628700838,0.8695502105858761,0.0009629244271602833,0.0010368618786659733,0.002601161822435517,39.0,42.0
yaxkin,ng,ng_v0,7.67,9.17,2.57,tib_ant_r,Tib. anterior,0.0020429597295040848,614.821888739742,0.6126389914490781,0.00033228480750607803,0.0013940509769245213,-0.002007334532102788,39.0,77.0
yaxkin,ng,ng_v0,7.67,9.17,2.57,soleus_r,Soleus,0.0005570629650602798,195.85658518089912,0.21255531263855668,0.00028442391382743626,0.0007102565349760281,0.0005301140097956089,4.0,18.0
yaxkin,ng,ng_v0,7.67,9.17,2.57,med_gas_r,Med. gastrocnemius,0.0006582460023088171,84.51011860886217,0.7351684603556837,0.0007788960814921753,0.0011900045713980623,-0.0006290857975573091,3.0,6.0
yaxkin,ng,ng_v0,7.67,9.17,2.57,semimem_r,Semimembranosus,0.0028099077595512903,289.4784221619681,0.7785406686190415,0.0009706795202784058,0.0009301535311732612,-0.0028047724391346827,1.0,17.0
yaxkin,ng,ng_v0,7.67,9.17,2.57,semiten_r,Semitendinosus,0.0016900904561477866,143.69048264840993,0.6281611831439352,0.0011762020872900791,0.0008119033826363142,-0.0016691441909005625,2.0,86.0
yaxkin,ng,ng_v0,7.67,9.17,2.57,bifemlh_r,Biceps femoris LH,0.00230175298091825,216.03461427006758,0.6759453831344929,0.0010654556394563697,0.0008907607812557727,-0.002291564235309539,1.0,17.0
yaxkin,ng,ng_v0,7.67,9.17,2.57,bifemsh_r,Biceps femoris SH,0.0014479680977477164,283.75262355689796,0.8709572709581735,0.0005102924087880267,0.0005983113581650157,-0.0014454029465729493,2.0,11.0
yaxkin,ng,ng_v1,56.04,57.54,3.02,glut_med1_r,Glut. medius,0.01183398190546823,85.14851722136034,0.9347221101502576,0.013898048130073087,0.0420305300668343,-0.005408753243162849,64.0,68.0
yaxkin,ng,ng_v1,56.04,57.54,3.02,rect_fem_r,Rect. femoris,0.0046544019198317965,7.0418790675555964,0.9882085322565661,0.06609602174618784,0.07276156000531409,-0.0016571963542859585,92.0,92.0
yaxkin,ng,ng_v1,56.04,57.54,3.02,vas_lat_r,Vast. lateralis,0.004150787753476845,7.567089445760777,0.9824386075875139,0.05485316095744305,0.05638792389424174,-0.0015609854208908306,57.0,95.0
yaxkin,ng,ng_v1,56.04,57.54,3.02,tib_ant_r,Tib. anterior,0.007110373202484943,21.074311178724813,0.7787694612348388,0.03373952838687838,0.024183517573616697,-0.004867185380741941,30.0,30.0
yaxkin,ng,ng_v1,56.04,57.54,3.02,soleus_r,Soleus,0.003417235026725801,8.389002508174755,0.9647108901764766,0.04073470026258591,0.030181940016010322,0.001617815536396324,97.0,5.0
yaxkin,ng,ng_v1,56.04,57.54,3.02,med_gas_r,Med. gastrocnemius,0.004410039466962266,11.113296013141394,0.902124783613124,0.03968255197870574,0.027679120493821263,0.001312023886310691,100.0,82.0
yaxkin,ng,ng_v1,56.04,57.54,3.02,semimem_r,Semimembranosus,0.0021895138940116444,10.623671811022104,0.94013722443235,0.020609765935540425,0.02142662525343908,-0.0010218221403171435,46.0,47.0
yaxkin,ng,ng_v1,56.04,57.54,3.02,semiten_r,Semitendinosus,0.002977700759981786,12.259788926782477,0.8977369089773638,0.024288352579029837,0.023928019426922964,0.0006019322752812073,45.0,47.0
yaxkin,ng,ng_v1,56.04,57.54,3.02,bifemlh_r,Biceps femoris LH,0.002363740804914687,7.931289853089256,0.9776346995903152,0.02980272879567003,0.032182920395710135,0.0012344830892857385,44.0,47.0
yaxkin,ng,ng_v1,56.04,57.54,3.02,bifemsh_r,Biceps femoris SH,0.0012336267512411709,20.589208035494693,0.7857782244357299,0.005991618274556576,0.006638925983589616,-0.00018542614215604446,24.0,24.0
yaxkin,ng,ng_v2,82.44,83.94,3.96,glut_med1_r,Glut. medius,0.012197510640034763,90.54264465371533,0.9290944117604859,0.0134715643514553,0.041994466022026,-0.004882634365604102,46.0,47.0
yaxkin,ng,ng_v2,82.44,83.94,3.96,rect_fem_r,Rect. femoris,0.005571664142199525,7.891437556230539,0.9863332195117567,0.07060391851926295,0.08981764465153047,-0.002737562983504742,68.0,69.0
yaxkin,ng,ng_v2,82.44,83.94,3.96,vas_lat_r,Vast. lateralis,0.004591095185615627,8.054250311402475,0.9828700906410391,0.05700214182710428,0.06092183461650169,-0.0018485933224983609,68.0,69.0
yaxkin,ng,ng_v2,82.44,83.94,3.96,tib_ant_r,Tib. anterior,0.006527657334134228,29.189976152653287,0.6547150937251631,0.02236266758149058,0.016845982500070522,-0.004718872032605787,89.0,2.0
yaxkin,ng,ng_v2,82.44,83.94,3.96,soleus_r,Soleus,0.0024394355791263595,9.473284511787664,0.9543887326311908,0.025750684211911457,0.020935455712353945,0.0011559785812830208,74.0,54.0
yaxkin,ng,ng_v2,82.44,83.94,3.96,med_gas_r,Med. gastrocnemius,0.003592575183789362,14.583479469956725,0.8453716693900147,0.024634554402400255,0.020315319299697543,0.001095225319398711,78.0,14.0
yaxkin,ng,ng_v2,82.44,83.94,3.96,semimem_r,Semimembranosus,0.0030293406069826813,13.814411245659098,0.8812349868020093,0.02192884338762241,0.029622546523426663,-0.00047619074899407535,19.0,93.0
yaxkin,ng,ng_v2,82.44,83.94,3.96,semiten_r,Semitendinosus,0.003967234857530045,14.47939364197462,0.8498990869380557,0.02739917813981757,0.03588070894595391,0.0010436955693020446,18.0,93.0
yaxkin,ng,ng_v2,82.44,83.94,3.96,bifemlh_r,Biceps femoris LH,0.0038740989557838864,11.562201982000012,0.946189250255701,0.03350658431512499,0.046427685597518364,0.002036779677609041,17.0,93.0
yaxkin,ng,ng_v2,82.44,83.94,3.96,bifemsh_r,Biceps femoris SH,0.001363524427249219,19.578593126722815,0.8373701145057302,0.006964363672219864,0.008993671410497117,-0.00032650488360469904,86.0,86.0
yaxkin,gwo,gwo_v0,17.04,18.54,3.06,glut_med1_r,Glut. medius,0.009412272924245879,54.23066514023698,0.956866586946996,0.01735599757057442,0.039593258393648814,0.001998721589635442,100.0,20.0
yaxkin,gwo,gwo_v0,17.04,18.54,3.06,rect_fem_r,Rect. femoris,0.005551306785078341,46.60566215704454,0.6394763298323131,0.011911228224528614,0.012005405821154946,-0.0046520967382087264,57.0,43.0
yaxkin,gwo,gwo_v0,17.04,18.54,3.06,vas_lat_r,Vast. lateralis,0.003985384562555007,88.3243622671426,0.7388453561315838,0.004512214365614053,0.010171716605948178,-0.003592244230211621,16.0,98.0
yaxkin,gwo,gwo_v0,17.04,18.54,3.06,tib_ant_r,Tib. anterior,0.006878727363878751,35.70906765256599,0.7802885594396153,0.019263251090187616,0.011084065752124339,-0.006093549890564111,19.0,19.0
yaxkin,gwo,gwo_v0,17.04,18.54,3.06,soleus_r,Soleus,0.004656560485913747,30.702421618139415,0.9013728612517047,0.015166753110974762,0.009611954925761668,0.004159604651922421,48.0,80.0
yaxkin,gwo,gwo_v0,17.04,18.54,3.06,med_gas_r,Med. gastrocnemius,0.006556202259844608,41.920313812194586,0.6243490243252229,0.015639678388899403,0.016103538927319083,0.005581101795142259,48.0,80.0
yaxkin,gwo,gwo_v0,17.04,18.54,3.06,semimem_r,Semimembranosus,0.0034290536477907647,29.21065520487886,0.8283961058904787,0.011739050780408489,0.011863778015007653,0.0026902269286908503,100.0,18.0
yaxkin,gwo,gwo_v0,17.04,18.54,3.06,semiten_r,Semitendinosus,0.004754969438201115,46.5399331998287,0.3923360536963483,0.010216966616141632,0.01134857612483997,0.003580075958696615,100.0,61.0
yaxkin,gwo,gwo_v0,17.04,18.54,3.06,bifemlh_r,Biceps femoris LH,0.0044495414400914255,31.87813247936942,0.7125690342821254,0.013957973990386785,0.010195653943961214,0.003099374170828917,100.0,18.0
yaxkin,gwo,gwo_v0,17.04,18.54,3.06,bifemsh_r,Biceps femoris SH,0.001827518952155242,83.381429295023,0.7041650590254026,0.0021917577662156074,0.0035293332843723824,0.0016872274109592882,68.0,66.0
yaxkin,gwo,gwo_v1,82.07,83.57,3.57,glut_med1_r,Glut. medius,0.009511886254111512,63.134530489566465,0.9529650406814263,0.015066060015578059,0.040945119620839535,-0.0022210601303128993,25.0,30.0
yaxkin,gwo,gwo_v1,82.07,83.57,3.57,rect_fem_r,Rect. femoris,0.007370872186528777,66.20640030167212,0.37946622092755206,0.011133171646461826,0.013511324847106265,-0.006608889438241716,62.0,50.0
yaxkin,gwo,gwo_v1,82.07,83.57,3.57,vas_lat_r,Vast. lateralis,0.005243161509129975,155.32114291472288,0.6925928620017158,0.0033756907853869367,0.010738936678491406,-0.004914169911492298,25.0,21.0
yaxkin,gwo,gwo_v1,82.07,83.57,3.57,tib_ant_r,Tib. anterior,0.008608553106111522,47.04130450673022,0.5751144941365346,0.01829998805598576,0.012053703382056857,-0.00788133182204115,26.0,70.0
yaxkin,gwo,gwo_v1,82.07,83.57,3.57,soleus_r,Soleus,0.0040647166096954915,21.589761643565407,0.8639441173131577,0.018827056439073453,0.011970400426644101,0.0032423460153097063,50.0,86.0
yaxkin,gwo,gwo_v1,82.07,83.57,3.57,med_gas_r,Med. gastrocnemius,0.00578635594618708,33.54909301023606,0.8007503042185505,0.017247428848289947,0.01813660406971651,0.004974722308624036,53.0,85.0
yaxkin,gwo,gwo_v1,82.07,83.57,3.57,semimem_r,Semimembranosus,0.0038641614826031836,34.457268405151595,0.7976036525212126,0.011214358135322955,0.01013913761402574,0.003437282705355887,100.0,100.0
yaxkin,gwo,gwo_v1,82.07,83.57,3.57,semiten_r,Semitendinosus,0.0059069874501147725,56.4247183011004,0.26603795592265933,0.010468793869015336,0.010446676013737832,0.0051518764654665625,100.0,64.0
yaxkin,gwo,gwo_v1,82.07,83.57,3.57,bifemlh_r,Biceps femoris LH,0.005644682019727986,39.18855651294212,0.5316590875679138,0.01440390389950652,0.009921275834806675,0.004590214327135161,100.0,27.0
yaxkin,gwo,gwo_v1,82.07,83.57,3.57,bifemsh_r,Biceps femoris SH,0.0024091981595686456,147.96751399563584,0.6390180423930865,0.0016281939829304037,0.0035140643034999863,0.002306613521048118,68.0,70.0
yaxkin,gwo,gwo_v2,139.93,141.43,4.07,glut_med1_r,Glut. medius,0.011902154282387691,61.09428564355098,0.9507882220289501,0.019481616254308498,0.04585362667010104,-0.006797408341299485,46.0,48.0
yaxkin,gwo,gwo_v2,139.93,141.43,4.07,rect_fem_r,Rect. femoris,0.007096420783652265,63.60610425402184,0.4502566677281517,0.011156823494976986,0.017335770115464666,-0.006053741158335554,80.0,70.0
yaxkin,gwo,gwo_v2,139.93,141.43,4.07,vas_lat_r,Vast. lateralis,0.004446440233953132,168.99248341304212,0.6730142555976973,0.0026311467493411456,0.009271245340853634,-0.003981675484821779,46.0,39.0
yaxkin,gwo,gwo_v2,139.93,141.43,4.07,tib_ant_r,Tib. anterior,0.006732522483381313,35.48499476012143,0.7023623715524853,0.01897287157259897,0.012760980060584681,-0.005903946025886047,46.0,86.0
yaxkin,gwo,gwo_v2,139.93,141.43,4.07,soleus_r,Soleus,0.003067164986656527,13.701730133777021,0.9662088230561638,0.022385238628335413,0.014436958053914373,0.002083995891139144,73.0,70.0
yaxkin,gwo,gwo_v2,139.93,141.43,4.07,med_gas_r,Med. gastrocnemius,0.00484484963329223,22.837824837574882,0.8504791351505172,0.021214146564961123,0.018487640101032654,0.0039621625061351026,73.0,99.0
yaxkin,gwo,gwo_v2,139.93,141.43,4.07,semimem_r,Semimembranosus,0.004713161560354461,44.85092320603081,0.616391031026827,0.010508505117506062,0.013830770564476125,0.0039130447580251965,41.0,48.0
yaxkin,gwo,gwo_v2,139.93,141.43,4.07,semiten_r,Semitendinosus,0.0078069894264954625,80.93546379152986,0.06529931588097854,0.009645943892536868,0.0151716475475282,0.006471413239173082,41.0,9.0
yaxkin,gwo,gwo_v2,139.93,141.43,4.07,bifemlh_r,Biceps femoris LH,0.006801609093944113,50.85724712750057,0.380379827595092,0.013373923045603087,0.013420099181235101,0.005404971363455825,41.0,50.0
yaxkin,gwo,gwo_v2,139.93,141.43,4.07,bifemsh_r,Biceps femoris SH,0.0021480476093277924,165.59546513433548,0.6654062545717669,0.0012971657210451015,0.0040534406849853655,0.001931090084642524,10.0,11.0
yaxkin,rd,rd_correct,47.309,48.809,,glut_med1_r,Glut. medius,0.004897537998435253,132.69214209410188,0.991983592434641,0.003690902807916119,0.0037952848798448457,0.004893334038582884,64.0,66.0
yaxkin,rd,rd_correct,47.309,48.809,,rect_fem_r,Rect. femoris,0.002881459836702019,53.28936116990653,0.9678588097402152,0.005407195307736645,0.004680040326333623,0.0028543143442385497,0.0,0.0
yaxkin,rd,rd_correct,47.309,48.809,,vas_lat_r,Vast. lateralis,0.0019412466378879078,54.46334779767813,0.9764528806100174,0.0035643175022940232,0.0031754207279451607,-0.001928374707401006,0.0,3.0
yaxkin,rd,rd_correct,47.309,48.809,,tib_ant_r,Tib. anterior,0.003423260212853838,16.050835587959746,0.9798712817378785,0.02132761371888786,0.01906493633837275,-0.0030851708457058295,0.0,0.0
yaxkin,rd,rd_correct,47.309,48.809,,soleus_r,Soleus,0.0027285884830572536,13.064606197377651,0.9868915170181187,0.020885348106435386,0.018473974669224014,0.0024553151146810854,70.0,70.0
yaxkin,rd,rd_correct,47.309,48.809,,med_gas_r,Med. gastrocnemius,0.0037711061748134924,16.33754176921022,0.9863306643121856,0.02308245774110601,0.020507271741347644,0.0035332603406890073,71.0,70.0
yaxkin,rd,rd_correct,47.309,48.809,,semimem_r,Semimembranosus,0.003422600193150216,79.59710257440597,0.9661392668332454,0.004299905502151702,0.0034245520503757287,-0.0034045606465621546,50.0,86.0
yaxkin,rd,rd_correct,47.309,48.809,,semiten_r,Semitendinosus,0.0035592530318042286,79.85321215805156,0.963592743089188,0.00445724465630698,0.0033811589260924757,-0.0035401280503570155,50.0,86.0
yaxkin,rd,rd_correct,47.309,48.809,,bifemlh_r,Biceps femoris LH,0.00569802949604796,142.60246863508937,0.9504492086387212,0.003995743938086271,0.003287226149838174,-0.005685290122462735,50.0,86.0
yaxkin,rd,rd_correct,47.309,48.809,,bifemsh_r,Biceps femoris SH,0.0010314741217495795,51.504158239159615,0.9772196909705568,0.0020027006692545646,0.0016580237865951863,0.0010240586722506072,50.0,49.0
yaxkin,rd,rd_toes,91.876,93.376,,glut_med1_r,Glut. medius,0.0029102308224565115,88.5781226997952,0.985894550992479,0.003285496162884066,0.003719802544806597,0.002900848494500898,72.0,58.0
yaxkin,rd,rd_toes,91.876,93.376,,rect_fem_r,Rect. femoris,0.00525577097069227,113.37318936778225,0.8896637129394847,0.004635814693051077,0.0034828651731473315,0.00520470433756944,0.0,0.0
yaxkin,rd,rd_toes,91.876,93.376,,vas_lat_r,Vast. lateralis,0.0004905088019317313,16.95488618819913,0.8548107140692567,0.002893023264721961,0.002415756279992909,0.00020378616891981552,0.0,4.0
yaxkin,rd,rd_toes,91.876,93.376,,tib_ant_r,Tib. anterior,0.0037080063307349128,14.264300451001816,0.9944578579419298,0.02599501001449034,0.017139793355825217,0.0012330853934382788,0.0,0.0
yaxkin,rd,rd_toes,91.876,93.376,,soleus_r,Soleus,0.002376490502027428,10.314537515773397,0.9936697619089222,0.023040204162263267,0.01688604676208799,0.000903608803398403,79.0,80.0
yaxkin,rd,rd_toes,91.876,93.376,,med_gas_r,Med. gastrocnemius,0.0025938932121312695,10.344550612580921,0.9949116525739395,0.025074972410851826,0.018030870250825837,0.0006524594676304395,69.0,70.0
yaxkin,rd,rd_toes,91.876,93.376,,semimem_r,Semimembranosus,0.0048825398102907815,133.5678723584921,0.8908362452388296,0.003655474721635299,0.002486530287013622,-0.004842995550380962,56.0,56.0
yaxkin,rd,rd_toes,91.876,93.376,,semiten_r,Semitendinosus,0.005073439398824402,134.51600303135166,0.8719036797023136,0.003771625148304425,0.002440008038252117,-0.005031591359936222,56.0,56.0
yaxkin,rd,rd_toes,91.876,93.376,,bifemlh_r,Biceps femoris LH,0.006783886121053543,193.29676103841012,0.9032895888318041,0.003509570509412474,0.002405284013986375,-0.006758896816644687,61.0,56.0
yaxkin,rd,rd_toes,91.876,93.376,,bifemsh_r,Biceps femoris SH,0.00025606749740525675,16.689023339747166,0.8568756643536014,0.001534346811028764,0.0012790660662100328,-0.00010300634940054819,54.0,45.0
yaxkin,rd,rd_supination,166.419,167.919,,glut_med1_r,Glut. medius,0.0019071695756931262,51.22880483194617,-0.5724056922649067,0.0037228461252405004,0.002674592150446742,-0.00034853680984439655,94.0,2.0
yaxkin,rd,rd_supination,166.419,167.919,,rect_fem_r,Rect. femoris,0.011498265442509554,162.38295430548808,0.8907475512504214,0.007080955936346667,0.0038691509006094638,0.011408974552931177,0.0,0.0
yaxkin,rd,rd_supination,166.419,167.919,,vas_lat_r,Vast. lateralis,0.005717269216555215,106.88429263945882,0.8710821924588238,0.005349026573849031,0.002823062247454655,0.005618711326814466,0.0,2.0
yaxkin,rd,rd_supination,166.419,167.919,,tib_ant_r,Tib. anterior,0.005780237579111086,20.232889415033846,0.961562472819684,0.0285685225700692,0.022685250886331,0.004676185261667762,0.0,0.0
yaxkin,rd,rd_supination,166.419,167.919,,soleus_r,Soleus,0.002816901809739529,14.69120847139871,0.9863758499882884,0.019174064647054456,0.01673701820540474,0.0023136631889539563,89.0,87.0
yaxkin,rd,rd_supination,166.419,167.919,,med_gas_r,Med. gastrocnemius,0.002935244783227866,12.615021338584164,0.9788025109463208,0.02326785428614503,0.018588802759300915,-0.0015298349627861044,88.0,87.0
yaxkin,rd,rd_supination,166.419,167.919,,semimem_r,Semimembranosus,0.00885777178758422,175.33188592286987,0.8994847093204228,0.005052002800837285,0.002806685867651759,-0.008804900216978979,100.0,77.0
yaxkin,rd,rd_supination,166.419,167.919,,semiten_r,Semitendinosus,0.009898669289579293,182.78929580050897,0.9040489928081684,0.005415344069371775,0.002992919372426295,-0.009843514907398114,100.0,77.0
yaxkin,rd,rd_supination,166.419,167.919,,bifemlh_r,Biceps femoris LH,0.009736786622263793,246.67863261568777,0.8852981137698699,0.003947154449097823,0.002453054233371277,-0.009709626764380041,100.0,77.0
yaxkin,rd,rd_supination,166.419,167.919,,bifemsh_r,Biceps femoris SH,0.002982056680391143,108.19567343606724,0.8789312711978805,0.002756169988768764,0.001570031220480217,-0.0029378669426110664,63.0,70.0
yaxkin,rd,rd_pronation,232.929,234.429,,glut_med1_r,Glut. medius,0.006498697096103408,231.4722915181125,0.7309449970527928,0.0028075486069981254,0.003556444283214416,0.006464415227124195,60.0,49.0
yaxkin,rd,rd_pronation,232.929,234.429,,rect_fem_r,Rect. femoris,0.008710016051306165,157.44443216813968,0.7620720885768346,0.005532120717996858,0.0022607437815942433,0.008639902472486591,2.0,0.0
yaxkin,rd,rd_pronation,232.929,234.429,,vas_lat_r,Vast. lateralis,0.00302282111735616,77.97618364196578,0.7378908462451923,0.003876595360495838,0.0013857209917348123,0.002904631568409998,0.0,3.0
yaxkin,rd,rd_pronation,232.929,234.429,,tib_ant_r,Tib. anterior,0.005646942300167802,20.08647618397398,0.924607627774538,0.02811315558013716,0.016727658379368904,0.00248787582197539,3.0,0.0
yaxkin,rd,rd_pronation,232.929,234.429,,soleus_r,Soleus,0.003674327520748514,16.361180500389256,0.9715882049324552,0.022457594185585183,0.016007421225174512,0.002416831567573225,50.0,55.0
yaxkin,rd,rd_pronation,232.929,234.429,,med_gas_r,Med. gastrocnemius,0.0034780432520729342,13.449137884877405,0.969079915395267,0.025860715250631383,0.017237381763556603,0.0003061059940069102,51.0,55.0
yaxkin,rd,rd_pronation,232.929,234.429,,semimem_r,Semimembranosus,0.007287543181900748,186.53365634433493,0.7846936082875708,0.003906824819027932,0.0016641778895553627,-0.0072490660352507695,66.0,66.0
yaxkin,rd,rd_pronation,232.929,234.429,,semiten_r,Semitendinosus,0.00843778402434493,190.5885733616566,0.7275341483006982,0.0044272245053923465,0.0015777167890076993,-0.008387509367603855,66.0,66.0
yaxkin,rd,rd_pronation,232.929,234.429,,bifemlh_r,Biceps femoris LH,0.008923536373062433,272.5683045618794,0.6950689562266795,0.0032738716217962094,0.0014603377825739838,-0.008900300198761354,66.0,66.0
yaxkin,rd,rd_pronation,232.929,234.429,,bifemsh_r,Biceps femoris SH,0.0016510675033555085,76.53306641285383,0.7450643804466157,0.0021573256903740234,0.0006993893812693996,-0.0015800829637468582,65.0,62.0
yaxkin,rgs,rgs_correct,29.201,30.701,,glut_med1_r,Glut. medius,0.008796478271569774,55.419778542284945,0.9184999654626961,0.01587245294540128,0.035306350104427064,-0.0013279802719141115,54.0,99.0
yaxkin,rgs,rgs_correct,29.201,30.701,,rect_fem_r,Rect. femoris,0.005134196054268384,9.332969398511679,0.9917913742499773,0.055011388498575065,0.05913388525313179,-0.004067861628163016,100.0,0.0
yaxkin,rgs,rgs_correct,29.201,30.701,,vas_lat_r,Vast. lateralis,0.00561552263731988,10.927426394892647,0.9838253769772614,0.051389251543661835,0.05070219419587885,-0.0042788086111976344,100.0,100.0
yaxkin,rgs,rgs_correct,29.201,30.701,,tib_ant_r,Tib. anterior,0.007825020313841625,60.59487694077495,-0.09007828178003639,0.01291366648287734,0.013732644310479214,-0.004902459767039481,86.0,29.0
yaxkin,rgs,rgs_correct,29.201,30.701,,soleus_r,Soleus,0.0023108168060830404,19.55469137852098,0.8077960608494177,0.011817199061608608,0.01371325711315996,5.3807879271077065e-05,50.0,62.0
yaxkin,rgs,rgs_correct,29.201,30.701,,med_gas_r,Med. gastrocnemius,0.0033693701925909298,27.812158750148576,0.717831026585086,0.012114738100194866,0.015356380648168355,0.0008423147835792237,42.0,50.0
yaxkin,rgs,rgs_correct,29.201,30.701,,semimem_r,Semimembranosus,0.002310680966981857,10.426849145651403,0.9416338803077874,0.02216087462956673,0.021232973710416936,-0.00027060927822351383,54.0,56.0
yaxkin,rgs,rgs_correct,29.201,30.701,,semiten_r,Semitendinosus,0.003150699929462059,12.898053969166638,0.924520132195127,0.024427715506493808,0.020194201305825554,0.0005741972631718178,53.0,56.0
yaxkin,rgs,rgs_correct,29.201,30.701,,bifemlh_r,Biceps femoris LH,0.0020899706278533384,7.476440109111918,0.9907783610643074,0.027954087738978672,0.027122096199001522,0.001640014904265797,53.0,56.0
yaxkin,rgs,rgs_correct,29.201,30.701,,bifemsh_r,Biceps femoris SH,0.0012160490586594222,19.1184385018914,0.8647054088499179,0.006360608679098545,0.004327372209405711,0.000406236183990912,54.0,26.0
yaxkin,rgs,rgs_flexion,164.206,165.706,,glut_med1_r,Glut. medius,0.0039771868019727735,23.858822850412324,0.9425542833691223,0.01666966902310539,0.025649540650088593,-0.0003036361801386191,61.0,75.0
yaxkin,rgs,rgs_flexion,164.206,165.706,,rect_fem_r,Rect. femoris,0.010035347180975466,18.118209217536936,0.9058610354416182,0.05538818467369322,0.05993162268995744,-0.007339334484861681,0.0,0.0
yaxkin,rgs,rgs_flexion,164.206,165.706,,vas_lat_r,Vast. lateralis,0.007057916618815914,23.538635369304014,0.810136230309832,0.029984391652627063,0.028096790783742276,-0.0041524179732219555,0.0,0.0
yaxkin,rgs,rgs_flexion,164.206,165.706,,tib_ant_r,Tib. anterior,0.006520804605081555,15.404301041813067,0.9574286247578228,0.04233106446947277,0.028119728341837846,-0.003972423127093114,73.0,46.0
yaxkin,rgs,rgs_flexion,164.206,165.706,,soleus_r,Soleus,0.006527655784463727,13.389690335343381,0.9901502130034102,0.048751357357633196,0.031644132441765116,0.002734012541433602,0.0,100.0
yaxkin,rgs,rgs_flexion,164.206,165.706,,med_gas_r,Med. gastrocnemius,0.0075288542355834015,16.207183522194608,0.9852289040146999,0.046453809974281834,0.02934281728695859,0.004014609079974631,0.0,100.0
yaxkin,rgs,rgs_flexion,164.206,165.706,,semimem_r,Semimembranosus,0.004383664471593711,13.02371474889693,0.967434763022989,0.03365909462939515,0.040126075480122425,0.0009609998740067913,61.0,68.0
yaxkin,rgs,rgs_flexion,164.206,165.706,,semiten_r,Semitendinosus,0.005031868817613907,12.938111716707676,0.9606702068891502,0.03889183311901678,0.04494195082357194,0.0015204379063513058,60.0,66.0
yaxkin,rgs,rgs_flexion,164.206,165.706,,bifemlh_r,Biceps femoris LH,0.006437467129657588,15.485275340857735,0.9635303235932909,0.04157153804474112,0.0499714870648465,0.004017028818893205,55.0,64.0
yaxkin,rgs,rgs_flexion,164.206,165.706,,bifemsh_r,Biceps femoris SH,0.0021797293994019755,34.66139952592755,0.9687010374542174,0.00628863643480837,0.010123169554166478,-0.0015693867289164668,72.0,8.0
yaxkin,rgs,rgs_abduction,298.909,300.409,,glut_med1_r,Glut. medius,0.006428960786253398,27.916492440848582,0.8952127057435785,0.023029256988052957,0.03881640496760996,-0.004398483451119265,100.0,100.0
yaxkin,rgs,rgs_abduction,298.909,300.409,,rect_fem_r,Rect. femoris,0.006117272031580527,50.91223543148675,0.03262800324375837,0.012015327906417739,0.009961137248501228,0.003985942291345704,19.0,68.0
yaxkin,rgs,rgs_abduction,298.909,300.409,,vas_lat_r,Vast. lateralis,0.0032512807051789383,71.40503140090574,0.9765539674319956,0.004553293572443828,0.009621448487722617,0.002447472357760776,98.0,78.0
yaxkin,rgs,rgs_abduction,298.909,300.409,,tib_ant_r,Tib. anterior,0.005910913619935527,14.653305309694062,0.9585586524058111,0.04033843214899163,0.028845958366804703,-0.0006316606794755554,91.0,99.0
yaxkin,rgs,rgs_abduction,298.909,300.409,,soleus_r,Soleus,0.00748680124535816,14.364102458900172,0.9906033311174374,0.05212160848044667,0.033574245830205685,0.0004782115850654989,0.0,0.0
yaxkin,rgs,rgs_abduction,298.909,300.409,,med_gas_r,Med. gastrocnemius,0.006393175943758151,11.925956295618729,0.992759255501414,0.053607239413637875,0.03779700125152918,-0.001107873633442978,1.0,0.0
yaxkin,rgs,rgs_abduction,298.909,300.409,,semimem_r,Semimembranosus,0.004751780702891301,33.92582133045972,0.44094879542313997,0.014006383682227896,0.01046506126872887,-0.0023774667527662425,100.0,100.0
yaxkin,rgs,rgs_abduction,298.909,300.409,,semiten_r,Semitendinosus,0.006111258011512746,47.999536181882185,-0.5865265563855593,0.012731910550876302,0.0070863821621360845,-0.0013179695735646355,96.0,0.0
yaxkin,rgs,rgs_abduction,298.909,300.409,,bifemlh_r,Biceps femoris LH,0.005158097433641726,29.54386894724178,0.6502251659807684,0.01745911289700358,0.009736689865570525,-0.0014541431947554747,99.0,100.0
yaxkin,rgs,rgs_abduction,298.909,300.409,,bifemsh_r,Biceps femoris SH,0.0016545085204800517,66.90078432934135,0.9772531975230068,0.0024730779124130797,0.005022087104542494,-0.0012665227996131582,41.0,40.0
yaxkin,rgs,rgs_stork,405.92,407.42,,glut_med1_r,Glut. medius,0.0036630899100492426,19.01832553669766,0.9609648215642029,0.019260843458489357,0.024255768277299916,-0.002643701647751414,85.0,64.0
yaxkin,rgs,rgs_stork,405.92,407.42,,rect_fem_r,Rect. femoris,0.006223797483094968,7.9935705377157245,0.9693852190318158,0.07786004331518048,0.08096238438008035,-0.002312904374453919,0.0,0.0
yaxkin,rgs,rgs_stork,405.92,407.42,,vas_lat_r,Vast. lateralis,0.006805812494605741,16.4859238063261,0.8747769651705943,0.041282566719095026,0.03873185567417614,0.004030870196388223,0.0,0.0
yaxkin,rgs,rgs_stork,405.92,407.42,,tib_ant_r,Tib. anterior,0.00403291822269042,12.029332605622187,0.9641154946251778,0.033525702172417626,0.02538070383967539,-3.410033357055682e-05,82.0,83.0
yaxkin,rgs,rgs_stork,405.92,407.42,,soleus_r,Soleus,0.006057711793650738,12.841520744516819,0.997450740518818,0.04717285369988061,0.03149867847910037,0.0009775389248855456,0.0,0.0
yaxkin,rgs,rgs_stork,405.92,407.42,,med_gas_r,Med. gastrocnemius,0.005915675432658778,15.643526458375698,0.9974071371542544,0.03781548520021499,0.022218884742415235,0.0011785903913490085,4.0,0.0
yaxkin,rgs,rgs_stork,405.92,407.42,,semimem_r,Semimembranosus,0.0043012162726165145,11.963218548250468,0.9774996366917986,0.03595367129062049,0.04079445790371422,-0.00017092847194338678,80.0,90.0
yaxkin,rgs,rgs_stork,405.92,407.42,,semiten_r,Semitendinosus,0.0056316722143080825,12.341874862952885,0.9675755451983783,0.04563060537271291,0.049111804879124754,0.0005576147248670476,76.0,87.0
yaxkin,rgs,rgs_stork,405.92,407.42,,bifemlh_r,Biceps femoris LH,0.006988883737002017,13.165012519235592,0.9726464658489534,0.05308679901967778,0.05995642825985975,0.003193949271232802,75.0,80.0
yaxkin,rgs,rgs_stork,405.92,407.42,,bifemsh_r,Biceps femoris SH,0.004253077045633558,21.5761395571881,0.9752516582701068,0.019711946311622014,0.02488914016415153,-0.003397642082067496,15.0,13.0
ziri,ng,ng_v0,6.94,8.440000000000001,3.59,glut_med1_r,Glut. medius,0.002756755546716165,187.6295432039441,0.483719940167426,0.0014692545212454666,0.015962539048720956,0.0015554223531127447,0.0,5.0
ziri,ng,ng_v0,6.94,8.440000000000001,3.59,rect_fem_r,Rect. femoris,0.008813225003210827,160.44136665148773,0.37841353678288775,0.005493112647410314,0.012449353084864112,-0.008239385771301996,86.0,72.0
ziri,ng,ng_v0,6.94,8.440000000000001,3.59,vas_lat_r,Vast. lateralis,0.0033272267377859044,108.25115014512407,-0.7703149843095164,0.003073617909209597,0.011111936664784577,-0.0026336441798278537,0.0,100.0
ziri,ng,ng_v0,6.94,8.440000000000001,3.59,tib_ant_r,Tib. anterior,0.011856409920407469,268.6547223672875,-0.7405100818424398,0.004413252004629997,0.04220038396532688,-0.00960219429595727,0.0,98.0
ziri,ng,ng_v0,6.94,8.440000000000001,3.59,soleus_r,Soleus,0.0056935097773780224,281.8441227526538,-0.5430460284742482,0.002020091716574357,0.02942067828463446,0.002953844670908107,100.0,0.0
ziri,ng,ng_v0,6.94,8.440000000000001,3.59,med_gas_r,Med. gastrocnemius,0.007827856163346402,209.20673073824116,-0.6520937149610948,0.0037416846655572433,0.03723139382045654,0.00487406872232391,100.0,0.0
ziri,ng,ng_v0,6.94,8.440000000000001,3.59,semimem_r,Semimembranosus,0.010477825245497726,216.2310512206219,0.822085577140622,0.004845661706008697,0.043453887381577794,0.008009149742786952,100.0,98.0
ziri,ng,ng_v0,6.94,8.440000000000001,3.59,semiten_r,Semitendinosus,0.012819205765548262,247.8343549155195,0.8122708147087878,0.00517248941129167,0.06110899380961998,0.008495980793175815,100.0,98.0
ziri,ng,ng_v0,6.94,8.440000000000001,3.59,bifemlh_r,Biceps femoris LH,0.011573186997042052,212.37776940568048,0.793512037135862,0.005449340121345347,0.05484623344850231,0.007974081070148822,100.0,98.0
ziri,ng,ng_v0,6.94,8.440000000000001,3.59,bifemsh_r,Biceps femoris SH,0.0017998155272731446,108.48944953048888,-0.7672690355159479,0.0016589774720603967,0.006373111397749265,0.001387533498038571,100.0,0.0
ziri,ng,ng_v1,45.3,46.8,4.09,glut_med1_r,Glut. medius,0.017855459823610007,140.75805450938003,0.08104745596381985,0.012685213564400416,0.06864269923129478,-0.007379107611202031,40.0,48.0
ziri,ng,ng_v1,45.3,46.8,4.09,rect_fem_r,Rect. femoris,0.04298370551496003,56.98322488155904,0.45127154026115324,0.07543220939899886,0.1183392684063076,-0.02984006736578191,56.0,59.0
ziri,ng,ng_v1,45.3,46.8,4.09,vas_lat_r,Vast. lateralis,0.017030686378053,31.06594718753216,0.7873827416335313,0.05482107555017025,0.051227864368241005,-0.009527392451371566,25.0,27.0
ziri,ng,ng_v1,45.3,46.8,4.09,tib_ant_r,Tib. anterior,0.004835954781881468,21.44813218751135,0.8968440791970718,0.02254720709292024,0.022861643687763056,-0.004000037852969005,1.0,1.0
ziri,ng,ng_v1,45.3,46.8,4.09,soleus_r,Soleus,0.0016558274290145963,5.832393097204976,0.9743655220966327,0.028390189094217755,0.02574294755767037,-0.0003256920556120684,62.0,58.0
ziri,ng,ng_v1,45.3,46.8,4.09,med_gas_r,Med. gastrocnemius,0.002200300492277946,8.150930102216734,0.9344006099940264,0.026994471363207373,0.024830233022805348,-0.0003802352472706714,59.0,57.0
ziri,ng,ng_v1,45.3,46.8,4.09,semimem_r,Semimembranosus,0.02923231578123447,70.43439739415348,0.4364008202466113,0.0415028975369085,0.07771530450931441,0.02238456956890848,88.0,49.0
ziri,ng,ng_v1,45.3,46.8,4.09,semiten_r,Semitendinosus,0.036585637086215976,73.45933765805842,0.44533359736872646,0.04980392997349953,0.09589060356070295,0.028186417809470184,87.0,49.0
ziri,ng,ng_v1,45.3,46.8,4.09,bifemlh_r,Biceps femoris LH,0.039878250759493736,74.10378718727564,0.35400841493202523,0.05381405225445918,0.10398397507261836,0.030089427682762057,87.0,49.0
ziri,ng,ng_v1,45.3,46.8,4.09,bifemsh_r,Biceps femoris SH,0.002078541782660807,35.69567046016664,0.552005361954453,0.005822952071961457,0.008923111595847688,2.710234589717666e-06,16.0,18.0
ziri,ng,ng_v2,74.26,75.76,4.59,glut_med1_r,Glut. medius,0.018358783948308883,148.01386787292518,0.21435922943224653,0.012403421525387412,0.06970144381674508,-0.004598040166649795,91.0,98.0
ziri,ng,ng_v2,74.26,75.76,4.59,rect_fem_r,Rect. femoris,0.04192377783249098,57.48457683646482,0.44038535429846615,0.07293048003424984,0.12717533257092,-0.028172669598733584,36.0,38.0
ziri,ng,ng_v2,74.26,75.76,4.59,vas_lat_r,Vast. lateralis,0.017052581272193973,31.19063221670374,0.7477942493232095,0.05467212448185543,0.051869156775739625,-0.010013654548241832,3.0,3.0
ziri,ng,ng_v2,74.26,75.76,4.59,tib_ant_r,Tib. anterior,0.004897138287468503,20.615029329772398,0.8409700300374847,0.023755184671971408,0.019372428729385716,-0.004258277019144716,53.0,53.0
ziri,ng,ng_v2,74.26,75.76,4.59,soleus_r,Soleus,0.002055161811650498,7.4344391380946035,0.9234892456986229,0.027643804374155145,0.02421666510401438,0.0007388358404436386,42.0,38.0
ziri,ng,ng_v2,74.26,75.76,4.59,med_gas_r,Med. gastrocnemius,0.0023131217739129125,9.069585963981002,0.8501979275805406,0.025504160643046503,0.01930469216207442,-0.00023105778433667523,38.0,30.0
ziri,ng,ng_v2,74.26,75.76,4.59,semimem_r,Semimembranosus,0.029060805679817236,72.53047449370877,0.32684201065620994,0.04006702821493047,0.08310706706729909,0.02044476468331555,67.0,96.0
ziri,ng,ng_v2,74.26,75.76,4.59,semiten_r,Semitendinosus,0.03583003576621015,75.13278774799824,0.34116223500056864,0.04768894758222886,0.10174955641841954,0.0249502927999682,67.0,96.0
ziri,ng,ng_v2,74.26,75.76,4.59,bifemlh_r,Biceps femoris LH,0.03940425841814831,78.43935837302382,0.2962624998302132,0.050235314560782895,0.10759379385076978,0.02795006420563677,66.0,96.0
ziri,ng,ng_v2,74.26,75.76,4.59,bifemsh_r,Biceps femoris SH,0.0024392825026146314,42.54177258086331,0.23773010050880602,0.005733852528072375,0.014374903567254349,0.0008368147425229797,49.0,69.0
ziri,gwo,gwo_v0,6.64,8.14,3.56,glut_med1_r,Glut. medius,0.000989059187892676,35.41725543775226,-0.30166076685774884,0.0027925912826051724,0.001265625541999521,0.00012154220412771328,100.0,38.0
ziri,gwo,gwo_v0,6.64,8.14,3.56,rect_fem_r,Rect. femoris,0.00112019195477504,16.548861300601743,0.9282205156534525,0.006768997180091829,0.006397651827321049,-0.0008168146012681894,27.0,39.0
ziri,gwo,gwo_v0,6.64,8.14,3.56,vas_lat_r,Vast. lateralis,0.00024860718234360547,16.740534658542998,0.7940962438723068,0.0014850611848095108,0.0012201516858066086,-6.48110735040446e-05,47.0,39.0
ziri,gwo,gwo_v0,6.64,8.14,3.56,tib_ant_r,Tib. anterior,0.004219769751183751,39.48069987158063,0.3453058984136685,0.010688183757910696,0.0011189526725456922,-0.0031564487430139204,50.0,78.0
ziri,gwo,gwo_v0,6.64,8.14,3.56,soleus_r,Soleus,0.0012631724999282812,49.64811464764898,-0.023200696329949658,0.0025442506908731066,0.0010829753780267626,0.0011214085679951292,100.0,39.0
ziri,gwo,gwo_v0,6.64,8.14,3.56,med_gas_r,Med. gastrocnemius,0.0015602598160137505,38.996690242651425,0.5068482177316782,0.004001005742552133,0.0009597057661099306,0.0013413456351968334,100.0,92.0
ziri,gwo,gwo_v0,6.64,8.14,3.56,semimem_r,Semimembranosus,0.0012242858661374002,19.095070854662787,0.9311114904066535,0.006411528270597877,0.00621662958567365,0.0009927012848342796,100.0,100.0
ziri,gwo,gwo_v0,6.64,8.14,3.56,semiten_r,Semitendinosus,0.0013507978682064908,20.645258397937432,0.9379191934380782,0.006542896398629927,0.006889097783089659,0.0011642634033144318,100.0,100.0
ziri,gwo,gwo_v0,6.64,8.14,3.56,bifemlh_r,Biceps femoris LH,0.0016804789844734483,26.33881892631127,0.9290500804103624,0.006380236673386774,0.006983306552993229,0.0015131576837237085,100.0,100.0
ziri,gwo,gwo_v0,6.64,8.14,3.56,bifemsh_r,Biceps femoris SH,0.0001450784681423853,16.992078517274706,0.7914452019864576,0.0008538005988784347,0.0007056688339378836,3.80948359831994e-05,100.0,100.0
ziri,gwo,gwo_v1,38.32,39.82,4.08,glut_med1_r,Glut. medius,0.011464901076507923,52.35203587410094,0.5657779197387464,0.02189962794203333,0.07425290835623692,0.005350222741780291,1.0,5.0
ziri,gwo,gwo_v1,38.32,39.82,4.08,rect_fem_r,Rect. femoris,0.03377474351893447,121.41566814602132,0.23566054604417197,0.02781745060968166,0.15084550165210775,-0.02361220318634133,27.0,25.0
ziri,gwo,gwo_v1,38.32,39.82,4.08,vas_lat_r,Vast. lateralis,0.01495399357263888,337.0427785816807,0.5736430757366271,0.0044368236090288615,0.07174159844383161,-0.009289204755843298,98.0,44.0
ziri,gwo,gwo_v1,38.32,39.82,4.08,tib_ant_r,Tib. anterior,0.01198323436363672,87.47961642188977,0.38045736509123307,0.013698316080679784,0.05117974402551062,-0.0017475355985226333,0.0,6.0
ziri,gwo,gwo_v1,38.32,39.82,4.08,soleus_r,Soleus,0.010428621995187076,53.37540879291222,0.3726668077547799,0.019538252223319563,0.04669615389416604,-0.0019891569634949676,98.0,98.0
ziri,gwo,gwo_v1,38.32,39.82,4.08,med_gas_r,Med. gastrocnemius,0.010917676808557661,60.8059469106496,0.3765682094715743,0.01795494908516182,0.048895812008753814,-0.0009937614970474743,48.0,98.0
ziri,gwo,gwo_v1,38.32,39.82,4.08,semimem_r,Semimembranosus,0.025296177512595868,82.3814653875377,0.4585062127566514,0.030706151430540785,0.09517308360436244,0.020211364021070145,59.0,13.0
ziri,gwo,gwo_v1,38.32,39.82,4.08,semiten_r,Semitendinosus,0.03138046240389945,95.59120117117787,0.41602978200958485,0.032827772869707506,0.11464020390120627,0.02421069624881516,59.0,13.0
ziri,gwo,gwo_v1,38.32,39.82,4.08,bifemlh_r,Biceps femoris LH,0.03251211430785933,90.71269265286118,0.37967915791384615,0.035840755419174364,0.12480522216024931,0.024669905670495526,59.0,13.0
ziri,gwo,gwo_v1,38.32,39.82,4.08,bifemsh_r,Biceps femoris SH,0.003576918693571803,145.70080942086085,0.15307540293470023,0.002454975169863177,0.016610979191666736,0.002682014898093447,40.0,38.0
ziri,gwo,gwo_v2,69.33,70.83,4.6,glut_med1_r,Glut. medius,0.007284424436624226,34.20979632915145,0.7390436182250496,0.021293387328403635,0.03727681335238196,0.004134330272053196,94.0,34.0
ziri,gwo,gwo_v2,69.33,70.83,4.6,rect_fem_r,Rect. femoris,0.019447941618673668,69.48262667896185,0.7348668248461788,0.027989646546511704,0.03465743925537107,-0.017899084153914006,61.0,76.0
ziri,gwo,gwo_v2,69.33,70.83,4.6,vas_lat_r,Vast. lateralis,0.010583788489915799,271.11917357073935,0.49482802619296845,0.003903740318518756,0.046745961415263604,-0.006606459736110838,50.0,76.0
ziri,gwo,gwo_v2,69.33,70.83,4.6,tib_ant_r,Tib. anterior,0.010052140602700384,72.38890520034813,0.23051262122074928,0.013886300082698366,0.04987587273494826,-0.0027705934273249367,29.0,39.0
ziri,gwo,gwo_v2,69.33,70.83,4.6,soleus_r,Soleus,0.0064857182550644476,34.796965655552434,0.4487927126613314,0.018638746605853962,0.043613924355459244,-0.0004330556727575,80.0,81.0
ziri,gwo,gwo_v2,69.33,70.83,4.6,med_gas_r,Med. gastrocnemius,0.007937090862006151,43.859581792359066,0.35295839116756356,0.018096594946076072,0.04571505439504042,0.00012854173649706207,6.0,14.0
ziri,gwo,gwo_v2,69.33,70.83,4.6,semimem_r,Semimembranosus,0.017598848901736353,56.55098524798117,0.802127540974962,0.031120322350819907,0.04627061507970054,0.016022934555696092,92.0,39.0
ziri,gwo,gwo_v2,69.33,70.83,4.6,semiten_r,Semitendinosus,0.022097709975354877,66.72931113902419,0.6929714587153305,0.03311544746703049,0.06084882449576573,0.01932696491333968,92.0,39.0
ziri,gwo,gwo_v2,69.33,70.83,4.6,bifemlh_r,Biceps femoris LH,0.02218063090438538,61.343260238310194,0.707079751631014,0.036158219856943785,0.055151819574799255,0.01951647723297052,92.0,39.0
ziri,gwo,gwo_v2,69.33,70.83,4.6,bifemsh_r,Biceps femoris SH,0.004009380971734939,187.94427498016515,0.1345343217346111,0.002133281778419732,0.017417908998231757,0.002357420916556566,72.0,72.0
ziri,rd,rd_correct,33.891,35.391,,glut_med1_r,Glut. medius,0.014981791518572854,668.8582766532312,0.5738484653006405,0.002239905229780112,0.003900172526043799,-0.014950187365236227,38.0,56.0
ziri,rd,rd_correct,33.891,35.391,,rect_fem_r,Rect. femoris,0.0011895198166333863,19.453537791153053,0.9436718595025508,0.006114670911808895,0.006462592063325612,0.0010196403027011099,93.0,100.0
ziri,rd,rd_correct,33.891,35.391,,vas_lat_r,Vast. lateralis,0.006131274552796975,103.12165811110101,0.947921000688311,0.0059456710308044836,0.005679218943971914,0.006108462245299983,95.0,100.0
ziri,rd,rd_correct,33.891,35.391,,tib_ant_r,Tib. anterior,0.004946293373663317,25.956142051666152,0.9421486633466496,0.019056350376791875,0.012439286512774261,0.0036550868126725942,94.0,0.0
ziri,rd,rd_correct,33.891,35.391,,soleus_r,Soleus,0.0028051606209460807,16.56738224164565,0.9657066752108951,0.016931827732535265,0.012694523744768427,-0.0017432579253518767,43.0,58.0
ziri,rd,rd_correct,33.891,35.391,,med_gas_r,Med. gastrocnemius,0.0035911461006416985,19.928173114156937,0.9671534494217972,0.01802044813676651,0.013137482638558184,-0.002708897311437785,61.0,58.0
ziri,rd,rd_correct,33.891,35.391,,semimem_r,Semimembranosus,0.005080963641765489,216.2042238179793,0.8735946772652674,0.0023500760309119184,0.0028797433254509897,0.0050603651647283705,0.0,0.0
ziri,rd,rd_correct,33.891,35.391,,semiten_r,Semitendinosus,0.006729698782306148,216.1539164790579,0.8901253481172844,0.0031133827653583857,0.003895207561254721,0.006704505290903261,0.0,0.0
ziri,rd,rd_correct,33.891,35.391,,bifemlh_r,Biceps femoris LH,0.008506863482926216,269.74326543044594,0.8820277155447216,0.003153688923188236,0.004182771127150597,0.008481623749725014,0.0,0.0
ziri,rd,rd_correct,33.891,35.391,,bifemsh_r,Biceps femoris SH,0.00034441625088937585,147.70850749992152,0.9475208779158251,0.00023317292735461348,0.00042767981102764807,-0.0003392223243729019,20.0,20.0
ziri,rd,rd_toes,71.163,72.663,,glut_med1_r,Glut. medius,0.015410022620051006,640.217614433129,0.9384194615387971,0.002406997600916616,0.0041229316294269375,-0.015403088454053988,91.0,100.0
ziri,rd,rd_toes,71.163,72.663,,rect_fem_r,Rect. femoris,0.0031818738704706916,109.57922704056793,0.40219337935705046,0.0029037199443766037,0.0031647531175296173,0.0030560010812570966,4.0,26.0
ziri,rd,rd_toes,71.163,72.663,,vas_lat_r,Vast. lateralis,0.007565009445653583,209.7971441638036,0.8702300527999177,0.003605868647929278,0.0033098508637751933,0.007544439588713175,4.0,28.0
ziri,rd,rd_toes,71.163,72.663,,tib_ant_r,Tib. anterior,0.006050466075094846,32.24559571146294,0.9532134050995431,0.018763697620087616,0.010875124842905703,0.005497181751309565,5.0,43.0
ziri,rd,rd_toes,71.163,72.663,,soleus_r,Soleus,0.00345347880894878,21.874059298120095,0.9696529577387533,0.01578801063799612,0.011454959351222982,-0.0030549011143026416,92.0,88.0
ziri,rd,rd_toes,71.163,72.663,,med_gas_r,Med. gastrocnemius,0.004629549563113695,27.62474741177283,0.9679711759769055,0.016758703687334786,0.012091133078513672,-0.004295225900104077,92.0,88.0
ziri,rd,rd_toes,71.163,72.663,,semimem_r,Semimembranosus,0.004129771576065528,213.65627640186702,0.4563898308708295,0.0019329044040334309,0.0005632280053777805,0.004089808986858727,67.0,66.0
ziri,rd,rd_toes,71.163,72.663,,semiten_r,Semitendinosus,0.005642558700557436,211.09337208008822,0.7729689114905776,0.002673015568871895,0.001049338583475945,0.005601086842926349,67.0,0.0
ziri,rd,rd_toes,71.163,72.663,,bifemlh_r,Biceps femoris LH,0.007201033889818826,290.8239916312641,0.3871481844844232,0.0024760797241752397,0.001068079691092294,0.007167475905954983,67.0,0.0
ziri,rd,rd_toes,71.163,72.663,,bifemsh_r,Biceps femoris SH,0.0003521702386026431,488.2576496031056,0.7950083500492925,7.212795107028325e-05,0.0002290531209051816,-0.00034639035801661833,68.0,88.0
ziri,rd,rd_supination,132.595,134.095,,glut_med1_r,Glut. medius,0.013200672034560728,602.1954206818234,0.8850219177365403,0.002192091068977997,0.004183298568516111,-0.013177866019431807,69.0,90.0
ziri,rd,rd_supination,132.595,134.095,,rect_fem_r,Rect. femoris,0.003524067143961074,33.65728371577015,0.98761865574117,0.010470444298836479,0.008218217827015428,0.0033309456030554156,96.0,96.0
ziri,rd,rd_supination,132.595,134.095,,vas_lat_r,Vast. lateralis,0.00914676207877064,115.45616811510851,0.9698571420456376,0.007922281007673337,0.006707227878502975,0.009109236988198394,96.0,81.0
ziri,rd,rd_supination,132.595,134.095,,tib_ant_r,Tib. anterior,0.0071090894657634485,55.79108992541018,0.9223747049659137,0.012742338382827678,0.01030264623889865,0.0067206366711726005,23.0,26.0
ziri,rd,rd_supination,132.595,134.095,,soleus_r,Soleus,0.0029734504438461294,24.688496643832366,0.9749977212747168,0.012043870012591273,0.01053674803205501,-0.0026121380547279877,100.0,97.0
ziri,rd,rd_supination,132.595,134.095,,med_gas_r,Med. gastrocnemius,0.0045609074381934185,41.831658511021445,0.9651274333616124,0.010903004089574286,0.010190470455180456,-0.004315315251116103,100.0,97.0
ziri,rd,rd_supination,132.595,134.095,,semimem_r,Semimembranosus,0.004082636167357701,92.9908665743673,0.9631678898161011,0.004390362535327819,0.0034151533108811027,0.004005403054224391,4.0,0.0
ziri,rd,rd_supination,132.595,134.095,,semiten_r,Semitendinosus,0.0056815742562667465,78.46856683722758,0.9734316907226103,0.007240573500026326,0.006094021058823895,0.005590304365486264,4.0,0.0
ziri,rd,rd_supination,132.595,134.095,,bifemlh_r,Biceps femoris LH,0.006098232857823787,110.01350421730336,0.9705362336520729,0.0055431675422121796,0.004119292238194239,0.006008935299931904,3.0,0.0
ziri,rd,rd_supination,132.595,134.095,,bifemsh_r,Biceps femoris SH,0.00037417164662698803,342.27736478060245,0.7090648085359298,0.00010931825622381708,0.0004664932111913267,-0.0003408935575712276,48.0,0.0
ziri,rd,rd_pronation,188.138,189.638,,glut_med1_r,Glut. medius,0.028200370847635263,1543.0046097879433,0.4481941566470052,0.0018276271288334561,0.03675492777417226,-0.027859859956085035,45.0,12.0
ziri,rd,rd_pronation,188.138,189.638,,rect_fem_r,Rect. femoris,0.02705366201961236,412.8319919955484,-0.6144310603983673,0.006553189322571706,0.07723667481901533,-0.012050570985995374,15.0,18.0
ziri,rd,rd_pronation,188.138,189.638,,vas_lat_r,Vast. lateralis,0.005306587462449122,95.7185940199474,-0.5157733925404014,0.005543946311354353,0.011884248931018387,0.0032503827588714384,14.0,19.0
ziri,rd,rd_pronation,188.138,189.638,,tib_ant_r,Tib. anterior,0.005557675353983969,22.38055326352936,0.9862227721852976,0.024832609312838483,0.016876742275570844,-0.0050929036153697605,19.0,15.0
ziri,rd,rd_pronation,188.138,189.638,,soleus_r,Soleus,0.003005381712906743,17.208870867648372,0.9951634861091032,0.017464142395052062,0.01422904825012039,0.0027036353187407745,86.0,80.0
ziri,rd,rd_pronation,188.138,189.638,,med_gas_r,Med. gastrocnemius,0.003093182934750374,16.494046120940105,0.9921426994182674,0.018753330214248687,0.015041749842201912,0.00251119783306852,86.0,80.0
ziri,rd,rd_pronation,188.138,189.638,,semimem_r,Semimembranosus,0.02501721421689862,977.1971333509744,-0.09836690873842316,0.0025600990182104155,0.06071091526340738,0.016853965613108996,100.0,0.0
ziri,rd,rd_pronation,188.138,189.638,,semiten_r,Semitendinosus,0.03461361856799601,862.0635233478566,-0.09763986494565267,0.004015205101542019,0.08433719454878402,0.02314535758888185,100.0,0.0
ziri,rd,rd_pronation,188.138,189.638,,bifemlh_r,Biceps femoris LH,0.030188761499920707,1139.849127948844,-0.2837164805349623,0.00264848748485208,0.06410859576180417,0.0229689179199142,100.0,0.0
ziri,rd,rd_pronation,188.138,189.638,,bifemsh_r,Biceps femoris SH,0.0001981213161633317,106.27240273190279,-0.28660534496613677,0.00018642781293196076,0.0003897692444424783,-0.00014870967586340776,100.0,10.0
ziri,rgs,rgs_correct,36.636,38.136,,glut_med1_r,Glut. medius,0.008241988713087777,71.78691798523452,0.6862144085217231,0.011481184795791105,0.01676855470712066,-0.007652283912804556,99.0,100.0
ziri,rgs,rgs_correct,36.636,38.136,,rect_fem_r,Rect. femoris,0.02589943124953615,40.09455310222803,0.9107824036777884,0.06459588459185728,0.07001697933496132,-0.02445196090284516,100.0,100.0
ziri,rgs,rgs_correct,36.636,38.136,,vas_lat_r,Vast. lateralis,0.00915493035830921,17.421189984419023,0.9795056404300824,0.05255054543631692,0.047029486145136135,-0.007395281152356947,100.0,98.0
ziri,rgs,rgs_correct,36.636,38.136,,tib_ant_r,Tib. anterior,0.007028636805362698,28.047019932733964,0.9690012609589662,0.02506019114408481,0.014386506924686293,-0.0054999527584162974,77.0,78.0
ziri,rgs,rgs_correct,36.636,38.136,,soleus_r,Soleus,0.002289971386988042,10.943168810373502,0.967587788341122,0.020926035471711624,0.015058218586395555,-1.8403779828083466e-05,33.0,25.0
ziri,rgs,rgs_correct,36.636,38.136,,med_gas_r,Med. gastrocnemius,0.002330149200737809,8.021693085051524,0.9805257592166683,0.0290480971539544,0.021763649097696125,0.0006228698715571894,29.0,25.0
ziri,rgs,rgs_correct,36.636,38.136,,semimem_r,Semimembranosus,0.021078544982983418,49.921776275187106,0.9562066784489538,0.042223147002604156,0.05442317644426692,0.020150005352385675,43.0,50.0
ziri,rgs,rgs_correct,36.636,38.136,,semiten_r,Semitendinosus,0.027197238787235227,57.35145458758871,0.9523475949437833,0.04742205578360503,0.06358342341561712,0.026107606155102638,41.0,47.0
ziri,rgs,rgs_correct,36.636,38.136,,bifemlh_r,Biceps femoris LH,0.02669262569324449,54.7023648932064,0.9540090744426001,0.04879610917252958,0.06403344598320515,0.02584390742186719,40.0,47.0
ziri,rgs,rgs_correct,36.636,38.136,,bifemsh_r,Biceps femoris SH,0.0016359419975696557,35.168160666540295,0.639314249140435,0.004651770142548639,0.006878509169211677,2.7002066940230153e-05,46.0,55.0
ziri,rgs,rgs_flexion,147.861,149.361,,glut_med1_r,Glut. medius,0.009844195769650184,146.14426078732149,0.8166744628976578,0.00673594413945279,0.006265077793978585,-0.0097882427188202,62.0,87.0
ziri,rgs,rgs_flexion,147.861,149.361,,rect_fem_r,Rect. femoris,0.023018453883132926,51.2482460391582,0.7858838748058043,0.04491559353181529,0.03553972113541726,-0.021231622486119168,93.0,96.0
ziri,rgs,rgs_flexion,147.861,149.361,,vas_lat_r,Vast. lateralis,0.007577875147954538,23.103041837222065,0.7511788818376902,0.0328003351305263,0.022676558577539113,-0.001727130623274033,94.0,96.0
ziri,rgs,rgs_flexion,147.861,149.361,,tib_ant_r,Tib. anterior,0.004560842769777915,25.7311910679038,0.9831315575424058,0.01772495784490502,0.010848757170736578,-0.0031415673966627995,93.0,87.0
ziri,rgs,rgs_flexion,147.861,149.361,,soleus_r,Soleus,0.0024958890885685794,17.262367612235135,0.9825911950846492,0.01445855600247764,0.013062826021707385,0.0022057042558104776,0.0,0.0
ziri,rgs,rgs_flexion,147.861,149.361,,med_gas_r,Med. gastrocnemius,0.003598016579565958,16.87989893245155,0.9939228870579268,0.021315391721029697,0.017815276165195237,0.003130282827723754,23.0,0.0
ziri,rgs,rgs_flexion,147.861,149.361,,semimem_r,Semimembranosus,0.019750992634541203,43.614070752226425,0.9341604163832672,0.04528582701382661,0.046365815637263164,0.01876742124036034,56.0,62.0
ziri,rgs,rgs_flexion,147.861,149.361,,semiten_r,Semitendinosus,0.02586736919646505,49.67373495082194,0.9193050569721711,0.05207454044290066,0.051389467566307634,0.02483411076572048,52.0,60.0
ziri,rgs,rgs_flexion,147.861,149.361,,bifemlh_r,Biceps femoris LH,0.02517547528985808,50.98647498332547,0.896591079352189,0.049376771581270185,0.04622875854279235,0.02422581966406754,48.0,58.0
ziri,rgs,rgs_flexion,147.861,149.361,,bifemsh_r,Biceps femoris SH,0.0025150747567710186,17.74234848119995,0.9869182093788423,0.014175545922999022,0.017368165289931792,-0.0018308556010948902,66.0,80.0
ziri,rgs,rgs_abduction,260.622,262.122,,glut_med1_r,Glut. medius,0.005784027304959734,24.430743178297465,0.9837794311391891,0.023675199983674067,0.01845725930903419,-0.005167201521637467,79.0,83.0
ziri,rgs,rgs_abduction,260.622,262.122,,rect_fem_r,Rect. femoris,0.018719609472529763,82.18008057952892,0.8990635499513016,0.022778767482971807,0.033118904668733795,-0.01782998722518079,20.0,20.0
ziri,rgs,rgs_abduction,260.622,262.122,,vas_lat_r,Vast. lateralis,0.004439348293342443,17.57018666150372,0.9749419473758639,0.02526636955467898,0.02924247934983898,-0.0036381242439925414,67.0,50.0
ziri,rgs,rgs_abduction,260.622,262.122,,tib_ant_r,Tib. anterior,0.009117152591839275,29.028159191236497,0.966164206027402,0.03140795987708278,0.03215487266750294,-0.008548992251162402,88.0,82.0
ziri,rgs,rgs_abduction,260.622,262.122,,soleus_r,Soleus,0.005364290231846288,14.990672388316344,0.9894653149735579,0.035784186945658214,0.03405848889218699,0.005053163318689389,10.0,12.0
ziri,rgs,rgs_abduction,260.622,262.122,,med_gas_r,Med. gastrocnemius,0.004993675262804522,15.0982763628771,0.9791293011936953,0.03307447249464002,0.036629712669700054,0.004182655186548414,7.0,10.0
ziri,rgs,rgs_abduction,260.622,262.122,,semimem_r,Semimembranosus,0.017505925068540817,47.07248225348166,0.9765880295155633,0.03718929665589499,0.05465906880727056,0.016323942511709107,63.0,63.0
ziri,rgs,rgs_abduction,260.622,262.122,,semiten_r,Semitendinosus,0.02227710534712295,56.908074196753056,0.9607686317439885,0.039145772654513744,0.06138263643847547,0.02078571325592082,63.0,60.0
ziri,rgs,rgs_abduction,260.622,262.122,,bifemlh_r,Biceps femoris LH,0.0224284338801449,58.767255925309804,0.9704947727647992,0.03816484797018649,0.05694682141725349,0.02110323367829829,63.0,64.0
ziri,rgs,rgs_abduction,260.622,262.122,,bifemsh_r,Biceps femoris SH,0.0012437815172061455,25.947386856094155,0.9214341380460879,0.0047934750582177554,0.0040167548052870705,0.0011156726872708028,2.0,4.0
ziri,rgs,rgs_stork,368.337,369.837,,glut_med1_r,Glut. medius,0.007299856242287874,103.0834399393048,0.7021329935315245,0.007081502369911216,0.009809330469447791,-0.00687967024486897,98.0,100.0
ziri,rgs,rgs_stork,368.337,369.837,,rect_fem_r,Rect. femoris,0.010770550018200929,11.671849046184596,0.9835000429459548,0.09227800989871188,0.0895404807291883,-0.009882813411997754,0.0,0.0
ziri,rgs,rgs_stork,368.337,369.837,,vas_lat_r,Vast. lateralis,0.006978737683867549,18.11289097029743,0.9762625161318529,0.0385291210293911,0.0469774786890927,0.00541488124618151,68.0,70.0
ziri,rgs,rgs_stork,368.337,369.837,,tib_ant_r,Tib. anterior,0.0019294680180786182,5.4940257403235275,0.9897386068590889,0.03511938438724893,0.029995544205502878,0.0004258831296861956,100.0,98.0
ziri,rgs,rgs_stork,368.337,369.837,,soleus_r,Soleus,0.001883114131551179,5.08281172502166,0.9891320413748033,0.037048669780172794,0.0351986874604327,0.00015779370357770503,2.0,0.0
ziri,rgs,rgs_stork,368.337,369.837,,med_gas_r,Med. gastrocnemius,0.0017289060599032086,5.002772744772097,0.9884035238743115,0.03455895656483532,0.033148950497081775,-1.19100031861906e-05,10.0,9.0
ziri,rgs,rgs_stork,368.337,369.837,,semimem_r,Semimembranosus,0.01152465907690456,16.96426916686216,0.9836902500930776,0.06793489871887154,0.0616575077595965,0.01005709104637076,99.0,100.0
ziri,rgs,rgs_stork,368.337,369.837,,semiten_r,Semitendinosus,0.015846032921498967,18.52870774907699,0.9847950925398496,0.08552152225666326,0.07964587346418817,0.014308874295641153,98.0,100.0
ziri,rgs,rgs_stork,368.337,369.837,,bifemlh_r,Biceps femoris LH,0.015163871199332966,16.91946517602733,0.9892041397239453,0.08962382109345979,0.08351141600332873,0.013693081183645359,97.0,100.0
ziri,rgs,rgs_stork,368.337,369.837,,bifemsh_r,Biceps femoris SH,0.0037886022490880135,13.868953280957944,0.9912537979489698,0.027317146235467965,0.03198835932919164,-0.003264231305663943,2.0,2.0
