subject,task,segment_label,start_s,end_s,velocity_kmh,coordinate,rmse_deg,nrmse_pct_of_imu_rom,corr,imu_rom_deg,omc_rom_deg,mean_bias_deg
austra,ng,ng_v0,200.59,202.09,3.54,pelvis_tilt,12.299369827705702,193.54422545258825,0.36541390951036223,6.3548110510373395,42.58174301,-6.1535759267223
austra,ng,ng_v0,200.59,202.09,3.54,pelvis_list,17.075655946577005,343.1595537633057,-0.11594014966688504,4.976010651405304,56.64640566,6.464091932576892
austra,ng,ng_v0,200.59,202.09,3.54,pelvis_rotation,14.4231155989657,156.82008468167453,-0.0327538703167824,9.197237476464096,43.06614279,-7.229019200993963
austra,ng,ng_v0,200.59,202.09,3.54,hip_flexion_r,30.158795376473805,78.53328469774824,0.07725663467239142,38.40256458461687,101.90057311000001,-6.170170925416371
austra,ng,ng_v0,200.59,202.09,3.54,hip_adduction_r,26.746798258870186,235.36126552388527,0.41604873246235746,11.364146177296888,40.353202859999996,24.858855433534814
austra,ng,ng_v0,200.59,202.09,3.54,hip_rotation_r,25.239194883794983,117.80321870625603,-0.27014112299219073,21.424877147651856,88.56186166,5.965885978070492
austra,ng,ng_v0,200.59,202.09,3.54,knee_angle_r,19.0833674050095,23.590897357146023,0.8373764312988119,80.89292711550404,58.52373858,-11.016373140223001
austra,ng,ng_v0,200.59,202.09,3.54,ankle_angle_r,6.7646041750971335,18.86254255158118,0.8502519895739478,35.86263175602529,26.724176739999997,5.42872061138675
austra,ng,ng_v0,200.59,202.09,3.54,hip_flexion_l,23.43050099214026,61.17690198839113,0.8290318961672076,38.29958731252264,100.07323955,13.685301708153075
austra,ng,ng_v0,200.59,202.09,3.54,hip_adduction_l,11.422475340131118,91.64068740498135,0.585371123008917,12.464414730601664,41.97396967,-3.705734568970351
austra,ng,ng_v0,200.59,202.09,3.54,hip_rotation_l,17.289616459229517,74.25093161762783,-0.05226470347452502,23.28538657032124,61.41275957,-1.563789345544908
austra,ng,ng_v0,200.59,202.09,3.54,knee_angle_l,9.511157822945226,16.10160662267183,0.954960052319796,59.069619857393995,80.36999656,6.367821695744137
austra,ng,ng_v0,200.59,202.09,3.54,ankle_angle_l,4.493345739734578,9.618024396036716,0.957064162716083,46.71796987317005,34.50980062,3.6255733502835854
austra,ng,ng_v1,270.55,272.05,4.02,pelvis_tilt,10.71688064212291,178.12704586065396,-0.03851825605644371,6.016425293723536,40.133916060000004,-4.649017556171875
austra,ng,ng_v1,270.55,272.05,4.02,pelvis_list,12.834252376077773,258.7994163244675,0.25501994240399606,4.959150433317416,54.573379349999996,3.6322568184770394
austra,ng,ng_v1,270.55,272.05,4.02,pelvis_rotation,10.055096152531897,94.24903685278363,0.31957569592873686,10.668646055490084,40.46765844,-5.078122184330445
austra,ng,ng_v1,270.55,272.05,4.02,hip_flexion_r,24.801063422556883,56.76121474409157,0.23812691046864842,43.69367980296527,103.63164017,-7.5963727898936435
austra,ng,ng_v1,270.55,272.05,4.02,hip_adduction_r,15.43436096898566,74.92366348359532,0.3858917289700054,20.600115172378143,36.63571461,13.30655458736445
austra,ng,ng_v1,270.55,272.05,4.02,hip_rotation_r,25.162739650901635,115.57952815270743,-0.181652844948482,21.770931282619365,77.00508425,15.476742127073823
austra,ng,ng_v1,270.55,272.05,4.02,knee_angle_r,160.55702247236573,246.33779540282518,0.9053586807331607,65.17758357373216,90.39702324999999,160.23871398902088
austra,ng,ng_v1,270.55,272.05,4.02,ankle_angle_r,5.526852460905553,26.177978036466833,0.57316633722549,21.112602559320877,23.39926743,-0.11819183954693728
austra,ng,ng_v1,270.55,272.05,4.02,hip_flexion_l,19.645526825018923,50.42707780582234,0.8182201486842481,38.95828923632501,100.74873932999999,9.85947285508815
austra,ng,ng_v1,270.55,272.05,4.02,hip_adduction_l,9.75052136891636,76.80929025817068,0.3440170401172712,12.69445575677499,40.66741257,-2.340207316950456
austra,ng,ng_v1,270.55,272.05,4.02,hip_rotation_l,11.921125003556632,49.495673970318556,0.32246764358483804,24.085185728969897,65.6530376,-0.4840479546096624
austra,ng,ng_v1,270.55,272.05,4.02,knee_angle_l,8.149564566447607,14.290748795333036,0.9450691756115801,57.0268548076993,75.41813121999999,4.529912292417036
austra,ng,ng_v1,270.55,272.05,4.02,ankle_angle_l,4.9818118211520295,13.377950632160712,0.9633077409388741,37.23897596972521,26.686029230000003,4.103517519166306
austra,ng,ng_v2,340.01,341.51,4.46,pelvis_tilt,12.83229364298125,186.37537937196157,-0.08857020594384071,6.885187134815162,36.64120672,-0.7108491630105047
austra,ng,ng_v2,340.01,341.51,4.46,pelvis_list,24.530195383762187,333.673155161735,0.10248210440987533,7.351563949419946,27.022044400000002,22.758847037138437
austra,ng,ng_v2,340.01,341.51,4.46,pelvis_rotation,135.05445439232975,1748.7905647572588,-0.3233004574765118,7.722734620945076,44.62920998,-134.11645912927634
austra,ng,ng_v2,340.01,341.51,4.46,hip_flexion_r,68.94393155804242,153.47371735157301,-0.8454791694948562,44.92230510068882,91.13761175,-55.01759538306323
austra,ng,ng_v2,340.01,341.51,4.46,hip_adduction_r,82.03238973960251,409.604216181113,0.5323373955971615,20.027232752733823,44.284720029999995,80.9171138541043
austra,ng,ng_v2,340.01,341.51,4.46,hip_rotation_r,158.58477761225498,635.7057283838226,0.3651797798019278,24.94625587462154,149.20835633000002,155.8109963973456
austra,ng,ng_v2,340.01,341.51,4.46,knee_angle_r,205.74287236474632,303.57716873254395,0.7152425557575293,67.7728411605317,115.40269285999999,204.65086549836985
austra,ng,ng_v2,340.01,341.51,4.46,ankle_angle_r,20.102104296057476,85.41423441901289,0.7380929470569796,23.534841040011504,58.572867779999996,-15.457338343724581
austra,ng,ng_v2,340.01,341.51,4.46,hip_flexion_l,136.58645168266753,339.58077682760455,-0.9011995398694594,40.22207998894135,47.03493430000002,134.2052945247624
austra,ng,ng_v2,340.01,341.51,4.46,hip_adduction_l,170.05671018357285,1200.604768023278,0.24228069478903494,14.164254108665649,57.94348131999999,-168.4951284985629
austra,ng,ng_v2,340.01,341.51,4.46,hip_rotation_l,36.18607339502851,156.76410261569615,0.5107667519857757,23.08313752398908,66.36154932,31.901486545239855
austra,ng,ng_v2,340.01,341.51,4.46,knee_angle_l,84.77843306626204,137.74130384563682,0.6577866668057404,61.549027560586374,33.28097504,83.75515492779958
austra,ng,ng_v2,340.01,341.51,4.46,ankle_angle_l,15.344822136158882,40.68711926823093,0.7640139191517337,37.71420147737108,37.87581944,14.192382310294189
austra,gwo,gwo_v0,6.11,7.61,3.57,pelvis_tilt,1.5763349719818245,50.864195446046224,0.20045651754773802,3.099105290388224,4.35887129,0.9192241560778414
austra,gwo,gwo_v0,6.11,7.61,3.57,pelvis_list,1.399681722284981,25.898987546057732,0.9694543378711761,5.404387796225016,4.44690092,1.297385199625262
austra,gwo,gwo_v0,6.11,7.61,3.57,pelvis_rotation,0.8629962877217457,16.107325290102022,0.9198324773094566,5.357787666038249,3.28979764,0.29977989235861274
austra,gwo,gwo_v0,6.11,7.61,3.57,hip_flexion_r,1.40466529835831,13.524495027762908,0.9108299822500473,10.38608314376863,9.47354771,0.6800691882901458
austra,gwo,gwo_v0,6.11,7.61,3.57,hip_adduction_r,1.793334807696826,45.58366939001252,0.5436252647536745,3.934160702055613,3.4665513700000004,-1.52615746789227
austra,gwo,gwo_v0,6.11,7.61,3.57,hip_rotation_r,12.42075657949274,93.18113760113083,0.5350920020959827,13.3296897840642,16.00966399,11.597902846017833
austra,gwo,gwo_v0,6.11,7.61,3.57,knee_angle_r,3.8641348061200618,54.168506516195,0.9677593382256554,7.133545033154613,12.39858638,3.4799550433850874
austra,gwo,gwo_v0,6.11,7.61,3.57,ankle_angle_r,5.964834571184394,54.92720822320118,0.6945269301398652,10.859526205930226,9.328335239999998,5.679845015616946
austra,gwo,gwo_v0,6.11,7.61,3.57,hip_flexion_l,1.6479984957736127,13.090873488013957,0.9026485380107412,12.588911635900576,13.3435555,0.7098185744343835
austra,gwo,gwo_v0,6.11,7.61,3.57,hip_adduction_l,1.9170276770971098,32.194640386577724,0.6892906452220044,5.95449321402061,4.1344298,1.5322495918181904
austra,gwo,gwo_v0,6.11,7.61,3.57,hip_rotation_l,7.366612746346975,79.46343451062073,0.28821404113714244,9.27044343315212,4.95619977,6.914555832576388
austra,gwo,gwo_v0,6.11,7.61,3.57,knee_angle_l,1.1946539857226954,11.844200849317028,0.9283082681111955,10.086404316519022,10.5942751,0.7543839362751833
austra,gwo,gwo_v0,6.11,7.61,3.57,ankle_angle_l,2.063526987121345,21.106413662553898,0.8057916070914879,9.776776955633949,5.875978249999999,1.645900828577523
austra,gwo,gwo_v1,37.63,39.13,4.05,pelvis_tilt,7.973787751294745,83.70010413355521,0.09678193790092246,9.526616285412803,42.05333909,-3.733250270723739
austra,gwo,gwo_v1,37.63,39.13,4.05,pelvis_list,14.05369689305573,267.09189085257907,0.053993587768261485,5.261746003667572,59.34792096,3.3018633889265923
austra,gwo,gwo_v1,37.63,39.13,4.05,pelvis_rotation,7.441860897606875,50.82998388186362,0.32763615566291343,14.640691043504672,39.99501149,-0.7856233233301024
austra,gwo,gwo_v1,37.63,39.13,4.05,hip_flexion_r,19.002799866910635,49.96838448413211,0.7587394631860602,38.02964627152422,107.28886395,7.804326485391522
austra,gwo,gwo_v1,37.63,39.13,4.05,hip_adduction_r,5.207098166724147,56.346246884316805,0.7870748150968282,9.241251111923605,29.47615598,0.34982273028456484
austra,gwo,gwo_v1,37.63,39.13,4.05,hip_rotation_r,25.33775219627898,155.09278403756,0.17608134923684338,16.33715736906415,85.14787983,17.506372779006615
austra,gwo,gwo_v1,37.63,39.13,4.05,knee_angle_r,6.293844766109456,70.88124981779444,0.45145362564591207,8.879421260613004,40.50797037,2.473172669713618
austra,gwo,gwo_v1,37.63,39.13,4.05,ankle_angle_r,4.821493533133231,23.235527782178117,0.7045346935308314,20.750522985027114,31.804315180000003,0.5133891440005021
austra,gwo,gwo_v1,37.63,39.13,4.05,hip_flexion_l,17.920826358934747,46.462837010261815,0.4019462145424798,38.57023701539521,96.4752297,8.898694194571457
austra,gwo,gwo_v1,37.63,39.13,4.05,hip_adduction_l,5.81482835380354,68.50877909043692,0.37870036153979153,8.487712715077748,44.943596490000004,-0.6174255545793504
austra,gwo,gwo_v1,37.63,39.13,4.05,hip_rotation_l,17.134248666207135,86.78651437964422,-0.026626375222327456,19.74298517308119,71.77748231999999,6.029353592298317
austra,gwo,gwo_v1,37.63,39.13,4.05,knee_angle_l,6.429440488334069,12.30739830359421,0.9228097522376133,52.240451878903094,53.15853799,2.3130126981653327
austra,gwo,gwo_v1,37.63,39.13,4.05,ankle_angle_l,5.528201309071473,15.874276293588082,0.6945265970114616,34.82490292363386,39.22587408,2.665181958039345
austra,gwo,gwo_v2,67.68,69.18,4.57,pelvis_tilt,9.51218655251419,96.30111508759207,0.21736408285479947,9.877545596291636,55.60141049,-2.2651730217996824
austra,gwo,gwo_v2,67.68,69.18,4.57,pelvis_list,10.067102875357952,171.191178111175,0.35447455955101087,5.880620126826964,56.14004766,2.272567838606754
austra,gwo,gwo_v2,67.68,69.18,4.57,pelvis_rotation,4.488190574075534,35.25353324185274,0.6753875252004687,12.73117943465362,34.53438075,0.24119783234072792
austra,gwo,gwo_v2,67.68,69.18,4.57,hip_flexion_r,21.353863401126343,60.748569635336324,0.2663804260038555,35.151220068735896,108.0180536,6.18731303189203
austra,gwo,gwo_v2,67.68,69.18,4.57,hip_adduction_r,3.905551746937966,53.560979021916445,0.634747379831435,7.2917855839413726,20.94608327,-0.8983743249258977
austra,gwo,gwo_v2,67.68,69.18,4.57,hip_rotation_r,23.385798340347552,128.16805477332466,0.1539191070906182,18.246199009345336,83.44843877,18.05264298961873
austra,gwo,gwo_v2,67.68,69.18,4.57,knee_angle_r,9.815761275508795,96.50739125845058,0.5842362383522856,10.170994311950471,61.0029615,3.7602483468308656
austra,gwo,gwo_v2,67.68,69.18,4.57,ankle_angle_r,4.4961108625974875,25.659141276859714,0.6919793341040641,17.522452579705902,20.87663564,3.17215084190946
austra,gwo,gwo_v2,67.68,69.18,4.57,hip_flexion_l,14.779178575770125,37.08075914603137,0.7716519075819458,39.856731405003856,104.92504954,6.345209622890818
austra,gwo,gwo_v2,67.68,69.18,4.57,hip_adduction_l,6.036530441447451,55.0480929227133,0.4019774571559069,10.96592110815292,30.81358574,-1.9083876636989892
austra,gwo,gwo_v2,67.68,69.18,4.57,hip_rotation_l,12.087102694901183,71.6729870291098,0.24847994422858824,16.864237414846457,53.19189921,7.717619574001999
austra,gwo,gwo_v2,67.68,69.18,4.57,knee_angle_l,4.662051010915326,9.79353234760331,0.9557047578259399,47.60336562380611,46.754968590000004,2.4656885972820723
austra,gwo,gwo_v2,67.68,69.18,4.57,ankle_angle_l,2.895893244534175,12.13213396225576,0.8981253797360601,23.86961150893634,17.38563521,1.9905603199369102
austra,rd,rd_correct,49.252,50.752,,pelvis_tilt,43.35970061465022,2060.1234918935697,0.22195703295674957,2.1047136632957866,72.37847223,26.07375936785775
austra,rd,rd_correct,49.252,50.752,,pelvis_list,32.84966842556578,2952.252905308841,-0.18265920723232446,1.1126983181723489,46.703893810000004,-24.26831590827502
austra,rd,rd_correct,49.252,50.752,,pelvis_rotation,340.52886902347353,36180.90173232261,0.05806280748317081,0.9411840300244876,47.56414536,-339.83142449097136
austra,rd,rd_correct,49.252,50.752,,hip_flexion_r,137.00965917311893,4270.6971541112625,0.22432488246526763,3.208133338165272,125.85636901999999,-122.94203678255747
austra,rd,rd_correct,49.252,50.752,,hip_adduction_r,146.80559583456062,4918.549689328678,0.1347860648598619,2.9847334093842974,29.19524279999999,-146.23615385183157
austra,rd,rd_correct,49.252,50.752,,hip_rotation_r,126.10294038937123,2968.108574447231,0.30419312669330334,4.248595940020696,97.34695794999999,-118.03969099726652
austra,rd,rd_correct,49.252,50.752,,knee_angle_r,8.954897911328867,240.68176643321144,0.4789984403529944,3.7206382702089016,14.019883500000002,8.060315975187557
austra,rd,rd_correct,49.252,50.752,,ankle_angle_r,4.246542713164381,12.895755591511612,0.9975921848219512,32.92977044291679,28.182895339999998,3.5333921316765893
austra,rd,rd_correct,49.252,50.752,,hip_flexion_l,67.38689203584592,3578.1406983507322,0.16285435970187648,1.8832935235583794,109.81172287000001,42.56306485593538
austra,rd,rd_correct,49.252,50.752,,hip_adduction_l,50.108775708458495,4411.507603398602,-0.18951631113015574,1.1358651103730377,70.99627824,36.501493587716276
austra,rd,rd_correct,49.252,50.752,,hip_rotation_l,47.573668071102425,1677.7487420343004,0.1852824020819392,2.835565712504633,76.20637835000001,-31.390867396103094
austra,rd,rd_correct,49.252,50.752,,knee_angle_l,1.4543608918023028,85.14441095307988,0.2878682345336001,1.7081108149350523,3.8087524100000003,1.1420358886264306
austra,rd,rd_correct,49.252,50.752,,ankle_angle_l,1.554937361947316,96.89758511069063,0.5138125598905379,1.6047225120946393,4.76139345,1.008367205470269
austra,rd,rd_toes,89.211,90.711,,pelvis_tilt,25.21350005769735,688.8492096315496,0.5917183598520581,3.6602350275154563,75.47730631,1.6347307881888946
austra,rd,rd_toes,89.211,90.711,,pelvis_list,18.463927271625487,1059.8061357749104,-0.5003794103222402,1.7421985633367756,46.293558579999996,-9.118017734931616
austra,rd,rd_toes,89.211,90.711,,pelvis_rotation,353.36410787678375,21110.786730239353,-0.6356929956516946,1.6738557041581998,41.36153374,-353.0753030600784
austra,rd,rd_toes,89.211,90.711,,hip_flexion_r,46.95587646984686,1324.6014267195353,0.5910020515890138,3.544906076851831,130.75057334000002,14.854728729576848
austra,rd,rd_toes,89.211,90.711,,hip_adduction_r,12.735939340267631,482.1229008303419,-0.4194379555051404,2.641637499138292,29.773410819999995,-7.476057926273143
austra,rd,rd_toes,89.211,90.711,,hip_rotation_r,40.706050106592,1411.0649626068132,0.5621060161314418,2.88477505893076,101.71237690000001,22.615730934444894
austra,rd,rd_toes,89.211,90.711,,knee_angle_r,7.968704794484999,315.0475002582516,-0.380580791867185,2.5293661393767195,13.730598350000005,6.463888829970095
austra,rd,rd_toes,89.211,90.711,,ankle_angle_r,2.9585262836329638,10.719244271385996,0.9662498960459746,27.60013867330618,22.82426186,0.22767903217111202
austra,rd,rd_toes,89.211,90.711,,hip_flexion_l,37.00454218631004,1044.3543994393858,0.5959990230058956,3.5432935607083427,109.52110403,5.966868696199178
austra,rd,rd_toes,89.211,90.711,,hip_adduction_l,28.554768152167036,2361.113794473097,-0.45476383070971654,1.2093770414203724,73.55931278999999,12.61275680929138
austra,rd,rd_toes,89.211,90.711,,hip_rotation_l,25.325053936439904,680.6768726146936,0.5526615976982416,3.720569179786941,73.10669429000001,-8.762586506916334
austra,rd,rd_toes,89.211,90.711,,knee_angle_l,1.0736641341526143,30.773917521683547,0.5887904046348096,3.488877012151937,2.7627120000000005,0.2514982303019665
austra,rd,rd_toes,89.211,90.711,,ankle_angle_l,2.189181009907363,66.50502801096934,0.8732200338968055,3.2917526319157098,5.32455826,2.0592791958426866
austra,rd,rd_supination,126.065,127.565,,pelvis_tilt,24.90357377997187,1323.8742339468156,0.28679246695189264,1.8811132614710537,72.0002169,3.7617133440233492
austra,rd,rd_supination,126.065,127.565,,pelvis_list,19.840859190305466,1415.117779513238,-0.3300079989898972,1.4020641587253735,49.15451486,-10.359573338274096
austra,rd,rd_supination,126.065,127.565,,pelvis_rotation,352.5663459524132,39028.16526909924,-0.3177585562962443,0.9033638745799806,44.86386701000001,-352.2202163613699
austra,rd,rd_supination,126.065,127.565,,hip_flexion_r,113.40425914660308,5437.374083726145,-0.8281877032615773,2.0856438678004103,175.40918795,-79.4283171685467
austra,rd,rd_supination,126.065,127.565,,hip_adduction_r,107.10200594071881,6054.629455987416,0.8989899405524374,1.7689275077735065,151.80437756999999,-80.38650447117102
austra,rd,rd_supination,126.065,127.565,,hip_rotation_r,105.47122047131245,879.952491278009,0.8820100101803956,11.986013053742269,179.72948803999998,-72.61813010940178
austra,rd,rd_supination,126.065,127.565,,knee_angle_r,8.35731396136648,338.4612257631058,0.49192221139873166,2.469208678933253,22.789366240000003,5.9145253286891215
austra,rd,rd_supination,126.065,127.565,,ankle_angle_r,6.930009193401872,47.40230973166309,0.9910540391934988,14.619560170446437,19.9705135,6.493828660411892
austra,rd,rd_supination,126.065,127.565,,hip_flexion_l,36.72854194904205,1900.6840946842053,0.2766511719299514,1.9323854001705851,107.62479371999999,8.826321621880684
austra,rd,rd_supination,126.065,127.565,,hip_adduction_l,30.341247495821946,1667.8567652524769,-0.304786274390634,1.8191758505850437,75.32658694999999,15.09070707257535
austra,rd,rd_supination,126.065,127.565,,hip_rotation_l,24.697023628907026,942.6396497394574,0.24975460912398048,2.619985657905776,72.06758832,-8.804602704979313
austra,rd,rd_supination,126.065,127.565,,knee_angle_l,1.0945712484741523,89.40825881293524,-0.33674427202489826,1.2242395311201317,3.09524092,0.3504175596444125
austra,rd,rd_supination,126.065,127.565,,ankle_angle_l,1.8799530608511124,147.01982901366463,0.6583316140695515,1.2787071468273723,2.3839220899999987,1.8191635022874217
austra,rd,rd_pronation,171.044,172.44313,,pelvis_tilt,8.810533094905246,629.5381671285951,-0.33721257457238696,1.3995232624403418,3.964139580000001,-8.762233582220748
austra,rd,rd_pronation,171.044,172.44313,,pelvis_list,1.8331990639288411,213.9292233544072,0.5309183741213407,0.8569184869576514,1.5761034699999996,-1.8082591173742444
austra,rd,rd_pronation,171.044,172.44313,,pelvis_rotation,358.70637734938936,12881.176083889324,0.921039629096519,2.784733125401715,3.4924269299999935,-358.7061684072335
austra,rd,rd_pronation,171.044,172.44313,,hip_flexion_r,3.9991887865940527,181.29049183836403,-0.2562932618914271,2.2059561679382895,4.8777123599999985,-3.782353010064001
austra,rd,rd_pronation,171.044,172.44313,,hip_adduction_r,0.9102788620380755,44.243348129008055,0.9718665542275551,2.057436655525745,3.721239670000001,-0.6397187619560991
austra,rd,rd_pronation,171.044,172.44313,,hip_rotation_r,9.708616549690085,97.27056255424851,0.7802620798771251,9.98104287129574,5.797419549999997,9.532386360617211
austra,rd,rd_pronation,171.044,172.44313,,knee_angle_r,4.2899805429000235,85.07635730882724,0.9757408390911252,5.042506142249827,6.237331919999999,4.248524517544154
austra,rd,rd_pronation,171.044,172.44313,,ankle_angle_r,2.7074839046679755,11.476902709116253,0.9860271228800519,23.590719319397785,19.6577262,1.3406134995920596
austra,rd,rd_pronation,171.044,172.44313,,hip_flexion_l,9.362979307292399,1444.9965264088455,-0.29644146000437865,0.6479586030951641,5.8090282,-9.287513392533418
austra,rd,rd_pronation,171.044,172.44313,,hip_adduction_l,1.2526797396014404,124.56651003138968,-0.6014162983130743,1.0056312401188539,1.1642323,1.0998728731664982
austra,rd,rd_pronation,171.044,172.44313,,hip_rotation_l,3.705225846179283,157.75010762605496,0.6274838870127318,2.3487944965226166,6.690909589999999,3.5132074038616925
austra,rd,rd_pronation,171.044,172.44313,,knee_angle_l,0.4949130186911334,35.556658122605924,0.9106899512722499,1.3918997026789803,3.1132617099999997,-0.34206502661244864
austra,rd,rd_pronation,171.044,172.44313,,ankle_angle_l,2.687839205251986,198.44068864196385,0.8596308882494149,1.354479881946748,2.74522361,2.6704294720017074
austra,rgs,rgs_correct,11.935,13.435,,pelvis_tilt,475.6565588780178,9661.455009457497,-0.6197824389066318,4.923239392124712,729.1651385,-353.5643305391379
austra,rgs,rgs_correct,11.935,13.435,,pelvis_list,72.03903385560209,1145.1912266378567,0.32246453789239893,6.290568088536619,229.96820813,-38.503006793296336
austra,rgs,rgs_correct,11.935,13.435,,pelvis_rotation,476.30503739920647,6049.503482567603,-0.9682196888410104,7.87345670221926,764.01961062,-339.9417815431448
austra,rgs,rgs_correct,11.935,13.435,,hip_flexion_r,47.94617776200645,150.6987268396572,-0.010999877308697212,31.815914286403345,106.02986697,26.401033828404554
austra,rgs,rgs_correct,11.935,13.435,,hip_adduction_r,19.36869078917549,85.29769987893545,-0.3851498801097128,22.707166566819293,60.10355326,2.776386973449685
austra,rgs,rgs_correct,11.935,13.435,,hip_rotation_r,42.488616408313774,235.82937421470288,-0.22989548305565774,18.016676908802484,155.75588244,-2.420920959125452
austra,rgs,rgs_correct,11.935,13.435,,knee_angle_r,6.997375910025495,14.02962280574399,0.9791606180010871,49.8757237233822,70.93626464,5.819147085581433
austra,rgs,rgs_correct,11.935,13.435,,ankle_angle_r,3.722025357235497,26.251090007050397,0.6777653857426896,14.178555466595302,16.57832002,2.050732243462697
austra,rgs,rgs_correct,11.935,13.435,,hip_flexion_l,66.88421686226741,433.55601265826766,0.5863532037560576,15.426891776261925,138.69910345,35.10335289843802
austra,rgs,rgs_correct,11.935,13.435,,hip_adduction_l,6.142462139975416,119.81753099943934,0.04738634774880648,5.126513698570669,17.13927555,1.5222266364948773
austra,rgs,rgs_correct,11.935,13.435,,hip_rotation_l,64.17499173718953,707.9808941975032,-0.3401336771683818,9.064508980843604,139.44635053,44.97519246619099
austra,rgs,rgs_correct,11.935,13.435,,knee_angle_l,12.081758530790816,46.18684106121339,0.5139411670813869,26.15844308290828,40.324367349999996,8.393385927103095
austra,rgs,rgs_correct,11.935,13.435,,ankle_angle_l,5.70277697802976,14.539696181993527,0.8907633526882963,39.22211927022437,37.52946586,3.9226185695046847
austra,rgs,rgs_flexion,104.755,106.255,,pelvis_tilt,48.359254516219394,1842.2432131565486,0.7162747472828158,2.6250200934847987,123.91064551,-20.121875482573245
austra,rgs,rgs_flexion,104.755,106.255,,pelvis_list,66.48474106356197,1191.7956209399708,-0.2517253821337161,5.578535438074975,94.38648555,-56.811309969784844
austra,rgs,rgs_flexion,104.755,106.255,,pelvis_rotation,96.59446894224001,2400.3478443532495,0.48379789330165235,4.024186293227283,204.64991589,65.62339067439497
austra,rgs,rgs_flexion,104.755,106.255,,hip_flexion_r,103.77857004471863,361.8743149886985,0.44395241619172926,28.678070187976644,61.32252416,101.958155442914
austra,rgs,rgs_flexion,104.755,106.255,,hip_adduction_r,88.67089179230227,962.6431148982182,-0.368050948501546,9.211190566888082,221.67198234,-26.32623755090181
austra,rgs,rgs_flexion,104.755,106.255,,hip_rotation_r,60.602262223838345,678.0646172261531,0.6949197865880369,8.937534961159288,152.46629485,-31.951874716048742
austra,rgs,rgs_flexion,104.755,106.255,,knee_angle_r,28.66273421108411,65.77748643796546,0.6291872598681724,43.57529568740186,94.84361908,20.48850474522597
austra,rgs,rgs_flexion,104.755,106.255,,ankle_angle_r,3.8231445638592665,14.534375377086906,0.9214347516738526,26.304154562337523,33.984110189999996,-1.1126825284607385
austra,rgs,rgs_flexion,104.755,106.255,,hip_flexion_l,138.2872987489686,815.2363303243997,-0.48466800754467443,16.962847901287862,62.10426953999999,136.44748846850834
austra,rgs,rgs_flexion,104.755,106.255,,hip_adduction_l,64.9693279960535,1920.096385365022,-0.35246243175936337,3.3836493048604135,159.10799242000002,28.214031692305756
austra,rgs,rgs_flexion,104.755,106.255,,hip_rotation_l,97.87755514652311,1568.391063662412,-0.6028318542932738,6.240634584971771,124.14681417,88.29954970492078
austra,rgs,rgs_flexion,104.755,106.255,,knee_angle_l,40.342086411333035,1204.1930187410678,0.03643981179737505,3.35013455347125,46.683294059999994,36.34980406769981
austra,rgs,rgs_flexion,104.755,106.255,,ankle_angle_l,5.018784469127777,55.62827108014721,0.8120627082007296,9.022003329740183,23.91287462,-0.11291140875671159
austra,rgs,rgs_abduction,199.825,201.325,,pelvis_tilt,50.32991817483384,1009.606182211397,-0.5769044672805637,4.98510400011551,94.85355415999999,-29.93119297737588
austra,rgs,rgs_abduction,199.825,201.325,,pelvis_list,48.031435072016876,492.30780270588895,0.04282270541981599,9.756383061170265,85.23901019,-27.788882811209877
austra,rgs,rgs_abduction,199.825,201.325,,pelvis_rotation,16.983803135195707,449.7370656445161,-0.18988328346681288,3.776385010841011,40.49328766,-9.545059081561286
austra,rgs,rgs_abduction,199.825,201.325,,hip_flexion_r,69.31862966846406,417.4066179689622,0.45023688768938064,16.606979066541417,159.07196613000002,44.27581171092003
austra,rgs,rgs_abduction,199.825,201.325,,hip_adduction_r,26.35361281622015,120.01822669096431,0.1306337273812294,21.958008831507094,70.35166403,8.985805280281117
austra,rgs,rgs_abduction,199.825,201.325,,hip_rotation_r,40.39086200843132,305.0877695224641,0.23910168594473868,13.239095776160664,120.56612516000001,-12.167636690529662
austra,rgs,rgs_abduction,199.825,201.325,,knee_angle_r,14.186565159738716,50.34710244876458,0.83449922056391,28.177520591528754,74.76954099,8.577235934247982
austra,rgs,rgs_abduction,199.825,201.325,,ankle_angle_r,6.563504981196481,19.17658596637249,0.9425221771356043,34.226660536479514,35.52252488,5.151699820477416
austra,rgs,rgs_abduction,199.825,201.325,,hip_flexion_l,85.76001614546703,551.595908375091,-0.18238984224173005,15.547616442279576,155.43997787,56.861228459507906
austra,rgs,rgs_abduction,199.825,201.325,,hip_adduction_l,8.167615734073223,172.6808088824069,0.2419855888778707,4.729891982168818,24.17184127,-1.4328308418266986
austra,rgs,rgs_abduction,199.825,201.325,,hip_rotation_l,69.47026026209325,953.9761392808704,0.2347357096252287,7.282180067361177,97.47835222,53.57171950263581
austra,rgs,rgs_abduction,199.825,201.325,,knee_angle_l,19.55861954565939,875.2005766355575,0.7215385641287273,2.2347585305355437,63.02859381,14.141207378121804
austra,rgs,rgs_abduction,199.825,201.325,,ankle_angle_l,5.593285952770728,47.52206206214029,0.6936541320220251,11.769872160549125,22.683298049999998,2.861498517958249
austra,rgs,rgs_stork,297.931,299.431,,pelvis_tilt,95.05236117936153,2072.153853420437,0.7920745372383765,4.587128558164814,259.49654186,-45.23834131757415
austra,rgs,rgs_stork,297.931,299.431,,pelvis_list,72.82394458133966,623.3514807448174,0.6894107592918602,11.682645639074327,278.05084017,-35.70105564581071
austra,rgs,rgs_stork,297.931,299.431,,pelvis_rotation,79.30770640600926,1020.0621617620925,0.5489789557568345,7.7747915155494285,277.67962998,-33.93797258256739
austra,rgs,rgs_stork,297.931,299.431,,hip_flexion_r,44.661106423510894,72.42711307842931,0.8354249081553076,61.663518709006965,197.17100369,19.76726901503607
austra,rgs,rgs_stork,297.931,299.431,,hip_adduction_r,13.355620314585673,180.58728653879652,0.2805235671460386,7.395659224170476,96.95667297,-1.6567905824198426
austra,rgs,rgs_stork,297.931,299.431,,hip_rotation_r,34.65538727088802,267.342685766571,0.2021998760294316,12.96290832551417,162.5718022,5.484930412382322
austra,rgs,rgs_stork,297.931,299.431,,knee_angle_r,67.13356224128901,67.42866409878053,-0.1556530953752613,99.56234954164418,210.46021111,-27.164903311983498
austra,rgs,rgs_stork,297.931,299.431,,ankle_angle_r,3.152435973749451,7.9145619602609765,0.9899927243190864,39.83083321070497,50.16929098,1.525110659208628
austra,rgs,rgs_stork,297.931,299.431,,hip_flexion_l,67.45962024247432,831.6964722649957,-0.4502493805258038,8.111086495143903,156.62104131,34.85909705983538
austra,rgs,rgs_stork,297.931,299.431,,hip_adduction_l,10.998236073922714,122.24909940096083,0.1345354138358031,8.996578402471464,41.494013100000004,5.7697001506236125
austra,rgs,rgs_stork,297.931,299.431,,hip_rotation_l,62.41832544357653,595.2277736588097,-0.39878451680740024,10.48646051240131,169.00221059,40.68935068276153
austra,rgs,rgs_stork,297.931,299.431,,knee_angle_l,14.961121896712074,234.44340517042295,-0.11282289948784789,6.381549477084437,54.663779000000005,9.586721987386369
austra,rgs,rgs_stork,297.931,299.431,,ankle_angle_l,6.432746097297468,76.1202119476264,0.11124781063683514,8.450772708992773,22.60799212,4.4239025459671
darryl,ng,ng_v0,6.33,7.83,4.08,pelvis_tilt,1.7493594206653904,33.964111818562074,0.40949018041069,5.15061141598683,6.687077500000001,-0.21927650211213304
darryl,ng,ng_v0,6.33,7.83,4.08,pelvis_list,4.157605114733307,93.51664713043189,-0.6533546792375474,4.445844929549823,8.5806685,1.9651350505058396
darryl,ng,ng_v0,6.33,7.83,4.08,pelvis_rotation,0.9430232701827189,10.259635848072147,0.9768622125607165,9.191586174668366,12.030266509999999,-0.4066392211954241
darryl,ng,ng_v0,6.33,7.83,4.08,hip_flexion_r,2.720066581059405,10.637974407345135,0.9709022116974301,25.569403317809243,30.21787379,1.0744840947919736
darryl,ng,ng_v0,6.33,7.83,4.08,hip_adduction_r,4.543295098329736,56.40449055806589,0.8960865048019117,8.054846437541382,21.03361821,0.7377648055531265
darryl,ng,ng_v0,6.33,7.83,4.08,hip_rotation_r,11.243328745121593,132.8956070154917,0.7580955382452723,8.460271183991022,10.144093730000002,11.075426110236629
darryl,ng,ng_v0,6.33,7.83,4.08,knee_angle_r,3.394979146700751,6.489575601586446,0.9958386995222376,52.31434773440056,51.12756641,3.0112109182262405
darryl,ng,ng_v0,6.33,7.83,4.08,ankle_angle_r,5.621117778525493,22.90757680407506,0.6778886125269185,24.538247002736426,21.875407,-0.03155281150014402
darryl,ng,ng_v0,6.33,7.83,4.08,hip_flexion_l,4.679400522452464,20.058649955056893,0.9880636394955755,23.32859156990654,34.124375560000004,1.267086625865304
darryl,ng,ng_v0,6.33,7.83,4.08,hip_adduction_l,6.156519257519829,101.04468528202256,0.6262594050941949,6.0928679626608435,19.37469771,3.43062883810866
darryl,ng,ng_v0,6.33,7.83,4.08,hip_rotation_l,9.916528901219692,88.60035195104918,0.3396357545798207,11.192426082797592,4.020661609999999,9.539550701929516
darryl,ng,ng_v0,6.33,7.83,4.08,knee_angle_l,4.36069612861814,18.988633369505465,0.7858438574648664,22.964770785564486,28.360333770000004,2.791201536250413
darryl,ng,ng_v0,6.33,7.83,4.08,ankle_angle_l,3.6499960831625757,26.429073499159134,0.9166890712768322,13.81053362797112,7.848221529999998,3.017698272344897
darryl,ng,ng_v1,38.68,40.18,4.57,pelvis_tilt,1.2525353394248893,20.145139961244325,0.6117108297987022,6.217555905963151,7.388588390000001,-0.16799645287660847
darryl,ng,ng_v1,38.68,40.18,4.57,pelvis_list,5.167809052784825,97.71511810693104,0.7612208978996244,5.288648422989795,19.41409752,-0.10271166775474824
darryl,ng,ng_v1,38.68,40.18,4.57,pelvis_rotation,2.0188861277496524,20.06036290145488,0.9634097200311492,10.064055858148173,14.102616130000001,1.335334638423574
darryl,ng,ng_v1,38.68,40.18,4.57,hip_flexion_r,2.8390136830609163,7.2740912684160355,0.9941435264262002,39.02911825409531,44.00433665,1.2208980984951503
darryl,ng,ng_v1,38.68,40.18,4.57,hip_adduction_r,7.562029074112388,44.52741003884644,0.8927966519244563,16.982863066850623,33.01318128,3.4052108020020766
darryl,ng,ng_v1,38.68,40.18,4.57,hip_rotation_r,16.203898975728492,149.526744112165,0.4070210320655788,10.836789814384915,13.59176562,15.754110617686408
darryl,ng,ng_v1,38.68,40.18,4.57,knee_angle_r,4.470336810561407,6.8856288990924694,0.9808935647334975,64.92270896490807,62.22371069,2.353784636076476
darryl,ng,ng_v1,38.68,40.18,4.57,ankle_angle_r,4.007612677806143,10.428524262272374,0.9268016022588893,38.4293364719361,37.384861349999994,-0.7928012925302312
darryl,ng,ng_v1,38.68,40.18,4.57,hip_flexion_l,4.935775338049488,14.94348674213305,0.9853961445298228,33.02960964346498,43.87735768,3.261013519173998
darryl,ng,ng_v1,38.68,40.18,4.57,hip_adduction_l,6.918021543211466,43.899398536955154,0.9168127242229477,15.758807122124406,33.39365027,0.6733346086996248
darryl,ng,ng_v1,38.68,40.18,4.57,hip_rotation_l,13.69359475454949,70.62294006358756,0.4516274968033437,19.3897262592297,10.324528970000001,13.23849960258863
darryl,ng,ng_v1,38.68,40.18,4.57,knee_angle_l,4.9764948976045025,8.642210559808365,0.9840424188411395,57.58358770785206,59.354465610000005,3.817775206628092
darryl,ng,ng_v1,38.68,40.18,4.57,ankle_angle_l,4.043059115305548,10.478867235008257,0.9699223205333961,38.58297871928675,32.47639111,3.5616708396248367
darryl,ng,ng_v2,69.27,70.77,5.09,pelvis_tilt,2.0096086599613874,61.90303268465654,-0.19096930849632368,3.246381595225939,5.059497709999999,1.2968175519165686
darryl,ng,ng_v2,69.27,70.77,5.09,pelvis_list,5.95587554868942,127.56368547172221,0.7838069010481185,4.668942831704007,20.79781822,1.228430206407909
darryl,ng,ng_v2,69.27,70.77,5.09,pelvis_rotation,2.1885488435601217,19.13368321083886,0.9806626367015064,11.438199427909161,16.35485788,1.0177143538250768
darryl,ng,ng_v2,69.27,70.77,5.09,hip_flexion_r,2.3286743775720398,6.153428167678868,0.9915758333759365,37.84352907219258,42.82554933,0.902350513985688
darryl,ng,ng_v2,69.27,70.77,5.09,hip_adduction_r,7.574114102569591,41.661239351992414,0.91816535824322,18.180241923617583,35.54926916,2.177632083756725
darryl,ng,ng_v2,69.27,70.77,5.09,hip_rotation_r,14.786712767206492,120.68590370534298,0.5173614777674909,12.252228564579127,21.41924615,13.90492111841412
darryl,ng,ng_v2,69.27,70.77,5.09,knee_angle_r,4.868066968420013,8.170156605356402,0.9900344891769445,59.58352089883419,58.512796169999994,3.817726636124529
darryl,ng,ng_v2,69.27,70.77,5.09,ankle_angle_r,4.080231106134373,10.958177330204576,0.9172789469377833,37.23457818927447,40.36307768,0.8680421033619763
darryl,ng,ng_v2,69.27,70.77,5.09,hip_flexion_l,4.875038389049442,14.519896588968836,0.9893055640351539,33.57488367205826,46.903082350000005,0.26781013597115694
darryl,ng,ng_v2,69.27,70.77,5.09,hip_adduction_l,8.004143607404847,49.23856760325448,0.9040178422593498,16.255841705021094,35.57717308,2.335665953248176
darryl,ng,ng_v2,69.27,70.77,5.09,hip_rotation_l,15.723507946041076,110.51362008719924,0.5447645031799033,14.227665272058466,7.542782260000001,15.499530324072849
darryl,ng,ng_v2,69.27,70.77,5.09,knee_angle_l,3.69151576963324,6.774068471900985,0.9799102224099534,54.494810392687135,56.57166767999999,0.4652195937608297
darryl,ng,ng_v2,69.27,70.77,5.09,ankle_angle_l,2.6991103623627724,7.21133037900014,0.9592207362889508,37.42874366459144,33.75201466,0.8843695318106611
darryl,gwo,gwo_v0,7.88,9.379999999999999,4.06,pelvis_tilt,5.505918019204536,70.13793721521212,0.8654724740270934,7.850128244162797,4.35931705,5.2297904903880434
darryl,gwo,gwo_v0,7.88,9.379999999999999,4.06,pelvis_list,0.9865179072688186,16.008546221003716,0.9715950750981794,6.16244531920379,7.909687729999999,0.7904788565733907
darryl,gwo,gwo_v0,7.88,9.379999999999999,4.06,pelvis_rotation,1.3228598995003629,40.34978402050618,-0.22396441047066634,3.2784807443531094,2.44387357,0.6153767762632499
darryl,gwo,gwo_v0,7.88,9.379999999999999,4.06,hip_flexion_r,8.894747783673377,45.13795083080191,0.9674033005471672,19.705696913479834,17.08136928,-8.775202692715379
darryl,gwo,gwo_v0,7.88,9.379999999999999,4.06,hip_adduction_r,1.3570097039406575,23.67835334518543,0.9521753164876743,5.731013825826622,6.76570328,1.2344719645588085
darryl,gwo,gwo_v0,7.88,9.379999999999999,4.06,hip_rotation_r,6.636542361410496,166.6746033774033,0.03309133935851282,3.981735805534388,2.825126730000001,6.524685062672849
darryl,gwo,gwo_v0,7.88,9.379999999999999,4.06,knee_angle_r,2.1879379513877972,34.711907017662114,0.9384609262907183,6.303133821701385,7.53900977,-2.0836539858706016
darryl,gwo,gwo_v0,7.88,9.379999999999999,4.06,ankle_angle_r,3.8078109600004555,34.272420970243786,0.36081162502576664,11.110423052128407,4.23810935,2.57156310818778
darryl,gwo,gwo_v0,7.88,9.379999999999999,4.06,hip_flexion_l,8.27960968849999,247.57774762001165,-0.04479634171709469,3.3442463097320587,1.7110658699999988,-8.190227732522679
darryl,gwo,gwo_v0,7.88,9.379999999999999,4.06,hip_adduction_l,0.795546043249024,12.96516666167041,0.9171624645738891,6.136026354377208,7.60054311,-0.09598004693322328
darryl,gwo,gwo_v0,7.88,9.379999999999999,4.06,hip_rotation_l,2.543442088453613,47.73427597632466,-0.33333055776231585,5.3283349049121735,3.393415299999999,1.507342873739288
darryl,gwo,gwo_v0,7.88,9.379999999999999,4.06,knee_angle_l,1.647646845378977,52.10573697840204,0.7480597063335157,3.1621217565004995,2.4876490099999993,-1.5521110363724684
darryl,gwo,gwo_v0,7.88,9.379999999999999,4.06,ankle_angle_l,2.8507852870809716,256.2358019510086,-0.3005089489305527,1.112563219259279,2.2371016600000004,2.7087409389248616
darryl,gwo,gwo_v1,39.11,40.61,4.56,pelvis_tilt,3.267271866904069,29.42869440680192,0.9269845323376095,11.102333735025965,11.444085639999997,2.9522998906454427
darryl,gwo,gwo_v1,39.11,40.61,4.56,pelvis_list,4.43840293443663,58.42151402328006,0.1188080175099396,7.597206283746765,9.057920809999999,-3.2462643476710955
darryl,gwo,gwo_v1,39.11,40.61,4.56,pelvis_rotation,2.7958455854629873,28.61637076461304,0.9135356038416053,9.770091422355785,10.686311040000001,2.5118004645454155
darryl,gwo,gwo_v1,39.11,40.61,4.56,hip_flexion_r,5.106966301782266,12.806868649032335,0.9886688989257407,39.87677582816576,34.05861462,-4.573602445844446
darryl,gwo,gwo_v1,39.11,40.61,4.56,hip_adduction_r,7.332198049607788,115.69613995087519,-0.09960785184541303,6.337461260782817,13.71099703,5.733232024708992
darryl,gwo,gwo_v1,39.11,40.61,4.56,hip_rotation_r,10.21109712313175,76.03647175383388,0.23409382367805448,13.42920954590044,10.963333440000001,9.50919034958156
darryl,gwo,gwo_v1,39.11,40.61,4.56,knee_angle_r,1.200909636594338,7.282379359069716,0.9697490405657918,16.490621778700465,17.52770812,-0.6787304187098587
darryl,gwo,gwo_v1,39.11,40.61,4.56,ankle_angle_r,1.9458562762097553,9.63478799341407,0.9097632418968167,20.196150424273576,16.30081132,0.30840745520552215
darryl,gwo,gwo_v1,39.11,40.61,4.56,hip_flexion_l,3.6742210993965285,9.681617506507154,0.9971356752112447,37.95048809692215,47.397948979999995,-1.3878008017202659
darryl,gwo,gwo_v1,39.11,40.61,4.56,hip_adduction_l,7.126586261390605,61.07262076171445,0.6831539882472532,11.669036259629715,21.63483565,-5.563029078153247
darryl,gwo,gwo_v1,39.11,40.61,4.56,hip_rotation_l,10.455621654015248,58.15724830929461,0.52509275060106,17.97819181266911,10.180783989999998,9.54662677874317
darryl,gwo,gwo_v1,39.11,40.61,4.56,knee_angle_l,3.7546991069666498,7.422761478968644,0.9847530213576052,50.583588299382434,51.76929731,1.9297047425982512
darryl,gwo,gwo_v1,39.11,40.61,4.56,ankle_angle_l,2.7636158812176244,7.263824015885757,0.97411456984867,38.046294557435345,31.795905249999997,1.8327396914215104
darryl,gwo,gwo_v2,69.3,70.8,5.14,pelvis_tilt,2.7819306345517387,26.171330004844005,0.8462045795031625,10.629687654532024,7.20721966,2.273379842947651
darryl,gwo,gwo_v2,69.3,70.8,5.14,pelvis_list,3.1425368875563233,45.34077763855953,0.1775235572723335,6.930928517828926,10.56113554,-0.7263096907015143
darryl,gwo,gwo_v2,69.3,70.8,5.14,pelvis_rotation,2.296147291100294,18.270464598496247,0.9308006921593097,12.567536412233757,12.48865667,1.9428755433710794
darryl,gwo,gwo_v2,69.3,70.8,5.14,hip_flexion_r,4.710880553153384,11.431015427631799,0.980693638802194,41.211391787346685,42.84583989,-3.8964265532613442
darryl,gwo,gwo_v2,69.3,70.8,5.14,hip_adduction_r,5.048244317401447,84.86087115754192,-0.06617624856821297,5.948848095171586,14.16312701,2.2630344972828533
darryl,gwo,gwo_v2,69.3,70.8,5.14,hip_rotation_r,11.752575176999839,115.97507239935845,0.44626614731067915,10.133707989015106,10.844454379999998,11.212374711470677
darryl,gwo,gwo_v2,69.3,70.8,5.14,knee_angle_r,1.5130107449619281,10.443804849718937,0.9405462066392699,14.487160251779752,15.03278209,-0.8196603053589415
darryl,gwo,gwo_v2,69.3,70.8,5.14,ankle_angle_r,3.315047296897884,21.335133023254148,0.7454597368808666,15.537973413545913,12.232950690000001,-2.119828382167415
darryl,gwo,gwo_v2,69.3,70.8,5.14,hip_flexion_l,2.7305174783809445,7.633309253130441,0.9844676149826282,35.77108417638329,40.94671309,-0.8900113982381228
darryl,gwo,gwo_v2,69.3,70.8,5.14,hip_adduction_l,4.877425794125143,29.925614476233687,0.6335833617187747,16.298498391732927,22.707360620000003,-1.8809689942894925
darryl,gwo,gwo_v2,69.3,70.8,5.14,hip_rotation_l,12.305063311107528,61.85493631561593,-0.22829954634478092,19.89342167991366,8.27090531,11.230361637344066
darryl,gwo,gwo_v2,69.3,70.8,5.14,knee_angle_l,3.124920136224598,6.279451486469623,0.9853609839625721,49.76422133299199,52.56080291,1.7903390392813971
darryl,gwo,gwo_v2,69.3,70.8,5.14,ankle_angle_l,2.869436493523262,8.798249700781929,0.9327310050406354,32.61371967276908,29.043769010000002,1.8105439684879023
darryl,rd,rd_correct,23.828,25.328,,pelvis_tilt,6.363664491891969,136.3987674364429,0.9920592111529032,4.665485335017573,5.2047180299999996,-6.359451930700602
darryl,rd,rd_correct,23.828,25.328,,pelvis_list,3.5826597529423174,201.3799009318278,0.9878778317375304,1.7790552763034375,2.65073879,-3.5698101080010898
darryl,rd,rd_correct,23.828,25.328,,pelvis_rotation,354.0606231626632,14088.636346253463,0.9411159321636877,2.5130936341955987,1.3456111599999758,-354.06031963203526
darryl,rd,rd_correct,23.828,25.328,,hip_flexion_r,1.0591275108732925,28.716216644567478,0.9922483498340401,3.68825574755391,3.215925640000002,-0.9948191472645103
darryl,rd,rd_correct,23.828,25.328,,hip_adduction_r,4.864602781710838,159.28463689360038,0.9815214591976755,3.0540313721280703,4.41851058,-4.834879917749179
darryl,rd,rd_correct,23.828,25.328,,hip_rotation_r,5.657653452357728,64.59876675133177,0.8169869630869868,8.75814467811197,2.19400572,4.788128516278235
darryl,rd,rd_correct,23.828,25.328,,knee_angle_r,6.591739818205983,106.40875679561339,0.9887332278409673,6.194734359003171,6.92302385,6.583192198925152
darryl,rd,rd_correct,23.828,25.328,,ankle_angle_r,4.515163384912761,18.661429433671845,0.9450540646864378,24.195163617883434,15.119557819999999,-2.5723433615914844
darryl,rd,rd_correct,23.828,25.328,,hip_flexion_l,5.109447000010566,114.61377628186919,0.9975910521391517,4.457969334720221,7.488630879999999,-4.998006617169931
darryl,rd,rd_correct,23.828,25.328,,hip_adduction_l,4.959728968498455,404.8386344143894,0.9707553643050244,1.225112562607283,2.35837292,4.944947711746654
darryl,rd,rd_correct,23.828,25.328,,hip_rotation_l,14.728964112212328,298.16975908115256,0.9147050869108027,4.939791398564856,1.5289312400000004,14.645448957777852
darryl,rd,rd_correct,23.828,25.328,,knee_angle_l,3.1070141023177653,75.90286960678965,0.8191883153870373,4.093407954684018,2.465313010000001,2.98102896571044
darryl,rd,rd_correct,23.828,25.328,,ankle_angle_l,0.8317452634089305,31.41424654148838,0.9397227488137322,2.6476689877328603,3.5434132,0.7606746373987613
darryl,rd,rd_toes,66.235,67.735,,pelvis_tilt,5.75656527014015,142.5483930387196,0.993179947964513,4.038323510652643,4.101656579999999,-5.753005988588543
darryl,rd,rd_toes,66.235,67.735,,pelvis_list,2.4884572664716345,126.58182597340763,0.9898944413005899,1.9658882681897878,2.96877337,-2.4668824597723655
darryl,rd,rd_toes,66.235,67.735,,pelvis_rotation,354.3513837483964,15235.379532171506,0.8694567207694331,2.325845463843791,1.5604208000000028,-354.35106305151186
darryl,rd,rd_toes,66.235,67.735,,hip_flexion_r,0.1975666253196334,7.4276451337297145,0.9903711810657787,2.6598823955988777,2.3097341399999998,0.0010535313665883121
darryl,rd,rd_toes,66.235,67.735,,hip_adduction_r,4.686782210882364,209.15180842947106,0.9767500328878201,2.2408518702638007,3.9208511699999997,-4.6220157318897
darryl,rd,rd_toes,66.235,67.735,,hip_rotation_r,6.658120801319987,262.73004635313407,0.26893777283533477,2.5342060772032298,2.862588480000003,6.60846558144147
darryl,rd,rd_toes,66.235,67.735,,knee_angle_r,6.011765211584003,129.32189397464734,0.9764471266494623,4.648683240567578,5.226889269999997,6.003384722071632
darryl,rd,rd_toes,66.235,67.735,,ankle_angle_r,4.910844764470363,20.399354548685196,0.9157789608451776,24.07353013425066,15.93904123,-2.8223890511011227
darryl,rd,rd_toes,66.235,67.735,,hip_flexion_l,4.364545877887684,117.28048730281957,0.9975531102024618,3.7214595353943034,6.143136370000001,-4.302107658460977
darryl,rd,rd_toes,66.235,67.735,,hip_adduction_l,4.082460354248184,232.66570126811484,0.9862043857996821,1.7546464012517755,2.8309592,4.063431389364203
darryl,rd,rd_toes,66.235,67.735,,hip_rotation_l,13.133729316316417,355.1606883252521,0.9387390846412845,3.697968200886213,1.6669224500000004,13.091917002964994
darryl,rd,rd_toes,66.235,67.735,,knee_angle_l,2.9965229504921664,119.12909087078005,0.6453054579182318,2.515357859771221,0.8931909000000005,2.901487686494612
darryl,rd,rd_toes,66.235,67.735,,ankle_angle_l,0.6535528698338887,35.82249582884878,0.7862842696688928,1.8244202552396303,1.8611089400000012,0.5098902718098347
darryl,rd,rd_supination,118.541,120.041,,pelvis_tilt,4.848448160945698,551.6288754996767,0.9744117721625639,0.8789329885158521,1.7144656499999993,-4.842104626852458
darryl,rd,rd_supination,118.541,120.041,,pelvis_list,2.2282646834274145,183.3368142542325,0.9590565908037151,1.2153940235579133,1.4791340800000001,-2.2246494635193153
darryl,rd,rd_supination,118.541,120.041,,pelvis_rotation,354.0732094020575,11353.319545972186,0.9852309705455414,3.118675625823215,2.761789279999988,-354.07315584812994
darryl,rd,rd_supination,118.541,120.041,,hip_flexion_r,1.020868854650851,75.17556317935059,0.9849942446242542,1.3579796565212376,2.110382900000001,1.0042673860447895
darryl,rd,rd_supination,118.541,120.041,,hip_adduction_r,6.381234449284115,298.8100233628695,0.9346248022832633,2.135548994464238,3.19146385,-6.363690627919455
darryl,rd,rd_supination,118.541,120.041,,hip_rotation_r,5.428312959550902,78.40967485661896,0.9545286194941384,6.923014244705378,6.8713152399999995,5.388381257783554
darryl,rd,rd_supination,118.541,120.041,,knee_angle_r,4.8794886604105026,282.8939308777177,0.8690890765377319,1.724847417288597,3.784898179999999,4.845654454556192
darryl,rd,rd_supination,118.541,120.041,,ankle_angle_r,4.037569867888129,19.4619678215401,0.9303359642787348,20.745948739157974,10.47861389,-0.5578683097491526
darryl,rd,rd_supination,118.541,120.041,,hip_flexion_l,4.407078121102221,610.3449823385458,0.9133645780686218,0.72206346388176,2.341030459999999,-4.370207106421946
darryl,rd,rd_supination,118.541,120.041,,hip_adduction_l,3.148040358812169,368.3375656921155,0.6813912276040756,0.8546617700795525,0.8399012399999999,3.1405366017406
darryl,rd,rd_supination,118.541,120.041,,hip_rotation_l,11.282393458187506,587.2504404676432,0.9749012975029318,1.921223498649577,1.7709786799999998,11.281618639894777
darryl,rd,rd_supination,118.541,120.041,,knee_angle_l,1.5114932013021543,310.68254747343474,0.8838428675503245,0.4865072768309897,1.2110923800000002,1.4853830254047826
darryl,rd,rd_supination,118.541,120.041,,ankle_angle_l,0.9484711134917774,185.6327098391784,-0.7337221748225065,0.5109396476049284,1.5698301899999976,0.8186351496519911
darryl,rd,rd_pronation,159.811,161.311,,pelvis_tilt,6.826308208358416,885.7270907727063,-0.10992965831932448,0.7707010747975609,1.3689586300000007,-6.817258051603185
darryl,rd,rd_pronation,159.811,161.311,,pelvis_list,3.0511393921411774,247.32294212552247,0.9565434359643551,1.2336661394690385,2.14869036,-3.0342055272510913
darryl,rd,rd_pronation,159.811,161.311,,pelvis_rotation,354.5466631771222,7407.349236326203,0.9905573011119254,4.786417541087417,4.194869899999986,-354.5465138644016
darryl,rd,rd_pronation,159.811,161.311,,hip_flexion_r,1.239225248094933,102.72416407671246,-0.037635751048142735,1.2063619687082614,1.0885887099999998,-1.1750277443310746
darryl,rd,rd_pronation,159.811,161.311,,hip_adduction_r,5.555196110175719,193.7475795031225,0.9418758783984128,2.8672338123770933,3.06790593,-5.550711581106784
darryl,rd,rd_pronation,159.811,161.311,,hip_rotation_r,6.750748400293679,63.308518826986635,0.45202984096937804,10.663254369830597,4.017885980000003,6.290287813710796
darryl,rd,rd_pronation,159.811,161.311,,knee_angle_r,5.623161205880989,121.35940949849527,0.9895417058425722,4.633477724651183,5.14276641,5.616399973099265
darryl,rd,rd_pronation,159.811,161.311,,ankle_angle_r,7.551736650391886,78.34654526546032,-0.6211474954501192,9.638889149233652,10.66023493,5.688602103369268
darryl,rd,rd_pronation,159.811,161.311,,hip_flexion_l,6.373559498422996,907.4787534619613,-0.08299063781350498,0.7023370491163963,1.016179020000001,-6.365346688453534
darryl,rd,rd_pronation,159.811,161.311,,hip_adduction_l,4.694003143727474,677.3892491456887,0.9318482538449749,0.6929550697250462,1.5462767499999996,4.683738735589655
darryl,rd,rd_pronation,159.811,161.311,,hip_rotation_l,14.676289537050597,865.4506951989027,0.8389509885412916,1.6957973017374037,2.44930904,14.67123193571978
darryl,rd,rd_pronation,159.811,161.311,,knee_angle_l,2.485783066493278,263.94473597751073,0.9319911552155852,0.9417816412542805,0.8979224699999993,2.484284564820677
darryl,rd,rd_pronation,159.811,161.311,,ankle_angle_l,1.119923670248949,168.2185215373164,0.19108448789618868,0.6657552688099884,1.1255022299999986,1.0809472138502803
darryl,rgs,rgs_correct,28.158,29.658,,pelvis_tilt,4.124556704287632,53.526132769338105,0.7464760051539092,7.7056878404829225,7.92280852,3.8171210350454086
darryl,rgs,rgs_correct,28.158,29.658,,pelvis_list,5.154279215158638,110.91513639136122,-0.5095738265299771,4.6470476283524516,6.36691654,4.225355783827298
darryl,rgs,rgs_correct,28.158,29.658,,pelvis_rotation,1.8841761159260235,20.905841248820707,0.9276133198106156,9.012677813347068,8.30161253,1.7044513807011923
darryl,rgs,rgs_correct,28.158,29.658,,hip_flexion_r,4.24475476842858,11.76567717225039,0.9930837136110188,36.077436991386506,47.45334197,-1.0320683867182123
darryl,rgs,rgs_correct,28.158,29.658,,hip_adduction_r,4.307737791632552,56.658221441152975,0.8469323006908959,7.603023324879169,16.29429326,-2.5577742811712563
darryl,rgs,rgs_correct,28.158,29.658,,hip_rotation_r,10.464164422511223,84.49345063016166,-0.5670443872157649,12.384586431810167,4.9698514299999985,9.457308661268236
darryl,rgs,rgs_correct,28.158,29.658,,knee_angle_r,3.7699661718002035,8.787104465292279,0.9893092743775869,42.903395386853475,47.303476520000004,2.9460899105546927
darryl,rgs,rgs_correct,28.158,29.658,,ankle_angle_r,6.947412931193078,27.01338153801726,0.5473089752996336,25.718412637142972,18.95103145,-3.333935679152236
darryl,rgs,rgs_correct,28.158,29.658,,hip_flexion_l,3.391286944525096,14.878105847324377,0.9852613334116729,22.793808427804485,27.72292105,-2.8660750231427956
darryl,rgs,rgs_correct,28.158,29.658,,hip_adduction_l,6.346772666122955,109.47113282838683,0.15725879202157264,5.797667843697678,14.22138032,4.899906561619789
darryl,rgs,rgs_correct,28.158,29.658,,hip_rotation_l,9.372083186068275,79.90261617913458,0.6368842257088704,11.729382133191855,8.08654732,8.93099308187691
darryl,rgs,rgs_correct,28.158,29.658,,knee_angle_l,3.9086733500777346,20.507879591652372,0.8743718945359373,19.05937341112896,16.27093416,3.0036866361196624
darryl,rgs,rgs_correct,28.158,29.658,,ankle_angle_l,4.657427681704764,20.859440484311325,0.9815821705614767,22.327673099418366,19.83844833,4.533355854383563
darryl,rgs,rgs_flexion,110.993,112.493,,pelvis_tilt,7.721590514879674,92.06040230830293,0.7752173729847086,8.387526364506517,11.52919783,7.37951422496905
darryl,rgs,rgs_flexion,110.993,112.493,,pelvis_list,5.469739950671708,92.3838869209047,-0.13968876052151402,5.920664450235435,5.72300994,4.912971125617647
darryl,rgs,rgs_flexion,110.993,112.493,,pelvis_rotation,3.037691509110926,44.29009958208331,0.65983184487796,6.858624247347063,7.408450670000001,2.4543723319241812
darryl,rgs,rgs_flexion,110.993,112.493,,hip_flexion_r,4.855641205762173,7.205942304953153,0.9950107364386025,67.38384794483503,70.97698667,-3.922378587417876
darryl,rgs,rgs_flexion,110.993,112.493,,hip_adduction_r,4.828190635395792,59.23718475933841,0.7643858254326659,8.150607857228824,15.57588222,-3.7844279922277306
darryl,rgs,rgs_flexion,110.993,112.493,,hip_rotation_r,7.513193193621011,62.66467772287402,0.5738221011019823,11.989518603841038,9.517825929999997,6.977552428797697
darryl,rgs,rgs_flexion,110.993,112.493,,knee_angle_r,2.414387704946641,3.59553117684928,0.998621390869209,67.14968070621319,64.64707443,1.885562585639984
darryl,rgs,rgs_flexion,110.993,112.493,,ankle_angle_r,5.202881297542137,8.495298426399986,0.997106494065125,61.244244008823344,56.47616068,-4.1516956082642285
darryl,rgs,rgs_flexion,110.993,112.493,,hip_flexion_l,8.945667248313189,37.78395742492655,0.9581098112782175,23.675834555148057,30.60033364,-7.978012405944801
darryl,rgs,rgs_flexion,110.993,112.493,,hip_adduction_l,6.35891934595373,125.69245158833277,-0.44036083017998934,5.05910996690591,9.66319837,5.387079327963111
darryl,rgs,rgs_flexion,110.993,112.493,,hip_rotation_l,10.224632486796656,108.98793594980218,0.6356462827674196,9.381435108107683,8.53238446,9.930445523364844
darryl,rgs,rgs_flexion,110.993,112.493,,knee_angle_l,2.995122894528673,36.59347047372298,0.7855258171977669,8.184856084309931,13.708083089999999,0.879570539439877
darryl,rgs,rgs_flexion,110.993,112.493,,ankle_angle_l,7.0250854169358155,37.33525643787548,0.9646185923786573,18.81622382485923,13.943476590000001,6.700231619853503
darryl,rgs,rgs_abduction,187.026,188.526,,pelvis_tilt,7.055889739084909,84.69508472741256,0.9293286735296086,8.330931791135203,9.55562881,6.97895717636714
darryl,rgs,rgs_abduction,187.026,188.526,,pelvis_list,4.156622630585879,42.12518104457997,0.8699434135886709,9.867311018051257,5.86154189,3.6126437199808588
darryl,rgs,rgs_abduction,187.026,188.526,,pelvis_rotation,2.391039301497248,22.07697159121662,0.9544088193108027,10.830467809491267,11.25344091,2.154275086015799
darryl,rgs,rgs_abduction,187.026,188.526,,hip_flexion_r,3.594458175141247,7.911888628471105,0.9973750639955635,45.431101775200815,50.477469060000004,-2.8143503031762176
darryl,rgs,rgs_abduction,187.026,188.526,,hip_adduction_r,3.193686143786581,26.905668954986865,0.9114355813438698,11.86993770394489,18.76672578,-1.3594298906725548
darryl,rgs,rgs_abduction,187.026,188.526,,hip_rotation_r,8.078067284455843,93.13245306707354,0.3715345843271483,8.67374048296361,6.68207821,7.628966637735961
darryl,rgs,rgs_abduction,187.026,188.526,,knee_angle_r,4.29167829756838,10.25091462193171,0.9896145714895067,41.86629638282603,39.3442486,3.6607621968260347
darryl,rgs,rgs_abduction,187.026,188.526,,ankle_angle_r,5.942098891608793,12.1020336906714,0.9813808618012667,49.100002887854586,46.05463698,-5.0361953211435235
darryl,rgs,rgs_abduction,187.026,188.526,,hip_flexion_l,7.421747190630571,41.88659231643352,0.9930965688791176,17.718670295646774,21.76309668,-7.210313869617659
darryl,rgs,rgs_abduction,187.026,188.526,,hip_adduction_l,5.015688609468937,107.46293289055903,-0.7165612703575852,4.667366202053081,8.57547477,3.9468593680285387
darryl,rgs,rgs_abduction,187.026,188.526,,hip_rotation_l,7.1771560966265175,93.45168584306323,0.2472423796026844,7.680071292324649,3.101799299999999,6.891574740483764
darryl,rgs,rgs_abduction,187.026,188.526,,knee_angle_l,1.820258867878321,13.401700047102642,0.8987265327172951,13.58229822694658,12.1712535,0.6308854592623444
darryl,rgs,rgs_abduction,187.026,188.526,,ankle_angle_l,4.93897770715013,37.16917447293436,0.9672451101458991,13.287832665604578,12.11095448,4.834971174780547
darryl,rgs,rgs_stork,288.715,290.215,,pelvis_tilt,9.177698912321446,106.88592033853301,0.8050791813969834,8.58644326891091,13.58718223,8.839138804019083
darryl,rgs,rgs_stork,288.715,290.215,,pelvis_list,5.442715571835916,96.26445840865239,0.6955324039132015,5.653920109051086,8.01503988,5.191738847762374
darryl,rgs,rgs_stork,288.715,290.215,,pelvis_rotation,3.376501217745692,75.17247075708737,0.34399807125637805,4.491672528173953,10.66298239,1.5256269935041737
darryl,rgs,rgs_stork,288.715,290.215,,hip_flexion_r,6.502723296705364,7.936917047838772,0.9948816910700077,81.9300902039295,84.81349075,-5.4739721964491705
darryl,rgs,rgs_stork,288.715,290.215,,hip_adduction_r,4.419446568657275,49.30003946792462,0.6018150594100519,8.964387486003204,11.80778807,-3.286521081545777
darryl,rgs,rgs_stork,288.715,290.215,,hip_rotation_r,3.9307923872898254,31.89669696268928,0.7277056298140284,12.32350920814094,12.73130284,2.100506073404996
darryl,rgs,rgs_stork,288.715,290.215,,knee_angle_r,3.203641806178665,3.773717535367567,0.9995616901276849,84.89352412187428,81.93999045000001,2.7770007232884013
darryl,rgs,rgs_stork,288.715,290.215,,ankle_angle_r,9.4035713544592,15.604019085941001,0.9917905589535021,60.26377757337969,53.808931130000005,-8.535437100540026
darryl,rgs,rgs_stork,288.715,290.215,,hip_flexion_l,10.855824367363962,76.28261921881374,0.9028776001543892,14.231058763496899,21.795426130000003,-10.16354416048795
darryl,rgs,rgs_stork,288.715,290.215,,hip_adduction_l,6.33065921526081,133.78513747380754,0.4016155302151659,4.731960017980493,10.82049383,5.788853918129867
darryl,rgs,rgs_stork,288.715,290.215,,hip_rotation_l,9.562199295896896,210.67682819357233,0.3971055977015286,4.538799723674896,10.917895380000001,8.770989062728793
darryl,rgs,rgs_stork,288.715,290.215,,knee_angle_l,1.838865006459103,32.63136754437157,0.6486432112391906,5.6352679793718305,7.8049727,-0.007340491736993259
darryl,rgs,rgs_stork,288.715,290.215,,ankle_angle_l,6.62771611520414,57.61562481913444,0.9546089631867072,11.503331146732688,9.90594134,6.548991060060211
elodie,ng,ng_v0,6.32,7.82,3.05,pelvis_tilt,0.6269676940194565,83.42807146990972,-0.22195949675461488,0.7515068764901116,1.8056533700000017,-0.4347557654355034
elodie,ng,ng_v0,6.32,7.82,3.05,pelvis_list,1.520585087748627,80.6037428051016,0.964854142719577,1.886494391985462,2.24741519,1.5154708146113853
elodie,ng,ng_v0,6.32,7.82,3.05,pelvis_rotation,0.7412213781839662,75.86920641627049,0.3689956994548499,0.9769726259124387,0.4753094199999994,0.7037029994383848
elodie,ng,ng_v0,6.32,7.82,3.05,hip_flexion_r,2.394281526179503,69.16959807991539,0.7441275447303668,3.4614651416844424,3.688073420000002,-2.3371463727371085
elodie,ng,ng_v0,6.32,7.82,3.05,hip_adduction_r,1.9973711649432604,54.23948295535933,0.9869769776563305,3.6825040655110133,4.08209197,1.992241203635098
elodie,ng,ng_v0,6.32,7.82,3.05,hip_rotation_r,1.6352756464968616,86.83596082077968,-0.3360822068894922,1.8831779265642021,2.41910665,1.2699217441863415
elodie,ng,ng_v0,6.32,7.82,3.05,knee_angle_r,2.3550599281565323,52.73453890514958,0.9708273876630868,4.465877538803243,5.74020054,-2.3362641315079364
elodie,ng,ng_v0,6.32,7.82,3.05,ankle_angle_r,3.7181021706070867,316.905310307501,0.8737421244939514,1.1732533503459823,2.43938642,-3.7027422507877854
elodie,ng,ng_v0,6.32,7.82,3.05,hip_flexion_l,0.5776680794452399,19.70638858201117,0.4823298071813386,2.931374650617414,2.9319275000000005,-0.35418693777890214
elodie,ng,ng_v0,6.32,7.82,3.05,hip_adduction_l,2.5532537366911794,73.90142691936067,0.9907135402035592,3.454945111516215,4.01517087,2.542156684279293
elodie,ng,ng_v0,6.32,7.82,3.05,hip_rotation_l,1.6125863439212944,163.89893655644158,0.7527481348602769,0.9838906693369367,1.7828533699999998,-1.5986017250831923
elodie,ng,ng_v0,6.32,7.82,3.05,knee_angle_l,1.8984608255828423,40.96741381827898,0.9667222877989622,4.634075350726144,5.0503585,-1.884456305572429
elodie,ng,ng_v0,6.32,7.82,3.05,ankle_angle_l,4.79205809292929,214.20144601134706,0.7811740499516533,2.23717354955458,1.51297308,-4.785593540500613
elodie,ng,ng_v1,40.05,41.55,3.57,pelvis_tilt,14.459083375349044,147.1822649292413,-0.6564510799261076,9.823930473077262,32.580482169999996,6.012490270340311
elodie,ng,ng_v1,40.05,41.55,3.57,pelvis_list,23.979037599761817,236.98251253815968,0.8261177560004502,10.118483994003835,54.218330910000006,15.203910693136317
elodie,ng,ng_v1,40.05,41.55,3.57,pelvis_rotation,11.422719812170518,129.5771511137336,0.45992526069039985,8.815381194902539,9.03856361,-11.071490460947444
elodie,ng,ng_v1,40.05,41.55,3.57,hip_flexion_r,43.31876217018771,134.11121813115517,0.953944514269515,32.30062538677694,114.65126642,30.86196592045136
elodie,ng,ng_v1,40.05,41.55,3.57,hip_adduction_r,21.39881931663749,141.26097888874858,0.9001208118964542,15.148429159258717,66.90843687,-5.076907824413853
elodie,ng,ng_v1,40.05,41.55,3.57,hip_rotation_r,32.098209462375046,213.60344693068157,-0.15838830459941156,15.027009125368437,104.47589508,28.679915521849452
elodie,ng,ng_v1,40.05,41.55,3.57,knee_angle_r,45.64480078821867,86.57163894689273,0.9226395317014355,52.72488928645491,76.31190725,45.20335089536561
elodie,ng,ng_v1,40.05,41.55,3.57,ankle_angle_r,8.93611907886715,27.69108040596912,0.6043180003370702,32.27074909269655,69.89408003,4.809258656844112
elodie,ng,ng_v1,40.05,41.55,3.57,hip_flexion_l,32.97498023273147,80.30982406137962,-0.4658441804664204,41.05970921755373,52.410085779999996,24.877557583389414
elodie,ng,ng_v1,40.05,41.55,3.57,hip_adduction_l,29.70599580074423,196.5719821330582,0.9536446323453187,15.112019260525361,81.70800773,14.775479402855243
elodie,ng,ng_v1,40.05,41.55,3.57,hip_rotation_l,12.862085522193972,113.15683458113462,-0.15369592336799345,11.366600674015606,89.08243499,-7.093386398388962
elodie,ng,ng_v1,40.05,41.55,3.57,knee_angle_l,32.71337245274175,69.87805884881229,0.9262259930087272,46.8149416163952,53.60733929,32.20776404346858
elodie,ng,ng_v1,40.05,41.55,3.57,ankle_angle_l,7.450273980829592,21.397209280571587,0.7625556913518384,34.81890504101557,70.19600425,0.8113902797570741
elodie,ng,ng_v2,70.66,72.16,4.07,pelvis_tilt,17.118646489795104,195.26277971227867,0.06421884423180739,8.766978793920465,73.457382,0.4124187658924618
elodie,ng,ng_v2,70.66,72.16,4.07,pelvis_list,19.08549304690626,184.74262046719628,0.81493275859599,10.33085543478862,53.61695383,11.047089365908494
elodie,ng,ng_v2,70.66,72.16,4.07,pelvis_rotation,9.675906852539148,110.00555573624877,-0.5426606233238208,8.795834708328977,19.296591239999998,-7.01219133905502
elodie,ng,ng_v2,70.66,72.16,4.07,hip_flexion_r,39.91973178358144,127.96577360545353,0.9150793850453125,31.195631971610396,114.9490175,29.09673964028712
elodie,ng,ng_v2,70.66,72.16,4.07,hip_adduction_r,17.726279669811007,109.735827013437,0.8907478528401434,16.15359372799956,62.13058843,-1.9630487342063636
elodie,ng,ng_v2,70.66,72.16,4.07,hip_rotation_r,28.07583663256238,178.1178304561013,-0.2738557553985584,15.762507639279782,124.08265348,21.637219375477887
elodie,ng,ng_v2,70.66,72.16,4.07,knee_angle_r,39.95775572388551,77.53537691298943,0.6506504075967714,51.53487003581126,79.77053585,37.338427840768986
elodie,ng,ng_v2,70.66,72.16,4.07,ankle_angle_r,8.598724891492907,20.41854004300222,0.64940582995726,42.11233943946857,70.28139318,2.2993444682436746
elodie,ng,ng_v2,70.66,72.16,4.07,hip_flexion_l,33.451168417066164,84.62616824853725,-0.1581592506495394,39.528161453350876,54.3226121,26.91256026844055
elodie,ng,ng_v2,70.66,72.16,4.07,hip_adduction_l,23.956308642626222,157.56978964156588,0.9300605238014443,15.203617836338537,75.10854749,11.078717226908426
elodie,ng,ng_v2,70.66,72.16,4.07,hip_rotation_l,11.49752055807594,67.83629465037973,-0.07014510890302661,16.948921837981878,93.84895487,-4.129478866630138
elodie,ng,ng_v2,70.66,72.16,4.07,knee_angle_l,29.591438504395466,63.85528404735194,0.9082360276819048,46.34140924414636,61.97293020000001,28.742084458237894
elodie,ng,ng_v2,70.66,72.16,4.07,ankle_angle_l,5.543995600587002,18.451001772835898,0.8133616394241715,30.04712518508905,70.25836242,0.41013212575113467
elodie,gwo,gwo_v0,5.51,7.01,3.07,pelvis_tilt,33.23052505333971,2398.2842230361007,-0.05434871164814531,1.3855957827747218,39.95241634999999,31.515800334245387
elodie,gwo,gwo_v0,5.51,7.01,3.07,pelvis_list,6.0946231498946455,119.54907792411431,-0.44969656676831143,5.0980093328392755,6.73617407,-5.653495917452368
elodie,gwo,gwo_v0,5.51,7.01,3.07,pelvis_rotation,7.331490516617797,170.4502971450573,-0.7550105552328423,4.301248304881817,7.39899387,-6.855970567650681
elodie,gwo,gwo_v0,5.51,7.01,3.07,hip_flexion_r,24.162278632418065,142.1568501677288,0.6246140595234498,16.996914748680307,44.117225700000006,-22.471965479309315
elodie,gwo,gwo_v0,5.51,7.01,3.07,hip_adduction_r,14.927368875142543,508.01595478831666,0.4761885199247315,2.9383661545359487,19.45466284,14.344929071679498
elodie,gwo,gwo_v0,5.51,7.01,3.07,hip_rotation_r,13.675155401410054,191.64533007331863,0.6901527388335603,7.135658038825307,11.50539895,13.58635997538402
elodie,gwo,gwo_v0,5.51,7.01,3.07,knee_angle_r,19.99082813491443,227.00532504916592,0.16158776848940667,8.806325636010838,22.26157484,19.591879026270597
elodie,gwo,gwo_v0,5.51,7.01,3.07,ankle_angle_r,1.4323971703567002,21.630479141210028,0.8568194391425541,6.622124091683762,4.811962399999999,1.1943990552207462
elodie,gwo,gwo_v0,5.51,7.01,3.07,hip_flexion_l,28.205202400333658,623.9251810704884,-0.058958878316252586,4.520606517586145,38.5889176,-26.655298727265922
elodie,gwo,gwo_v0,5.51,7.01,3.07,hip_adduction_l,11.318306569160718,387.31097813551065,0.3843658369102975,2.922278790972127,16.242223250000002,-10.63691248909501
elodie,gwo,gwo_v0,5.51,7.01,3.07,hip_rotation_l,5.8513153320214375,75.0735894123504,-0.37158967847996927,7.794106260035615,6.7216529000000005,-5.050765457906127
elodie,gwo,gwo_v0,5.51,7.01,3.07,knee_angle_l,7.131645195534253,149.90236216951726,0.7288963797599335,4.757526894385709,13.74393579,6.514934428574681
elodie,gwo,gwo_v0,5.51,7.01,3.07,ankle_angle_l,2.0636142284228836,119.46609380508768,0.2236233124513935,1.7273639429357495,6.261985059999999,1.5262265266634283
elodie,gwo,gwo_v1,38.35,39.85,3.55,pelvis_tilt,29.155756745931633,173.48166335122636,0.4803235018074943,16.806246944326137,159.20649121999998,-13.610797362180048
elodie,gwo,gwo_v1,38.35,39.85,3.55,pelvis_list,14.67025862643653,74.29691335677416,0.2286870646358736,19.74544831491165,87.03935376,-4.925110662404139
elodie,gwo,gwo_v1,38.35,39.85,3.55,pelvis_rotation,203.27139027618819,926.6238436999487,-0.03900294174524877,21.93677527922644,446.27501854,118.65888383075348
elodie,gwo,gwo_v1,38.35,39.85,3.55,hip_flexion_r,78.51794186227136,214.06068948638972,-0.5461876079753836,36.680224683319835,192.02144754999998,-31.37528983176271
elodie,gwo,gwo_v1,38.35,39.85,3.55,hip_adduction_r,89.2920544290366,807.0497618803446,-0.3783889323137267,11.064008521729209,182.60754247,55.99262356315695
elodie,gwo,gwo_v1,38.35,39.85,3.55,hip_rotation_r,88.80195705219451,520.847529314265,0.17271780736774742,17.04951104771659,194.01243773000002,-48.29983993203181
elodie,gwo,gwo_v1,38.35,39.85,3.55,knee_angle_r,23.803419302090095,151.83214305978996,0.6276217360256726,15.67745723823219,74.20971224,17.26213110311852
elodie,gwo,gwo_v1,38.35,39.85,3.55,ankle_angle_r,8.720557533760106,53.48738493168421,0.5817945847258505,16.303951941001188,37.72624035,-6.084781209880002
elodie,gwo,gwo_v1,38.35,39.85,3.55,hip_flexion_l,49.128117304606015,105.396535615115,0.6327038834440688,46.61264909504342,202.76909173,-0.48151053839596264
elodie,gwo,gwo_v1,38.35,39.85,3.55,hip_adduction_l,70.80990468058914,416.24993415681917,-0.2224266822184441,17.011391202745997,196.94949715,-32.8042602051238
elodie,gwo,gwo_v1,38.35,39.85,3.55,hip_rotation_l,98.06714437732916,740.6827046363695,-0.5085744466752652,13.24010183624771,175.08947061,61.69026030239545
elodie,gwo,gwo_v1,38.35,39.85,3.55,knee_angle_l,30.06768385913402,62.68813706752853,0.31287561871717745,47.963913533982826,137.51867981,15.283454177222566
elodie,gwo,gwo_v1,38.35,39.85,3.55,ankle_angle_l,11.710043164168194,37.253738851902696,0.25829517813672453,31.433202478602,61.18710223,-3.3097911661188997
elodie,gwo,gwo_v2,66.57,68.07,4.06,pelvis_tilt,38.639572409467185,242.95724137125165,0.3509854900913297,15.903857070233958,166.30765528,-11.229631173042964
elodie,gwo,gwo_v2,66.57,68.07,4.06,pelvis_list,11.54635029610618,71.44193294959616,0.2865341482157292,16.16186715475963,107.92561155,-1.6862643895988643
elodie,gwo,gwo_v2,66.57,68.07,4.06,pelvis_rotation,18.29911378294775,113.35437368374397,-0.028362935905056213,16.143279864967404,216.76339969,-4.253626319399618
elodie,gwo,gwo_v2,66.57,68.07,4.06,hip_flexion_r,50.83210785031527,152.21635068200916,0.6419628075994687,33.394643625708234,202.64232004000002,25.87492824029822
elodie,gwo,gwo_v2,66.57,68.07,4.06,hip_adduction_r,14.44902803513404,114.9964177672621,0.5701770981230615,12.564763594964328,73.00026471,5.050358236825816
elodie,gwo,gwo_v2,66.57,68.07,4.06,hip_rotation_r,20.65610842671688,91.51547164266293,0.6140548154280017,22.571165351550633,149.97429601,10.864983543253835
elodie,gwo,gwo_v2,66.57,68.07,4.06,knee_angle_r,29.922970804526724,237.68855017324267,0.4697708232808307,12.589151131897998,63.215024629999995,23.227579465169974
elodie,gwo,gwo_v2,66.57,68.07,4.06,ankle_angle_r,6.116598579838786,36.90853471701718,0.6330438805637849,16.572314850035607,19.44145708,-4.919638020975531
elodie,gwo,gwo_v2,66.57,68.07,4.06,hip_flexion_l,53.9500301608833,108.47961416768722,0.051711954500864216,49.73287430529356,203.78573151,29.031160980394436
elodie,gwo,gwo_v2,66.57,68.07,4.06,hip_adduction_l,13.979256858857106,80.07187289692858,0.5948640572227685,17.45838626361558,54.83455741,-2.474914831547783
elodie,gwo,gwo_v2,66.57,68.07,4.06,hip_rotation_l,20.666440163305218,145.08460462899453,-0.4217641930678804,14.244406025127713,154.52008665,5.67146132321988
elodie,gwo,gwo_v2,66.57,68.07,4.06,knee_angle_l,25.105485907597952,50.795216104990516,0.7762887736995825,49.424902250059326,75.51990699,20.985916165430485
elodie,gwo,gwo_v2,66.57,68.07,4.06,ankle_angle_l,5.622756404099452,17.574473787270332,0.7561154740618625,31.993881991346836,38.34528796,-1.4350979183507189
elodie,rd,rd_correct,44.901,46.401,,pelvis_tilt,12.74740607855811,743.190834493576,0.16810878514147057,1.715226491893489,2.14061821,12.73347295819273
elodie,rd,rd_correct,44.901,46.401,,pelvis_list,7.053954066782343,767.992692507686,0.9473765527208047,0.9184923418671394,2.89118515,-7.02771287737555
elodie,rd,rd_correct,44.901,46.401,,pelvis_rotation,357.1829282028588,36954.43652810955,0.9687408395327678,0.9665495181645269,0.8864639999999895,-357.18292058891
elodie,rd,rd_correct,44.901,46.401,,hip_flexion_r,18.033113397919053,2357.8879545910086,-0.946073274615685,0.7647994198709505,3.5503031200000024,18.0028660996737
elodie,rd,rd_correct,44.901,46.401,,hip_adduction_r,6.238398493195308,1360.8797115521609,0.5352797679692647,0.45840925103366104,2.56545243,-6.2016294828166
elodie,rd,rd_correct,44.901,46.401,,hip_rotation_r,26.670549592196995,6529.107506306198,-0.5656808898034102,0.4084869113647922,3.729607950000002,26.650399975436343
elodie,rd,rd_correct,44.901,46.401,,knee_angle_r,2.136598412379168,63.41069063791976,0.9809203655849832,3.3694608762098497,4.655787290000003,2.0915112309360775
elodie,rd,rd_correct,44.901,46.401,,ankle_angle_r,6.777261742170652,26.303625781657004,0.9935030082134552,25.7655039591417,23.69255355,-6.601210662909517
elodie,rd,rd_correct,44.901,46.401,,hip_flexion_l,18.34759627706252,731.2481108226928,0.5718058997258622,2.509079477336428,2.6552216399999997,18.334794047851307
elodie,rd,rd_correct,44.901,46.401,,hip_adduction_l,13.242015836836892,1722.0336716536415,0.9570491480305995,0.768975430319013,3.0388749300000004,13.22737564385168
elodie,rd,rd_correct,44.901,46.401,,hip_rotation_l,4.46213317767207,637.9186489287243,0.8758270402736135,0.6994831057479605,0.8752060199999985,4.460811896242863
elodie,rd,rd_correct,44.901,46.401,,knee_angle_l,4.303006409683465,351.61494327696863,0.9373571093633636,1.2237837133941056,2.0692709999999988,4.290010745909001
elodie,rd,rd_correct,44.901,46.401,,ankle_angle_l,2.805677083623605,162.0684414375301,0.959673238046325,1.731168053902131,1.269859580000002,-2.793575733698302
elodie,rd,rd_toes,101.671,103.171,,pelvis_tilt,9.279119398539907,550.1998837195205,0.9266830306760226,1.6864997018556611,2.2701219200000002,9.276912601791315
elodie,rd,rd_toes,101.671,103.171,,pelvis_list,6.588217132583603,884.589587064747,0.9770189380908163,0.7447766997172874,1.00296905,-6.58776956146371
elodie,rd,rd_toes,101.671,103.171,,pelvis_rotation,356.3661187902434,57638.713829203596,0.9636505181515453,0.6182756260770077,0.8533311999999853,-356.36610642822075
elodie,rd,rd_toes,101.671,103.171,,hip_flexion_r,14.152299676184628,1297.1580234540193,0.9331124343344342,1.0910235623027997,1.9628865299999987,14.149914895674296
elodie,rd,rd_toes,101.671,103.171,,hip_adduction_r,6.540046240341059,648.7605237287688,0.9552425772582577,1.0080832604844643,1.2140594500000002,-6.538898746221759
elodie,rd,rd_toes,101.671,103.171,,hip_rotation_r,21.15988877044076,7149.862635019221,-0.6415475260275766,0.2959481860085257,2.65867686,21.14719802276339
elodie,rd,rd_toes,101.671,103.171,,knee_angle_r,1.1737026788966867,44.08979772980866,0.6798882654541379,2.6620731764055208,2.382899339999998,1.0798546376227856
elodie,rd,rd_toes,101.671,103.171,,ankle_angle_r,11.65809764766431,46.64512871242702,0.9688944247505469,24.993172855279106,20.83118409,-11.477525448355925
elodie,rd,rd_toes,101.671,103.171,,hip_flexion_l,13.312180090941661,669.8159306665943,0.9588559031538167,1.987438560574919,3.5781699300000014,13.306116743654485
elodie,rd,rd_toes,101.671,103.171,,hip_adduction_l,11.17194934793127,1440.8020959259645,0.7611383636520391,0.7753979106166805,0.5444296899999994,11.170443234394476
elodie,rd,rd_toes,101.671,103.171,,hip_rotation_l,5.459440246961217,981.6380122864567,0.8472591488357811,0.5561561572218405,1.0725873800000016,5.456211274198415
elodie,rd,rd_toes,101.671,103.171,,knee_angle_l,2.8606518919427377,177.65266104181748,0.963861927761853,1.6102499535705643,1.3502052399999993,2.8568631150497854
elodie,rd,rd_toes,101.671,103.171,,ankle_angle_l,3.5402868337714164,193.73496045656432,0.6001510479378913,1.8273866654878503,0.9160088399999999,-3.5164317823009252
elodie,rd,rd_supination,170.684,172.184,,pelvis_tilt,9.9505380076514,2276.542245202164,0.8672637774127154,0.4370899783925495,1.3692726900000003,9.947294819875829
elodie,rd,rd_supination,170.684,172.184,,pelvis_list,7.078443279256841,674.9391322326215,0.8895577429765318,1.0487528343248018,1.1041054,-7.077312284587177
elodie,rd,rd_supination,170.684,172.184,,pelvis_rotation,356.7613959613311,16387.19313832635,0.868026434628206,2.1770744565580173,1.796206600000005,-356.7612221585241
elodie,rd,rd_supination,170.684,172.184,,hip_flexion_r,14.581342276396644,2378.1325660336192,0.43742090867242567,0.6131425339637904,0.9647155000000005,14.58011388569769
elodie,rd,rd_supination,170.684,172.184,,hip_adduction_r,7.9513970919647905,235.18979638215484,0.9673379859013945,3.380842712685008,5.02471929,-7.909084242852223
elodie,rd,rd_supination,170.684,172.184,,hip_rotation_r,21.909008945151037,331.3428255338454,0.9428163794592128,6.612187516012208,11.301850530000001,21.835510142040253
elodie,rd,rd_supination,170.684,172.184,,knee_angle_r,1.4429747781301188,109.94283835428655,-0.543021302947143,1.3124772834044798,2.018295300000002,-1.1763669708065851
elodie,rd,rd_supination,170.684,172.184,,ankle_angle_r,6.836696146262715,46.95203314261873,0.9673698776115782,14.561022577011668,11.096596680000001,-6.778535031701729
elodie,rd,rd_supination,170.684,172.184,,hip_flexion_l,14.305345654819199,2190.015467899226,0.9057565569575511,0.6532075167734597,2.011803969999999,14.301416257315953
elodie,rd,rd_supination,170.684,172.184,,hip_adduction_l,11.870329842452739,661.915066358222,0.5483805223147464,1.7933312664662373,1.509907590000001,11.862245174824784
elodie,rd,rd_supination,170.684,172.184,,hip_rotation_l,4.603351558085102,715.0202694428888,0.8094307061973695,0.6438071415334594,1.7620696900000006,4.591573145502235
elodie,rd,rd_supination,170.684,172.184,,knee_angle_l,3.0202647313048665,426.5653088022864,0.9527663151808637,0.7080427472607163,1.1022352499999997,3.016757866424522
elodie,rd,rd_supination,170.684,172.184,,ankle_angle_l,3.1531908937630715,465.8073552558982,0.7525432148097845,0.6769302498520702,0.7627418200000022,-3.149913819840306
elodie,rd,rd_pronation,228.282,229.782,,pelvis_tilt,9.849797358263025,1002.9593626464596,0.847533928320296,0.9820734244179992,2.33450362,9.839659140537234
elodie,rd,rd_pronation,228.282,229.782,,pelvis_list,6.893979295416654,258.7916166924932,0.9879780487625495,2.663911367580489,2.56669257,-6.892991607161322
elodie,rd,rd_pronation,228.282,229.782,,pelvis_rotation,355.1249087833655,19710.557248980935,0.853916796011793,1.8016989793717073,2.4005729100000224,-355.12475057622106
elodie,rd,rd_pronation,228.282,229.782,,hip_flexion_r,14.14539047999431,619.647428693653,0.5101413599878196,2.282812745598859,2.4701784599999996,14.127249859597967
elodie,rd,rd_pronation,228.282,229.782,,hip_adduction_r,5.711148765429796,212.15490045831524,0.9719942764489995,2.69197117440704,2.4974603199999996,-5.7078670638422375
elodie,rd,rd_pronation,228.282,229.782,,hip_rotation_r,27.828544633360117,585.6837964606739,0.753237134411784,4.751462273931747,6.63944935,27.799523053475856
elodie,rd,rd_pronation,228.282,229.782,,knee_angle_r,3.8969793314475942,82.24073982437507,0.9453213668746326,4.7385022797333605,7.25721248,3.8043773530542597
elodie,rd,rd_pronation,228.282,229.782,,ankle_angle_r,5.637330557701297,33.28649866572425,0.9844159981909179,16.93578713193456,15.688758159999999,-5.585892446843972
elodie,rd,rd_pronation,228.282,229.782,,hip_flexion_l,12.000204594267567,1137.7175490032125,0.8997581634467435,1.0547613161791602,3.90132513,11.966319596461254
elodie,rd,rd_pronation,228.282,229.782,,hip_adduction_l,11.206795649203462,466.4439029188946,0.9895935426801519,2.4026030952648347,2.6139081799999992,11.206311339939923
elodie,rd,rd_pronation,228.282,229.782,,hip_rotation_l,6.429364239383381,448.6113061104412,-0.1344810037093427,1.4331703530005484,1.7715808699999993,6.393782269700333
elodie,rd,rd_pronation,228.282,229.782,,knee_angle_l,1.5202893719674908,368.5045650965505,-0.5935135152975137,0.41255645545915165,1.12060973,1.4468385765752125
elodie,rd,rd_pronation,228.282,229.782,,ankle_angle_l,3.405541658336704,559.81435060074,0.2057037074613816,0.6083341119573298,0.7185662999999991,-3.3979713702009957
elodie,rgs,rgs_correct,45.757,47.257,,pelvis_tilt,43.62817154446415,257.33234731587015,0.14565654274164383,16.95401763498915,136.87895895999998,-0.6031505508492079
elodie,rgs,rgs_correct,45.757,47.257,,pelvis_list,29.725428091384902,296.9743244458892,-0.6286188051699292,10.009426958659883,76.85057935,17.672187181565096
elodie,rgs,rgs_correct,45.757,47.257,,pelvis_rotation,9.085196134220412,65.70138219077434,0.4091663527044754,13.828013705769706,45.934564200000004,0.26855934502696327
elodie,rgs,rgs_correct,45.757,47.257,,hip_flexion_r,58.69051033606097,117.6829482861602,0.8965694803768495,49.87171989721736,221.74601008000002,12.713995199560253
elodie,rgs,rgs_correct,45.757,47.257,,hip_adduction_r,12.100401632398297,146.8155181518622,0.09484169340137112,8.2419091555989,62.68582497,2.739434633649637
elodie,rgs,rgs_correct,45.757,47.257,,hip_rotation_r,22.71088097944549,300.3340449523042,-0.3264677091159264,7.561873640749647,77.72310423,11.282604145291927
elodie,rgs,rgs_correct,45.757,47.257,,knee_angle_r,13.15143604375604,22.155747758847212,0.939240271278106,59.35902586950341,88.3786204,6.312419638547436
elodie,rgs,rgs_correct,45.757,47.257,,ankle_angle_r,13.625466921959127,117.88540670165146,0.21006757003409185,11.558230406281702,23.805763879999997,-11.183236584863216
elodie,rgs,rgs_correct,45.757,47.257,,hip_flexion_l,57.5849291159867,182.34228123068797,-0.3500720579046945,31.58067823179961,162.06723343,16.987941122363264
elodie,rgs,rgs_correct,45.757,47.257,,hip_adduction_l,20.6074444620832,236.7927300410454,-0.22111162939943063,8.702735281826909,93.34368599,9.784029364396039
elodie,rgs,rgs_correct,45.757,47.257,,hip_rotation_l,20.15021868588256,125.63016821680783,0.49508821775838985,16.039315215361384,77.0548791,-7.575834601550902
elodie,rgs,rgs_correct,45.757,47.257,,knee_angle_l,20.17903941277363,188.05952584866225,0.10042298957266581,10.730134153912722,64.55529123,13.828365782169762
elodie,rgs,rgs_correct,45.757,47.257,,ankle_angle_l,5.314297048919172,37.90499335795623,0.8642457437639914,14.020044796561624,29.70997405,2.2089508420030035
elodie,rgs,rgs_flexion,143.217,144.717,,pelvis_tilt,36.39844826246859,237.6895379362928,0.08212816171958826,15.31344146591103,85.9854872,15.25108198253311
elodie,rgs,rgs_flexion,143.217,144.717,,pelvis_list,9.061719721252505,82.28597535182357,0.21299884206803044,11.012471666657696,17.51888241,7.00060776535174
elodie,rgs,rgs_flexion,143.217,144.717,,pelvis_rotation,4.399570353236843,79.55196230225108,-0.35583165554094637,5.530435989147621,10.80407305,-1.1318895534185909
elodie,rgs,rgs_flexion,143.217,144.717,,hip_flexion_r,42.688435061615216,81.51323642440035,0.7563502933119907,52.36994251995712,149.43390386,-12.38391990815907
elodie,rgs,rgs_flexion,143.217,144.717,,hip_adduction_r,6.481871132745639,52.43705718078907,0.8333369712662222,12.361241231364044,23.524233879999997,-4.690299721459332
elodie,rgs,rgs_flexion,143.217,144.717,,hip_rotation_r,4.923475361024853,68.67341285626837,-0.5770595071499824,7.1694053873943275,15.79224956,2.0593739028762026
elodie,rgs,rgs_flexion,143.217,144.717,,knee_angle_r,6.698432099423698,10.03180328549424,0.9883463297666069,66.7719642101583,82.85610236999999,2.2544638712841016
elodie,rgs,rgs_flexion,143.217,144.717,,ankle_angle_r,5.1593853923484,7.130406219984669,0.999003542018901,72.3575240059674,72.14235952,-4.844305527369801
elodie,rgs,rgs_flexion,143.217,144.717,,hip_flexion_l,39.64581885691552,140.11380498612692,-0.23359305940734398,28.29544088167541,92.16886924,-10.1846807455739
elodie,rgs,rgs_flexion,143.217,144.717,,hip_adduction_l,13.470153244533218,190.12954183112018,-0.12654359734862036,7.084723980715152,18.94105939,11.820133262910913
elodie,rgs,rgs_flexion,143.217,144.717,,hip_rotation_l,6.849537816460882,43.436864794994214,0.26180372309987865,15.76895074906567,13.31066154,3.1874455703070064
elodie,rgs,rgs_flexion,143.217,144.717,,knee_angle_l,6.942278101772229,101.3193496974254,0.49736548539211217,6.8518778718026425,19.794655489999997,4.439372714394888
elodie,rgs,rgs_flexion,143.217,144.717,,ankle_angle_l,1.4636515176062959,13.598833022308815,0.9603160377094926,10.76306706027777,12.929984869999998,0.28579995429681093
elodie,rgs,rgs_abduction,253.739,255.239,,pelvis_tilt,18.217776936560146,81.62341563503476,0.644512051207757,22.319302365411712,140.69815588,6.199143588365893
elodie,rgs,rgs_abduction,253.739,255.239,,pelvis_list,5.896231700033417,29.653922562053697,0.7922122619034655,19.88347979156883,69.61401434,-2.5649352050577887
elodie,rgs,rgs_abduction,253.739,255.239,,pelvis_rotation,17.34005651264297,100.42160924965438,0.6041011034150316,17.267256163496157,75.08079131,9.149007191942832
elodie,rgs,rgs_abduction,253.739,255.239,,hip_flexion_r,14.12830526588988,52.479309822139754,0.5787136079417682,26.92166744145993,168.33612807,-4.337705966437174
elodie,rgs,rgs_abduction,253.739,255.239,,hip_adduction_r,15.167888151140506,89.39444476578771,0.2334897962938908,16.967372179423652,57.59479683,7.811851785725102
elodie,rgs,rgs_abduction,253.739,255.239,,hip_rotation_r,6.778792076611127,77.55625931093554,0.4030682618682424,8.74048353651748,67.17511389,1.1955594928032627
elodie,rgs,rgs_abduction,253.739,255.239,,knee_angle_r,4.63140775971974,61.83896051228891,0.5830541883541175,7.48946573705644,58.09393131,-0.8472705477868617
elodie,rgs,rgs_abduction,253.739,255.239,,ankle_angle_r,5.433301977044442,10.467028488702278,0.9861277271620674,51.90873401088902,56.79591708,0.4842235186511897
elodie,rgs,rgs_abduction,253.739,255.239,,hip_flexion_l,13.982732262458317,42.52350283055078,0.6551092561211721,32.88236229780322,160.41803249,3.043883382860062
elodie,rgs,rgs_abduction,253.739,255.239,,hip_adduction_l,18.030001597345493,141.01455229831353,-0.04369986164546514,12.785915569340231,85.71354416,-2.3900408616127096
elodie,rgs,rgs_abduction,253.739,255.239,,hip_rotation_l,10.687223884205675,58.847765559309494,0.21980605431456762,18.16079809085461,53.9266164,8.494301073425197
elodie,rgs,rgs_abduction,253.739,255.239,,knee_angle_l,7.748081481809299,64.85917877060938,0.7290717340750918,11.94600614542518,60.43529282,5.920328409023358
elodie,rgs,rgs_abduction,253.739,255.239,,ankle_angle_l,3.787019443229509,127.4798770832998,0.1517652304403049,2.970680180962944,18.03118028,0.9382017082153699
elodie,rgs,rgs_stork,351.646,353.146,,pelvis_tilt,37.33452037022783,182.5112538745093,0.355517914076521,20.456010014537636,80.61749864000001,23.902018022790347
elodie,rgs,rgs_stork,351.646,353.146,,pelvis_list,21.956047180915686,164.73574319496055,-0.44814942819352077,13.328040870238624,49.10263327,17.24212235384172
elodie,rgs,rgs_stork,351.646,353.146,,pelvis_rotation,50.64358720220894,712.0862628861362,-0.19470540078562829,7.11200171127398,90.73548837,-30.474290698300294
elodie,rgs,rgs_stork,351.646,353.146,,hip_flexion_r,40.85279973614474,57.75778989835045,0.7697532460246966,70.731237826175,172.37430242,-18.060277109514207
elodie,rgs,rgs_stork,351.646,353.146,,hip_adduction_r,32.45552564561294,247.69226195439367,-0.5923407929214628,13.103164947312246,67.19542858999999,14.994715201256826
elodie,rgs,rgs_stork,351.646,353.146,,hip_rotation_r,50.99047341648904,578.2907918599752,-0.6556194922331859,8.81744515635235,93.71678777999999,28.956329097524947
elodie,rgs,rgs_stork,351.646,353.146,,knee_angle_r,11.959832983258169,12.062652825814915,0.9954391663487482,99.14761832209325,128.15859451,7.654591445495862
elodie,rgs,rgs_stork,351.646,353.146,,ankle_angle_r,10.453132867076517,13.597575656863809,0.9898214309245197,76.87497485480043,98.94490161,-7.802489967708897
elodie,rgs,rgs_stork,351.646,353.146,,hip_flexion_l,35.854476740349824,115.30487397833214,-0.3902990725728749,31.095369608649435,98.37898028000001,-6.8881870619463
elodie,rgs,rgs_stork,351.646,353.146,,hip_adduction_l,40.29485936755651,520.4484661150099,-0.8294511766703309,7.7423341581435405,59.25200925,30.773697163468263
elodie,rgs,rgs_stork,351.646,353.146,,hip_rotation_l,35.38592692563309,191.55557750297584,0.7863234225170792,18.47292957318529,78.59209942,-16.987031691271223
elodie,rgs,rgs_stork,351.646,353.146,,knee_angle_l,7.910119446622638,67.99722794418821,0.2714593399050644,11.633002823461018,23.779026279999997,3.1274480305864296
elodie,rgs,rgs_stork,351.646,353.146,,ankle_angle_l,5.559314472256341,55.01279212239414,0.34721145954605376,10.105494118327622,17.01511952,-4.1113205094442575
erna,ng,ng_v0,11.42,12.92,3.05,pelvis_tilt,10.314226791181838,597.185722140021,-0.2570692605027794,1.7271388797141203,36.33142035,-6.852997439284146
erna,ng,ng_v0,11.42,12.92,3.05,pelvis_list,10.092216568462945,561.9010043852591,0.05169219362564531,1.7960844507662364,99.1070132,-0.019198081300412093
erna,ng,ng_v0,11.42,12.92,3.05,pelvis_rotation,5.452085518544471,103.12636267423203,0.19895215051151122,5.286800947074198,47.26742092,2.151068271644615
erna,ng,ng_v0,11.42,12.92,3.05,hip_flexion_r,13.222626355046721,85.12041210484043,0.5540699052952445,15.534025303778819,104.53369040999999,6.481804365267641
erna,ng,ng_v0,11.42,12.92,3.05,hip_adduction_r,4.300909053064498,56.97443076624103,0.665691560600994,7.5488407610610295,36.21735689,0.044861689882023104
erna,ng,ng_v0,11.42,12.92,3.05,hip_rotation_r,23.54643768085697,500.0939428990816,0.06408487435422826,4.708402894135555,161.24268379,0.14307351668988857
erna,ng,ng_v0,11.42,12.92,3.05,knee_angle_r,3.9572956794482548,21.030249762951662,0.859142359053007,18.81715968214367,43.52758954,-0.9315312469228082
erna,ng,ng_v0,11.42,12.92,3.05,ankle_angle_r,9.955794200971182,97.61609728836902,0.18608154276633476,10.198926690913115,45.43853525,-5.766430143644896
erna,ng,ng_v0,11.42,12.92,3.05,hip_flexion_l,20.73660919013448,1394.9165868801724,0.30838730996435626,1.4865841717828694,140.61720273,9.725275098620028
erna,ng,ng_v0,11.42,12.92,3.05,hip_adduction_l,2.5851940533419655,57.29670037108784,0.8753402295912844,4.5119422874244,13.547051230000001,0.8546189014682176
erna,ng,ng_v0,11.42,12.92,3.05,hip_rotation_l,12.067939955471635,246.19770524385945,-0.0745362953358686,4.901727229146312,104.8009075,4.045145104721183
erna,ng,ng_v0,11.42,12.92,3.05,knee_angle_l,4.817185497468191,82.02177917758809,0.3802598734482098,5.8730565781051185,31.48217988,1.3878088157779853
erna,ng,ng_v0,11.42,12.92,3.05,ankle_angle_l,3.115119036535707,73.49802650745629,0.22164199990327327,4.238370993838429,21.47968518,-2.1320133160851498
erna,ng,ng_v1,28.31,29.81,3.57,pelvis_tilt,9.48182523372903,410.7132507668374,0.3245921055775975,2.308624135214931,59.87618121,-1.8928302964057468
erna,ng,ng_v1,28.31,29.81,3.57,pelvis_list,30.501869248361675,836.351916845608,-0.4232367615082066,3.6470137311818194,121.03033341,-12.485768171133566
erna,ng,ng_v1,28.31,29.81,3.57,pelvis_rotation,50.51315321034642,1184.1494657507762,-0.2440393486799185,4.265775112968529,172.2110553,19.339971213030648
erna,ng,ng_v1,28.31,29.81,3.57,hip_flexion_r,36.97116821311711,112.05067568638314,0.7467569568807135,32.995042632848666,114.12319018000001,21.315992044873884
erna,ng,ng_v1,28.31,29.81,3.57,hip_adduction_r,13.193196171933165,120.81830267495295,0.823897167885806,10.919865516922437,65.79672653,-2.7720371945150113
erna,ng,ng_v1,28.31,29.81,3.57,hip_rotation_r,34.95965011009215,314.3780814038807,-0.7163114076377902,11.12025684296342,156.24396057,6.74387046387656
erna,ng,ng_v1,28.31,29.81,3.57,knee_angle_r,12.1705588732261,19.192302653384907,0.8521019999352318,63.41375025721368,66.78376453,4.217175509765082
erna,ng,ng_v1,28.31,29.81,3.57,ankle_angle_r,5.168081039969762,17.458216232800503,0.9339607856971733,29.60257205578637,31.645060739999998,-4.533523919607699
erna,ng,ng_v1,28.31,29.81,3.57,hip_flexion_l,59.60925395525509,145.61562384509108,-0.41314353852360913,40.93602896531807,132.43535476,33.175908377067195
erna,ng,ng_v1,28.31,29.81,3.57,hip_adduction_l,12.603739559080951,104.15378610813507,0.7702514524352901,12.10108631672346,71.24298415999999,3.1419237643509086
erna,ng,ng_v1,28.31,29.81,3.57,hip_rotation_l,47.48171056639956,244.5365759850354,-0.0009423288656806771,19.41701783266371,162.84707305,25.614642381236568
erna,ng,ng_v1,28.31,29.81,3.57,knee_angle_l,16.52930004866906,23.563002686005937,0.8358670708336826,70.1493789604574,74.32719431000001,10.169596995415278
erna,ng,ng_v1,28.31,29.81,3.57,ankle_angle_l,4.24174949738019,13.523844683710267,0.8421457583224009,31.36496755607863,25.87697155,1.2532070277148335
erna,ng,ng_v2,42.72,44.22,4.06,pelvis_tilt,14.57890929602505,389.97730492025704,-0.08221690609309963,3.7383994176292283,59.26279273,-10.087743919894104
erna,ng,ng_v2,42.72,44.22,4.06,pelvis_list,15.269513475832648,481.7259600389916,0.18805966478630617,3.169751008352697,57.91014987,5.398448668405928
erna,ng,ng_v2,42.72,44.22,4.06,pelvis_rotation,17.87176483165308,293.2965222696159,0.19822585032130421,6.093411777731301,100.6905558,-8.3851836831835
erna,ng,ng_v2,42.72,44.22,4.06,hip_flexion_r,31.714053142406076,84.05442899810116,0.24314097534895934,37.73037723345014,110.59904905,16.57110678672195
erna,ng,ng_v2,42.72,44.22,4.06,hip_adduction_r,11.612852004546948,101.41307480251052,0.43314432581124723,11.451040240286126,64.52785994,1.7336383695076527
erna,ng,ng_v2,42.72,44.22,4.06,hip_rotation_r,43.91839701993662,355.75099866954633,0.08838526387507141,12.345263171202506,133.08828349,35.51978513803635
erna,ng,ng_v2,42.72,44.22,4.06,knee_angle_r,17.603889792934883,27.825837333169673,0.7735267507065411,63.26454647943421,139.55402095,-0.12163026688299411
erna,ng,ng_v2,42.72,44.22,4.06,ankle_angle_r,10.476206998982564,35.25878596810443,0.7016236805915821,29.712330448528434,67.15518413,-5.60242547911921
erna,ng,ng_v2,42.72,44.22,4.06,hip_flexion_l,24.471412553288882,62.90967662592561,0.6209296084558303,38.89928205926273,100.08790069,15.85434918149992
erna,ng,ng_v2,42.72,44.22,4.06,hip_adduction_l,12.407388067446401,86.849177647062,0.24008445572724416,14.286131893922576,59.057005450000005,0.4292154490220825
erna,ng,ng_v2,42.72,44.22,4.06,hip_rotation_l,17.080069298965277,62.880181733144724,0.25689443855379074,27.162881576027978,95.37526109,2.765438193500945
erna,ng,ng_v2,42.72,44.22,4.06,knee_angle_l,9.877157904806184,15.94445689432452,0.9184234803128436,61.947283436929034,74.45875322,5.71180636006738
erna,ng,ng_v2,42.72,44.22,4.06,ankle_angle_l,4.141479887581251,12.306108594752502,0.9074723663489926,33.653854552748186,28.79897029,2.427950150733656
erna,gwo,gwo_v0,37.67,39.17,3.05,pelvis_tilt,38.659349705132264,604.3580033369218,-0.46526493803369773,6.396763092683026,54.249317500000004,-36.7919235063801
erna,gwo,gwo_v0,37.67,39.17,3.05,pelvis_list,14.758062540302545,1916.1403437563304,0.5672462308605413,0.770197370374833,43.16169294,10.581039533986832
erna,gwo,gwo_v0,37.67,39.17,3.05,pelvis_rotation,6.410465597011735,854.8048192715097,0.07291536737371386,0.7499332540585026,21.13579624,1.0927022491028435
erna,gwo,gwo_v0,37.67,39.17,3.05,hip_flexion_r,15.204069143705494,188.4961669419513,-0.27384066799338175,8.065983192320136,25.91177559,13.244276284174791
erna,gwo,gwo_v0,37.67,39.17,3.05,hip_adduction_r,27.523001764517176,4524.624367977357,-0.4264016600701567,0.608293628954237,46.735918639999994,-24.497433899061384
erna,gwo,gwo_v0,37.67,39.17,3.05,hip_rotation_r,88.50279450437553,7416.198810901243,-0.3092604593626357,1.1933713855443469,123.13463287,78.89363878118222
erna,gwo,gwo_v0,37.67,39.17,3.05,knee_angle_r,17.287663132316972,2574.3254291556523,0.20218155964885917,0.6715414817615781,76.82540458,1.0367720717448856
erna,gwo,gwo_v0,37.67,39.17,3.05,ankle_angle_r,66.64836034744152,2771.9440316208606,0.12071953738556784,2.404390549994969,185.13063742,-56.198895801168035
erna,gwo,gwo_v0,37.67,39.17,3.05,hip_flexion_l,53.26638216989894,865.713801472559,-0.5347674093880187,6.15288587051449,79.13029213,46.10970707379209
erna,gwo,gwo_v0,37.67,39.17,3.05,hip_adduction_l,18.85173728620464,3226.852124383912,-0.5932441542627718,0.5842144777490823,33.70532834,17.381353633617067
erna,gwo,gwo_v0,37.67,39.17,3.05,hip_rotation_l,48.71821702105139,2577.2233091469184,0.5074107120233323,1.8903374359584504,111.17278129,27.354569202499736
erna,gwo,gwo_v0,37.67,39.17,3.05,knee_angle_l,39.44427315707553,1149.6160788323978,-0.01200238585055471,3.431082244181633,105.560452,27.570269678418246
erna,gwo,gwo_v0,37.67,39.17,3.05,ankle_angle_l,79.6976927902849,2248.1407541145077,0.5645132267558541,3.5450490652964493,188.83895772,-38.114617550099
erna,gwo,gwo_v1,68.65,70.15,3.56,pelvis_tilt,23.04126441145346,296.72155959374066,-0.44420523274986573,7.76528151274233,106.53103829,-12.752200671505074
erna,gwo,gwo_v1,68.65,70.15,3.56,pelvis_list,18.38753671199775,308.59706215286604,0.03680530179093009,5.9584289570745606,153.89480308,10.99158473768132
erna,gwo,gwo_v1,68.65,70.15,3.56,pelvis_rotation,8.4213290035335,310.8643483777848,0.030966034130103758,2.709004441158783,98.26785214,-2.298529327582206
erna,gwo,gwo_v1,68.65,70.15,3.56,hip_flexion_r,19.274655825148518,202.00510400608357,-0.053961709699637074,9.541667731607438,153.15867313,4.381314615010506
erna,gwo,gwo_v1,68.65,70.15,3.56,hip_adduction_r,29.146285675596683,758.0871560627194,-0.06640262490308194,3.8447143501248426,86.43190883,-24.199318853812546
erna,gwo,gwo_v1,68.65,70.15,3.56,hip_rotation_r,14.0304377051957,332.8197011779413,0.10913688277168955,4.215627156546949,149.04115958,7.550978622619251
erna,gwo,gwo_v1,68.65,70.15,3.56,knee_angle_r,30.087518765180786,1103.710252055392,-0.16890112405214766,2.7260341841665507,79.67271167,-20.911238583231125
erna,gwo,gwo_v1,68.65,70.15,3.56,ankle_angle_r,43.908987155552566,565.0184600147513,-0.29806899268664305,7.771248244598275,193.40483245,-17.854222334532686
erna,gwo,gwo_v1,68.65,70.15,3.56,hip_flexion_l,33.92780000930703,328.9488815223642,-0.17524162264344473,10.31400376018618,171.777527,21.390559440212794
erna,gwo,gwo_v1,68.65,70.15,3.56,hip_adduction_l,18.2665805427765,542.8756280892,-0.019617681420375285,3.364781839087297,36.2665681,14.561037508754504
erna,gwo,gwo_v1,68.65,70.15,3.56,hip_rotation_l,12.294747422168978,138.2699356585868,0.10220218305152984,8.891844321477741,143.82965522,4.872379273879793
erna,gwo,gwo_v1,68.65,70.15,3.56,knee_angle_l,10.316038884890856,52.33616527917771,0.6458351502551309,19.71110957377529,49.487280809999994,7.32120427841219
erna,gwo,gwo_v1,68.65,70.15,3.56,ankle_angle_l,4.420991406605088,36.29207281555048,0.8117177277194919,12.181699924041745,26.761341870000003,3.4513843351962943
erna,gwo,gwo_v2,98.88,100.38,4.04,pelvis_tilt,23.502601409354277,341.4449193249708,-0.28819098349407235,6.88327753003864,61.25148777,-17.08637304070614
erna,gwo,gwo_v2,98.88,100.38,4.04,pelvis_list,16.38009954734961,204.69204442781276,0.3625685196707582,8.002313716264755,65.32475228,12.36578154452933
erna,gwo,gwo_v2,98.88,100.38,4.04,pelvis_rotation,8.164764478634579,63.61200528432611,0.39071052372186343,12.835257184772892,43.41101786,-6.037182068687226
erna,gwo,gwo_v2,98.88,100.38,4.04,hip_flexion_r,14.704036219831082,38.96151701304513,0.30688634412580623,37.73989656231266,129.65971643,4.076812697728094
erna,gwo,gwo_v2,98.88,100.38,4.04,hip_adduction_r,28.380859140669465,273.91772223554204,0.0259598652793459,10.361089055882534,58.657425669999995,-23.13056432906738
erna,gwo,gwo_v2,98.88,100.38,4.04,hip_rotation_r,26.48119746781136,174.08855526009953,-0.07368776147896067,15.211337372664588,182.45680066,7.999239514891085
erna,gwo,gwo_v2,98.88,100.38,4.04,knee_angle_r,39.22512881141325,501.3915604345655,0.25239251711037813,7.823252704416502,132.75054318,-27.49329195178202
erna,gwo,gwo_v2,98.88,100.38,4.04,ankle_angle_r,29.224929941036468,101.83960882863052,0.23473769845450831,28.69701708125607,183.69494687,-15.384344339909314
erna,gwo,gwo_v2,98.88,100.38,4.04,hip_flexion_l,34.29979412514608,90.0116185419722,0.7727997922126499,38.105963075369175,114.98031683,25.039683263029872
erna,gwo,gwo_v2,98.88,100.38,4.04,hip_adduction_l,16.549633731580606,150.36815872696673,0.19766080495666663,11.0060759350195,55.18277272,12.213133678444681
erna,gwo,gwo_v2,98.88,100.38,4.04,hip_rotation_l,7.685242007488849,37.95681133972066,-0.05987475924458121,20.247333050989127,54.56086078,-0.22204763163414298
erna,gwo,gwo_v2,98.88,100.38,4.04,knee_angle_l,12.3194635931815,19.907947515501498,0.9617871885280728,61.882138194250516,93.72619249,8.10437761977989
erna,gwo,gwo_v2,98.88,100.38,4.04,ankle_angle_l,5.301727624040248,15.721834013491126,0.890848501280008,33.72206842719979,23.8815981,3.549063631121179
erna,rd,rd_correct,36.058,37.558,,pelvis_tilt,49.21814817481664,2810.1582337005784,-0.9198622097964133,1.751436897202879,106.13527355,-33.86319058621522
erna,rd,rd_correct,36.058,37.558,,pelvis_list,18.016690109487115,1692.6379164346831,0.36490854187727517,1.0644148955044608,50.29107965,-5.580017666689613
erna,rd,rd_correct,36.058,37.558,,pelvis_rotation,353.7474162186741,9739.121577533097,0.5395010235664429,3.6322312377198784,102.05817483,-353.50674744524804
erna,rd,rd_correct,36.058,37.558,,hip_flexion_r,63.45272652933959,2429.6108633256567,0.4029063808413142,2.6116415384513614,156.14325384999998,-41.64109684749171
erna,rd,rd_correct,36.058,37.558,,hip_adduction_r,20.006205074586106,1046.944819393575,0.8622718541574919,1.9109130399226157,80.87131368,7.473386006285162
erna,rd,rd_correct,36.058,37.558,,hip_rotation_r,17.21263316032675,332.7998573356988,0.30009521816653284,5.172067469657652,79.85924276,11.415329535710004
erna,rd,rd_correct,36.058,37.558,,knee_angle_r,16.194365989616596,461.2143915465407,0.7509816634033153,3.5112447240238467,86.36093179,1.2911087852832246
erna,rd,rd_correct,36.058,37.558,,ankle_angle_r,14.732520579373691,72.99212497185962,0.8824340112356912,20.183712400554803,25.46948898,14.410941376588163
erna,rd,rd_correct,36.058,37.558,,hip_flexion_l,67.04609164633887,3378.682900652738,-0.4835826185364697,1.9843854430194092,149.40419844,-46.54370279702577
erna,rd,rd_correct,36.058,37.558,,hip_adduction_l,19.4767468683209,772.7107691707956,0.924957858079822,2.5205740162288164,54.95802379,14.058131498150138
erna,rd,rd_correct,36.058,37.558,,hip_rotation_l,16.409213460834746,792.4144862146695,0.014010736182062682,2.070786658535341,94.35783571,-4.925986965260301
erna,rd,rd_correct,36.058,37.558,,knee_angle_l,23.276418829955865,1635.393502312244,0.8286211989544552,1.4232916296320055,81.65557266,-16.10517726652434
erna,rd,rd_correct,36.058,37.558,,ankle_angle_l,2.648441658495132,91.35225663386166,0.11921458758716012,2.8991529668610623,18.24181445,0.682843054241507
erna,rd,rd_toes,81.005,82.505,,pelvis_tilt,5.400995893324492,496.9967847873033,0.8544618272765572,1.0867265259343526,2.6825338700000003,-5.381805024761471
erna,rd,rd_toes,81.005,82.505,,pelvis_list,0.7227476713869445,50.10136147811121,0.973395129024188,1.4425709203585333,1.6923445899999994,0.7081157684502752
erna,rd,rd_toes,81.005,82.505,,pelvis_rotation,352.22049942135266,19922.578328384214,0.8527910167230511,1.7679463652530103,1.506931709999975,-352.2203896956405
erna,rd,rd_toes,81.005,82.505,,hip_flexion_r,2.9051154705677456,239.6677848025648,0.8133696943386902,1.2121426636295496,2.881991469999999,-2.8412590235161015
erna,rd,rd_toes,81.005,82.505,,hip_adduction_r,4.762916938152877,222.53441068350796,0.9286585023610928,2.1403058176592626,2.0259337299999998,4.756206405645015
erna,rd,rd_toes,81.005,82.505,,hip_rotation_r,3.4573538635299044,309.0334140105927,0.7269411348305892,1.1187637668887795,2.4486965100000013,-3.422831054386071
erna,rd,rd_toes,81.005,82.505,,knee_angle_r,3.183843067518114,187.4653325476648,0.8089944031591404,1.6983636516946903,1.7799924399999996,3.172506864980036
erna,rd,rd_toes,81.005,82.505,,ankle_angle_r,4.54959965682117,20.972522947093577,0.9653972625496002,21.693144254977028,13.964353469999999,-3.505356754593596
erna,rd,rd_toes,81.005,82.505,,hip_flexion_l,4.654467729328046,520.7882895583996,0.8763665691401763,0.8937350978599738,3.026346140000001,-4.605447839766059
erna,rd,rd_toes,81.005,82.505,,hip_adduction_l,4.763472297413813,204.6249458759896,0.9576022948638704,2.3279039987141434,2.2001228999999998,-4.758881220093224
erna,rd,rd_toes,81.005,82.505,,hip_rotation_l,6.295841231390742,415.8278665638027,0.7131887543877545,1.5140498599616432,0.5044648700000001,6.280967631419534
erna,rd,rd_toes,81.005,82.505,,knee_angle_l,0.44175791444305823,43.28744081960912,0.7400006921732651,1.0205221331609486,0.9148886899999997,-0.38299123999450346
erna,rd,rd_toes,81.005,82.505,,ankle_angle_l,0.9250393435194716,74.8363321829547,0.7579650882542452,1.236083218586928,1.1450518999999995,0.8966214682643446
erna,rd,rd_supination,126.694,128.19400000000002,,pelvis_tilt,3.26066511750882,220.04696034980364,0.08123298112395581,1.4818042077588416,10.264713760000001,-2.4033447251109674
erna,rd,rd_supination,126.694,128.19400000000002,,pelvis_list,5.876006152858817,457.9014727346204,0.1729368761257254,1.2832468342516758,24.581239359999998,-1.9334568100508054
erna,rd,rd_supination,126.694,128.19400000000002,,pelvis_rotation,355.30004699913974,44608.22315293207,0.22379894147544527,0.796490023332808,6.207913759999997,-355.29741943702584
erna,rd,rd_supination,126.694,128.19400000000002,,hip_flexion_r,3.55078781327468,187.04256994745614,0.13940159357699325,1.8983848512518646,13.16991457,2.203358320438883
erna,rd,rd_supination,126.694,128.19400000000002,,hip_adduction_r,3.605146563306807,591.2656476621198,-0.041255667990116936,0.6097338104389547,15.69529988,0.3952412538586208
erna,rd,rd_supination,126.694,128.19400000000002,,hip_rotation_r,6.160669117857653,243.53795026775904,0.5386832586912425,2.5296546641228908,28.670791989999998,-0.788214588308295
erna,rd,rd_supination,126.694,128.19400000000002,,knee_angle_r,6.576937648270862,558.0227327897246,0.40979311282995573,1.1786146444949939,13.594220519999999,5.896631162764392
erna,rd,rd_supination,126.694,128.19400000000002,,ankle_angle_r,3.517469996387821,17.157577159743393,0.9261397638284682,20.500971457909667,14.73465112,-1.2588975353670675
erna,rd,rd_supination,126.694,128.19400000000002,,hip_flexion_l,2.8640198474607637,227.03193260339586,0.04628859720892093,1.2615052933826476,12.717129070000002,-0.9302264537898176
erna,rd,rd_supination,126.694,128.19400000000002,,hip_adduction_l,7.18135308822566,517.5127724259793,0.16008629801315963,1.3876668308225806,30.89074174,1.2143236474815604
erna,rd,rd_supination,126.694,128.19400000000002,,hip_rotation_l,5.86745146427935,456.88882120679074,0.6338705517496095,1.2842186527526582,5.145191219999999,5.781846146961641
erna,rd,rd_supination,126.694,128.19400000000002,,knee_angle_l,0.6948087623880581,92.94556044328061,0.7059709742742961,0.7475437870021349,1.9102723499999996,0.6194868372642177
erna,rd,rd_supination,126.694,128.19400000000002,,ankle_angle_l,1.3822280744484152,270.5437485628287,0.6256121739786155,0.510907415821297,0.7090026600000003,1.372533314958749
erna,rd,rd_pronation,176.715,178.215,,pelvis_tilt,4.117099087449007,352.90278507797143,-0.5941046916716397,1.166638309907178,11.37012293,-2.1147778434258333
erna,rd,rd_pronation,176.715,178.215,,pelvis_list,8.173787672926093,1118.860221044819,0.07505592772953211,0.7305459179961917,23.87775428,-2.2442252715805817
erna,rd,rd_pronation,176.715,178.215,,pelvis_rotation,357.3145084405644,15256.208410955767,0.8926652424506801,2.3420924702625996,8.318233729999974,-357.3087891844226
erna,rd,rd_pronation,176.715,178.215,,hip_flexion_r,4.902349341701682,178.63450297967492,-0.7913012098333512,2.744346282453325,13.39251863,1.4978505899611947
erna,rd,rd_pronation,176.715,178.215,,hip_adduction_r,5.819433246817083,547.4013791278378,0.5380306579376467,1.0631016779842708,17.81814397,1.6810671671102482
erna,rd,rd_pronation,176.715,178.215,,hip_rotation_r,8.865425885915032,170.152274611277,-0.7442751415077694,5.21028937530728,24.797732140000004,-1.0549145760350895
erna,rd,rd_pronation,176.715,178.215,,knee_angle_r,8.524185180189713,343.2478573311974,-0.5528805430719509,2.4833906456012595,12.38523579,7.356385589776827
erna,rd,rd_pronation,176.715,178.215,,ankle_angle_r,6.148090113223204,36.20543339761069,0.738895952261043,16.981125583291416,14.01473193,4.917452890061733
erna,rd,rd_pronation,176.715,178.215,,hip_flexion_l,4.535359371551074,419.80690385813955,-0.5896543849069383,1.0803441605818982,13.299470180000004,-1.7594811363819698
erna,rd,rd_pronation,176.715,178.215,,hip_adduction_l,10.466356547368349,832.7522778324519,0.7626594133429971,1.2568391376377788,31.28466301,3.06871991967178
erna,rd,rd_pronation,176.715,178.215,,hip_rotation_l,4.396167270672042,254.50932648803547,0.6487676932998645,1.7273108735678129,4.852105229999999,4.212883514024853
erna,rd,rd_pronation,176.715,178.215,,knee_angle_l,0.7086840712479747,78.55307055589334,0.7049261062792377,0.9021723355087952,2.5153687500000004,-0.3983192715838054
erna,rd,rd_pronation,176.715,178.215,,ankle_angle_l,1.1139473537457396,99.86246756639744,0.5373122721491734,1.1154815026026554,1.3227463299999993,1.0740161484058157
erna,rgs,rgs_correct,32.533,34.033,,pelvis_tilt,2.5458445631666717,38.10214185915814,-0.04904556060353865,6.68163110771359,5.036217020000002,-0.9278892741682636
erna,rgs,rgs_correct,32.533,34.033,,pelvis_list,3.7802212041651884,97.65084043721146,0.0038236846962332316,3.871160951856665,7.1141378,2.835630548163244
erna,rgs,rgs_correct,32.533,34.033,,pelvis_rotation,2.7058726157908386,54.43741267232337,0.8773827573761637,4.970612090031487,5.13199419,-2.6075989199714518
erna,rgs,rgs_correct,32.533,34.033,,hip_flexion_r,6.283010006211434,23.669845615866393,0.9128523102576481,26.54436411701731,29.622636030000002,4.978909848008489
erna,rgs,rgs_correct,32.533,34.033,,hip_adduction_r,3.346897616228502,87.00180257702674,0.6262680028827861,3.8469290487002703,8.52595099,-2.2913382530490662
erna,rgs,rgs_correct,32.533,34.033,,hip_rotation_r,12.01048196565201,98.03389832448653,0.7569156082621683,12.251356082870448,15.817993,11.442490525744137
erna,rgs,rgs_correct,32.533,34.033,,knee_angle_r,4.635192022466086,7.805584540712829,0.9989883322024781,59.38302247947707,63.027938299999995,4.270452863606735
erna,rgs,rgs_correct,32.533,34.033,,ankle_angle_r,5.163402908412262,18.940397187548506,0.8848169849156725,27.261323283160632,25.495091860000002,3.665941875966462
erna,rgs,rgs_correct,32.533,34.033,,hip_flexion_l,3.9013805832291415,76.92197289819002,0.9265550092818476,5.07186755128188,12.720384520000003,2.409249386576139
erna,rgs,rgs_correct,32.533,34.033,,hip_adduction_l,5.958824562482502,265.36814375090063,-0.6775534660829738,2.2454935540703076,7.40318846,5.318463158977687
erna,rgs,rgs_correct,32.533,34.033,,hip_rotation_l,5.633663090622414,123.25811915200984,-0.1373634979251522,4.5706223081942525,4.185226940000001,5.33776859929427
erna,rgs,rgs_correct,32.533,34.033,,knee_angle_l,1.376972011025183,14.088986903692449,0.8441510396096128,9.773392653692548,7.73891701,0.7816920126348966
erna,rgs,rgs_correct,32.533,34.033,,ankle_angle_l,3.8225223924012908,27.934733925678017,0.9372233147854191,13.683761594333898,7.97552163,3.200018357130217
erna,rgs,rgs_flexion,117.055,118.555,,pelvis_tilt,1.7586290539267884,95.92166450757861,-0.1837037002744705,1.8334013102825608,2.1236318999999995,-1.6000254568256944
erna,rgs,rgs_flexion,117.055,118.555,,pelvis_list,2.2428049973259436,38.19193820386117,0.9867534312285491,5.872456604203444,6.14569804,2.2177193647132567
erna,rgs,rgs_flexion,117.055,118.555,,pelvis_rotation,2.488095672131484,46.643876041077064,0.9398314996530036,5.334238668202307,4.57590692,-2.4474364668162565
erna,rgs,rgs_flexion,117.055,118.555,,hip_flexion_r,2.2342032079129908,30.522875105514043,0.9293048033143411,7.319766569137439,10.564766890000001,1.6142031413704931
erna,rgs,rgs_flexion,117.055,118.555,,hip_adduction_r,4.143893699585928,186.3440305062745,0.7533170066350415,2.2237866640146526,3.5998446399999997,-4.10572090782993
erna,rgs,rgs_flexion,117.055,118.555,,hip_rotation_r,7.488429677735966,254.18954712576328,0.7300990916345879,2.9460022107167836,2.2108266500000004,7.465484531252181
erna,rgs,rgs_flexion,117.055,118.555,,knee_angle_r,1.8346553885653551,10.689323938153734,0.971910384340497,17.16343708152452,18.384037300000003,1.344042761907547
erna,rgs,rgs_flexion,117.055,118.555,,ankle_angle_r,3.1161206298411575,35.7841764348978,0.9359447305566772,8.708096539570555,8.574240510000001,-3.0116815696602726
erna,rgs,rgs_flexion,117.055,118.555,,hip_flexion_l,4.9312769121399995,155.289500437056,0.2072095483572615,3.17553788135136,3.154443529999998,4.84050062651752
erna,rgs,rgs_flexion,117.055,118.555,,hip_adduction_l,3.8033890833474864,152.05920550151652,0.9619039825601499,2.501255396411732,3.4176610800000002,3.781406049165295
erna,rgs,rgs_flexion,117.055,118.555,,hip_rotation_l,7.023706426770648,196.1727286179264,0.8389372487382943,3.580368421367218,1.20738316,7.001391972486129
erna,rgs,rgs_flexion,117.055,118.555,,knee_angle_l,3.3835750569452667,210.31387951713012,0.7655682245497161,1.6088215693199999,1.5306081299999992,3.364661970808921
erna,rgs,rgs_flexion,117.055,118.555,,ankle_angle_l,4.696279816574353,116.16248628814259,0.5321861694317168,4.042854080210687,2.82093566,4.606479864248896
erna,rgs,rgs_abduction,211.936,213.436,,pelvis_tilt,3.8221568657271794,44.41681693794296,0.716673361726923,8.605202104120412,11.74323489,-3.4129059136804223
erna,rgs,rgs_abduction,211.936,213.436,,pelvis_list,5.693631992099228,73.98749208809654,0.5850659747788568,7.695398007706287,16.91166123,5.147955498544566
erna,rgs,rgs_abduction,211.936,213.436,,pelvis_rotation,2.308707646950447,19.496959756719196,0.9226353977051207,11.841372581972951,14.460428199999999,-1.584109437480014
erna,rgs,rgs_abduction,211.936,213.436,,hip_flexion_r,8.668504899838613,25.971091582432642,0.9931821622530834,33.37751465826781,36.89263337,8.500890289684316
erna,rgs,rgs_abduction,211.936,213.436,,hip_adduction_r,8.773116971680786,49.412726233513396,0.8194468897587414,17.754772182010388,34.56250081,-7.342355636328992
erna,rgs,rgs_abduction,211.936,213.436,,hip_rotation_r,11.863497168524678,76.05992642751667,0.7012944022326281,15.597565926954076,32.39178226,10.99270508731846
erna,rgs,rgs_abduction,211.936,213.436,,knee_angle_r,15.437461334138266,138.3096586006942,-0.09873044389339602,11.16152081519257,34.880434910000005,13.99401543065337
erna,rgs,rgs_abduction,211.936,213.436,,ankle_angle_r,156.77192931399478,358.4791036643103,-0.6823270092029082,43.73251542739862,166.58413657,143.71614008839973
erna,rgs,rgs_abduction,211.936,213.436,,hip_flexion_l,8.223162043837199,70.02764547614984,0.8246368357364071,11.74273672622316,16.877277040000003,7.9843629755008205
erna,rgs,rgs_abduction,211.936,213.436,,hip_adduction_l,7.1134078917176335,163.99568287494338,-0.11384003253510096,4.337558018001021,15.047921120000002,6.508844299142167
erna,rgs,rgs_abduction,211.936,213.436,,hip_rotation_l,7.911532548183997,196.672948306906,-0.29870470283229344,4.0226846733584,4.4807543,7.6987743888229145
erna,rgs,rgs_abduction,211.936,213.436,,knee_angle_l,3.67845003178605,77.63233460799337,0.940153583417205,4.7382962915652165,3.8477646000000005,3.6421608597227513
erna,rgs,rgs_abduction,211.936,213.436,,ankle_angle_l,6.742531978986955,44.529693149516866,0.8670103669002929,15.141653809173192,6.44068289,6.015044269138717
erna,rgs,rgs_stork,304.96,306.46,,pelvis_tilt,3.4840533062295975,89.17517159286886,-0.12745095682279942,3.9069768456808998,21.738098769999997,-2.2984617701577537
erna,rgs,rgs_stork,304.96,306.46,,pelvis_list,4.900447798131466,86.64963737044107,0.8747550624501194,5.655474098733117,5.15169795,4.824224236923452
erna,rgs,rgs_stork,304.96,306.46,,pelvis_rotation,2.015611447861035,26.41510271280974,0.692801745878649,7.630526633854748,10.80638737,-1.2464176686711175
erna,rgs,rgs_stork,304.96,306.46,,hip_flexion_r,7.214109003840007,12.48728968125084,0.9965348769042871,57.77161568271857,54.731470110000004,6.879893790831457
erna,rgs,rgs_stork,304.96,306.46,,hip_adduction_r,3.1299547135292576,53.247501031922994,0.7723114879265567,5.8781250816874655,16.9312628,-2.192976203150059
erna,rgs,rgs_stork,304.96,306.46,,hip_rotation_r,14.464305289341501,115.19477957022319,0.6292029423916242,12.556389571911115,28.03105693,13.985703208036556
erna,rgs,rgs_stork,304.96,306.46,,knee_angle_r,12.274202490463871,20.167575713831013,0.9303809097194956,60.86107058492989,59.58389147,9.25145736850406
erna,rgs,rgs_stork,304.96,306.46,,ankle_angle_r,116.19437893680295,280.3716030244597,-0.7478230505954052,41.442991259948,183.61834022000002,71.79767308962403
erna,rgs,rgs_stork,304.96,306.46,,hip_flexion_l,7.360252240945819,182.59402311187515,-0.02772210695240299,4.0309382067978206,28.70164303,6.588046880487571
erna,rgs,rgs_stork,304.96,306.46,,hip_adduction_l,6.435772288622767,318.9195412263419,0.721673419961067,2.0179924578704957,5.14907808,6.359439739609093
erna,rgs,rgs_stork,304.96,306.46,,hip_rotation_l,8.887606404006856,242.47964793332315,-0.33290479731874445,3.665299945688952,10.36305138,8.660659156646295
erna,rgs,rgs_stork,304.96,306.46,,knee_angle_l,4.200007556400958,86.26354449046696,0.8596469342365417,4.868809392437037,10.05025646,4.100648436902222
erna,rgs,rgs_stork,304.96,306.46,,ankle_angle_l,7.255304915204785,122.06577645357639,0.10656198812419607,5.943766652698184,3.3313069200000003,6.989918471419032
etsuko,ng,ng_v0,4.79,6.29,3.04,pelvis_tilt,5.639808729397915,80.24600975687768,0.8745320006669283,7.028148497956362,8.64603469,5.484212804572661
etsuko,ng,ng_v0,4.79,6.29,3.04,pelvis_list,0.758551499592163,45.19849172621681,0.7973496268152724,1.6782672841982795,2.2178756,0.6658744693568308
etsuko,ng,ng_v0,4.79,6.29,3.04,pelvis_rotation,3.531594514252773,87.38370531375594,0.9029594642801549,4.041479474431064,5.41318058,-3.4226084452663645
etsuko,ng,ng_v0,4.79,6.29,3.04,hip_flexion_r,7.036582103978048,111.6041988291388,0.7973493861788079,6.3049438800691995,7.710062869999998,-6.881405857205205
etsuko,ng,ng_v0,4.79,6.29,3.04,hip_adduction_r,0.5378470711898822,34.11893761430302,0.7180745566054235,1.5763886826429525,3.80735551,-0.1825141481211381
etsuko,ng,ng_v0,4.79,6.29,3.04,hip_rotation_r,8.933132926273627,185.79753275883667,-0.40059704804327356,4.807993299818865,3.31608635,8.685193045932618
etsuko,ng,ng_v0,4.79,6.29,3.04,knee_angle_r,2.0829098084778366,45.5189857203805,0.9639569774562567,4.575914369606092,5.719801199999999,-1.8896815858999183
etsuko,ng,ng_v0,4.79,6.29,3.04,ankle_angle_r,3.9050623180689845,58.475285453501755,0.11393278962398583,6.678141522155036,5.11991707,3.395491075583921
etsuko,ng,ng_v0,4.79,6.29,3.04,hip_flexion_l,9.462372739863923,30.06682460132113,0.984717974654298,31.47114091804742,34.33923912,-9.175709047694081
etsuko,ng,ng_v0,4.79,6.29,3.04,hip_adduction_l,1.8061864556944356,32.69182364339172,0.8243799490331367,5.524887431783071,5.5672799699999995,1.4301999281621476
etsuko,ng,ng_v0,4.79,6.29,3.04,hip_rotation_l,3.040737470066631,23.643232991773587,0.8797016976420146,12.860920801840523,4.3041021,-0.3734454373670363
etsuko,ng,ng_v0,4.79,6.29,3.04,knee_angle_l,3.6056222116731482,10.004500744396815,0.9887876664138435,36.04000143328028,35.920261440000004,-3.0656137954528004
etsuko,ng,ng_v0,4.79,6.29,3.04,ankle_angle_l,2.2796635163762704,14.203805057492804,0.8883343753915488,16.049667727407314,12.43774994,1.500154039514333
etsuko,ng,ng_v1,37.81,39.31,3.56,pelvis_tilt,4.702486115430113,116.95666819603592,0.11189307314619816,4.020708000631551,8.1566858,4.265722510789519
etsuko,ng,ng_v1,37.81,39.31,3.56,pelvis_list,3.27963798990575,94.75315038998036,-0.34276183262240933,3.461244271464935,8.49692095,1.533740495573145
etsuko,ng,ng_v1,37.81,39.31,3.56,pelvis_rotation,4.287730184521214,33.001875337506576,0.9591877819317423,12.99238343479292,15.18706049,-4.128622613791233
etsuko,ng,ng_v1,37.81,39.31,3.56,hip_flexion_r,5.658747826078857,15.35222774623115,0.99542553212958,36.85945726976357,47.91152991,-3.962851883292523
etsuko,ng,ng_v1,37.81,39.31,3.56,hip_adduction_r,3.955694661668322,29.330406906971874,0.8654619505739716,13.486668201415402,22.49963215,-0.7009098430475974
etsuko,ng,ng_v1,37.81,39.31,3.56,hip_rotation_r,10.551184338265887,57.782334517218295,-0.07220741027774803,18.260225078171235,7.45896229,9.111315035690106
etsuko,ng,ng_v1,37.81,39.31,3.56,knee_angle_r,2.4789808646086544,4.445864975407392,0.9938030342480608,55.75924771267926,59.88584838999999,0.6755075742924099
etsuko,ng,ng_v1,37.81,39.31,3.56,ankle_angle_r,3.053209786676707,13.03590430815299,0.8830623210775541,23.421541877744158,25.344836479999998,0.810988506369698
etsuko,ng,ng_v1,37.81,39.31,3.56,hip_flexion_l,7.933373746386462,20.991215362651577,0.9921705381778437,37.79377996617501,37.11537307,-7.713728399208324
etsuko,ng,ng_v1,37.81,39.31,3.56,hip_adduction_l,5.423251981212519,44.89655398749339,0.8106682359927653,12.079439287753013,22.61436466,2.560572178651771
etsuko,ng,ng_v1,37.81,39.31,3.56,hip_rotation_l,4.053110419078912,28.060322375694057,0.09158991857517486,14.444276030804726,8.41581952,1.6997820500265606
etsuko,ng,ng_v1,37.81,39.31,3.56,knee_angle_l,2.8764773199778717,5.411139650260124,0.9979024408260928,53.15843807209067,53.59138919,-2.6493249842380413
etsuko,ng,ng_v1,37.81,39.31,3.56,ankle_angle_l,4.287587650908333,18.788460828845665,0.9580330706694757,22.820324080648792,18.53212298,4.008596477583355
etsuko,ng,ng_v2,69.97,71.47,4.09,pelvis_tilt,3.6275518297362956,87.68690715271175,0.23149933234126646,4.13693668476493,10.231670580000001,2.8192739380624183
etsuko,ng,ng_v2,69.97,71.47,4.09,pelvis_list,3.9000125797783496,132.08199848190597,0.1096655044214008,2.952720752716817,11.471381880000001,2.0909847172854743
etsuko,ng,ng_v2,69.97,71.47,4.09,pelvis_rotation,4.446454465974509,48.67219941607138,0.9273460619476481,9.13551168699869,11.52561677,-4.298812903655961
etsuko,ng,ng_v2,69.97,71.47,4.09,hip_flexion_r,4.968915479089007,13.520089385262168,0.9942433630131838,36.75209044479741,49.86219476,-2.382972487295315
etsuko,ng,ng_v2,69.97,71.47,4.09,hip_adduction_r,4.84502325692344,33.93446128521048,0.8303308401881713,14.27759001742287,22.877342810000002,-1.6134509858638701
etsuko,ng,ng_v2,69.97,71.47,4.09,hip_rotation_r,10.556181835867388,57.50973704567788,-0.186174887305622,18.355468792150795,10.15015208,8.662453543248327
etsuko,ng,ng_v2,69.97,71.47,4.09,knee_angle_r,2.676536199050548,4.590186814760315,0.9941950184380748,58.30996225347112,60.465860920000004,1.525872342711872
etsuko,ng,ng_v2,69.97,71.47,4.09,ankle_angle_r,3.635811317694508,11.59391308686436,0.9289729535704437,31.359656489177922,29.16583165,2.1707202726570256
etsuko,ng,ng_v2,69.97,71.47,4.09,hip_flexion_l,6.432843501785613,16.26992627419344,0.9846564146170655,39.5382461688783,40.368523610000004,-6.011440494254979
etsuko,ng,ng_v2,69.97,71.47,4.09,hip_adduction_l,6.062591205055481,51.158572873784834,0.8441675015152691,11.85058703653192,23.18397196,3.5232289638990735
etsuko,ng,ng_v2,69.97,71.47,4.09,hip_rotation_l,4.581458004575128,30.647470613125844,-0.030454747528230436,14.948894355454442,8.37179829,1.768050877687585
etsuko,ng,ng_v2,69.97,71.47,4.09,knee_angle_l,2.616246747035012,4.843435688525606,0.9972535957250479,54.01634119418701,55.86421128,-2.223057947850922
etsuko,ng,ng_v2,69.97,71.47,4.09,ankle_angle_l,4.536458395249382,18.333580117533106,0.9518389813277728,24.7439854418341,19.79818792,4.12983009937913
etsuko,gwo,gwo_v0,5.29,6.79,3.05,pelvis_tilt,4.415159137798638,75.28477636319954,0.7585437542254274,5.8646108165326805,5.433705149999998,4.272157560976878
etsuko,gwo,gwo_v0,5.29,6.79,3.05,pelvis_list,0.2795844013390641,11.800188797695608,0.9568558356465711,2.369321424701803,2.54559445,-0.1105190428104482
etsuko,gwo,gwo_v0,5.29,6.79,3.05,pelvis_rotation,2.503703467914552,143.8825847193449,-0.6462978104786674,1.7401018148222986,1.8507809600000003,-2.3889315544018017
etsuko,gwo,gwo_v0,5.29,6.79,3.05,hip_flexion_r,4.819526249822815,79.87044958115983,0.8282330109386021,6.03417944320632,6.561842470000002,-4.721614721228422
etsuko,gwo,gwo_v0,5.29,6.79,3.05,hip_adduction_r,0.9605041565641604,57.79554671213541,0.8668949610839412,1.661899940748345,2.29007928,-0.9424035947361533
etsuko,gwo,gwo_v0,5.29,6.79,3.05,hip_rotation_r,1.8118037575122463,99.88979637406447,-0.5664932564808434,1.8138026337819881,1.3400653000000005,1.6541490473357887
etsuko,gwo,gwo_v0,5.29,6.79,3.05,knee_angle_r,1.4555915680801064,470.75816081561294,0.24208702159105555,0.30920155809051053,4.3691138899999995,0.052440241900660906
etsuko,gwo,gwo_v0,5.29,6.79,3.05,ankle_angle_r,3.9256763507933177,99.92704115261043,-0.6995808446696237,3.9285425701717234,3.857297880000001,3.2160968848285965
etsuko,gwo,gwo_v0,5.29,6.79,3.05,hip_flexion_l,6.834906792947252,22.475970427714284,0.9887042313973828,30.40984065595398,31.41068798,-6.666818634783721
etsuko,gwo,gwo_v0,5.29,6.79,3.05,hip_adduction_l,1.4363378812517957,35.57942566616329,0.7041013750814364,4.0369900704096535,4.112527119999999,1.3194243783943054
etsuko,gwo,gwo_v0,5.29,6.79,3.05,hip_rotation_l,2.9621929895687984,25.391178447872925,0.9365444159133589,11.666228866257871,4.472360570000001,1.8199080754614994
etsuko,gwo,gwo_v0,5.29,6.79,3.05,knee_angle_l,2.399012215633734,6.784626921527456,0.9961931693015391,35.35953035268198,35.89322765,-2.1879280077106396
etsuko,gwo,gwo_v0,5.29,6.79,3.05,ankle_angle_l,0.9431079304614748,15.518439113068663,0.905515851558043,6.0773375697768985,5.102456730000001,0.47086650862860985
etsuko,gwo,gwo_v1,37.1,38.6,3.55,pelvis_tilt,13.174266603503254,211.6499107414404,0.3965076699443093,6.2245557096395085,41.59377833,-1.2723702860473172
etsuko,gwo,gwo_v1,37.1,38.6,3.55,pelvis_list,4.939923591996699,89.75973247473567,0.3149006039294726,5.503496340507834,14.498736820000001,2.8130771219763275
etsuko,gwo,gwo_v1,37.1,38.6,3.55,pelvis_rotation,5.3523976885890825,46.59775773409444,0.7349105862632749,11.486384643510139,19.22385142,-4.268784273287133
etsuko,gwo,gwo_v1,37.1,38.6,3.55,hip_flexion_r,6.693158080499336,18.56759658785918,0.8302261447144351,36.04751992983195,39.99184129,0.7595750728935823
etsuko,gwo,gwo_v1,37.1,38.6,3.55,hip_adduction_r,11.666662686351723,168.6568426141068,0.21946736412842283,6.917396593890641,35.59716317,-7.001721855988275
etsuko,gwo,gwo_v1,37.1,38.6,3.55,hip_rotation_r,48.0996729371488,479.6825916180764,0.11956961266668273,10.02739598593684,125.97105775,23.627027266677235
etsuko,gwo,gwo_v1,37.1,38.6,3.55,knee_angle_r,14.090099745202124,148.18322869913806,0.3523178088259294,9.50856575936119,74.17725524,4.37423944338626
etsuko,gwo,gwo_v1,37.1,38.6,3.55,ankle_angle_r,16.06513801727719,70.58819815695301,-0.12832598334039497,22.75895749818733,49.68222758,0.07306403335378822
etsuko,gwo,gwo_v1,37.1,38.6,3.55,hip_flexion_l,18.413617926006403,47.44744907969876,0.7595473453743686,38.80844657228369,88.13695372999999,1.91217984317943
etsuko,gwo,gwo_v1,37.1,38.6,3.55,hip_adduction_l,4.216378934457407,33.84197842644927,0.8354208060316084,12.459020218398598,17.750252449999998,2.8286607260776786
etsuko,gwo,gwo_v1,37.1,38.6,3.55,hip_rotation_l,9.021167787963602,60.901500224825135,-0.3936359425781545,14.812718495703535,22.5924419,1.3194998842322514
etsuko,gwo,gwo_v1,37.1,38.6,3.55,knee_angle_l,6.275981924210793,11.876864711610946,0.959632390735597,52.842076394751956,64.95619596,1.5816699817723014
etsuko,gwo,gwo_v1,37.1,38.6,3.55,ankle_angle_l,3.9867346868820213,18.21720147404212,0.9394074047596332,21.88445186030775,17.69622163,3.462670040041184
etsuko,gwo,gwo_v2,70.53,72.03,4.08,pelvis_tilt,5.435374744310624,94.76405833716616,0.18404315684771722,5.735692244175329,37.61614866,3.4015447798296843
etsuko,gwo,gwo_v2,70.53,72.03,4.08,pelvis_list,2.493891972249566,49.26813245217071,-0.0005348132713205677,5.061876405951911,13.00375773,1.00514821892192
etsuko,gwo,gwo_v2,70.53,72.03,4.08,pelvis_rotation,3.083581577629245,23.970658310824575,0.9256741231392839,12.863983698924002,12.30812032,-2.7710649080148833
etsuko,gwo,gwo_v2,70.53,72.03,4.08,hip_flexion_r,3.451597110729611,9.578005608905894,0.9620442766781957,36.03669961855337,38.904246459999996,-1.4384624339196341
etsuko,gwo,gwo_v2,70.53,72.03,4.08,hip_adduction_r,5.013170911798208,86.50095137031995,0.6962639409891606,5.795509566520581,28.695951459999996,-2.917094788344658
etsuko,gwo,gwo_v2,70.53,72.03,4.08,hip_rotation_r,15.07164682497737,187.26838114812642,0.018366749760999265,8.04815352841435,120.14353689000001,6.496531763462291
etsuko,gwo,gwo_v2,70.53,72.03,4.08,knee_angle_r,10.00429066689811,92.25391815673497,0.9145478917211043,10.844298937960879,51.52788421,7.80957346011936
etsuko,gwo,gwo_v2,70.53,72.03,4.08,ankle_angle_r,7.800248670364966,27.838888772744237,0.5974977085736148,28.01925297392555,48.824736,5.596265511427115
etsuko,gwo,gwo_v2,70.53,72.03,4.08,hip_flexion_l,7.35071947985591,19.714961182983256,0.9134182368618533,37.284980739402116,79.63280877,-4.734150821109713
etsuko,gwo,gwo_v2,70.53,72.03,4.08,hip_adduction_l,3.8405766589110883,32.91844678128291,0.7710650490615768,11.666943718300832,17.29543843,2.0752047109437277
etsuko,gwo,gwo_v2,70.53,72.03,4.08,hip_rotation_l,6.411995253641113,46.057766555734034,-0.30110741105065214,13.921637398292038,19.03367353,3.9235883242478025
etsuko,gwo,gwo_v2,70.53,72.03,4.08,knee_angle_l,2.3849057873009856,4.16167504728061,0.9935099184656775,57.30639130172764,66.62084014,-0.8097820350599483
etsuko,gwo,gwo_v2,70.53,72.03,4.08,ankle_angle_l,3.8190949108820047,15.52790725635617,0.945270139135959,24.595039420516258,21.05568053,3.3861337692839943
etsuko,rd,rd_correct,36.75,38.25,,pelvis_tilt,4.381778189648224,171.6074748440348,0.2558449856937397,2.553372569365406,1.68669212,-4.272366137916589
etsuko,rd,rd_correct,36.75,38.25,,pelvis_list,3.6144037166082392,1176.708882135625,0.24820904154587856,0.3071621002850262,2.1410223000000004,-3.549248052736831
etsuko,rd,rd_correct,36.75,38.25,,pelvis_rotation,360.01030303217885,42249.216630231735,0.6274564614294236,0.8521111910382047,1.8399090999999999,-360.0099555443783
etsuko,rd,rd_correct,36.75,38.25,,hip_flexion_r,2.4755393597089284,56.225659586207954,-0.45503502242811245,4.4028640622940305,1.5736328299999993,-1.6923388780419577
etsuko,rd,rd_correct,36.75,38.25,,hip_adduction_r,3.320807897715102,269.7620943517359,-0.06887497599585356,1.2310135364626822,2.4774848800000004,-3.2164852374057515
etsuko,rd,rd_correct,36.75,38.25,,hip_rotation_r,2.540785810101886,35.61916779809105,0.6458659556198634,7.133198126650379,1.1042796899999998,0.8450357366151492
etsuko,rd,rd_correct,36.75,38.25,,knee_angle_r,2.9455868866272934,76.04151406483132,0.09903192017862403,3.873656282167069,2.1445229599999998,2.661843653229432
etsuko,rd,rd_correct,36.75,38.25,,ankle_angle_r,5.605765617714144,22.117889856030736,0.9850120195675941,25.344938663692897,21.08414065,5.321491044666915
etsuko,rd,rd_correct,36.75,38.25,,hip_flexion_l,5.865681788458146,169.5995568242144,0.7035140718194334,3.4585478277739696,2.7380261399999988,-5.789524918021636
etsuko,rd,rd_correct,36.75,38.25,,hip_adduction_l,6.087706106604604,469.13258354595195,0.18270931072830937,1.297651521152188,3.6570822699999996,5.9715465627926685
etsuko,rd,rd_correct,36.75,38.25,,hip_rotation_l,3.423686988800041,124.88012940293407,0.9041617118593624,2.741578668415122,2.60889372,-3.400927019255096
etsuko,rd,rd_correct,36.75,38.25,,knee_angle_l,1.6211845122493382,106.40012885865903,0.9757844013301481,1.523667809089691,2.111102899999999,-1.5994684318396415
etsuko,rd,rd_correct,36.75,38.25,,ankle_angle_l,2.497463515605917,126.1158026916657,0.9766320356247068,1.9802938746001892,1.7054664500000012,2.4875516710033945
etsuko,rd,rd_toes,72.565,74.065,,pelvis_tilt,6.695598028978066,248.18028690498696,0.7384516693893916,2.6978766575209097,3.58216994,-6.663321998528773
etsuko,rd,rd_toes,72.565,74.065,,pelvis_list,1.6664665166876993,110.15299246513119,0.9752970974686478,1.5128654060081186,2.8997715399999997,-1.6120172657759033
etsuko,rd,rd_toes,72.565,74.065,,pelvis_rotation,358.4955834067033,23785.036046607755,-0.3425409121170623,1.507231616989003,1.4684512700000028,-358.4949286520642
etsuko,rd,rd_toes,72.565,74.065,,hip_flexion_r,4.693677780660908,162.09201107644603,0.7759864255556718,2.8956873009905895,4.00979268,-4.612389113908184
etsuko,rd,rd_toes,72.565,74.065,,hip_adduction_r,1.1668205622648677,94.54292440675002,0.8825582961385546,1.234170160894199,2.7669312699999997,-1.0691735195549261
etsuko,rd,rd_toes,72.565,74.065,,hip_rotation_r,1.716151233170096,180.62430742357805,0.37032643587201597,0.9501219728669121,1.3012007200000002,1.6841819258063921
etsuko,rd,rd_toes,72.565,74.065,,knee_angle_r,1.4442819919438645,36.71417895916673,0.9203078382784133,3.93385343997529,4.18293272,1.3451324146666972
etsuko,rd,rd_toes,72.565,74.065,,ankle_angle_r,3.166258546147946,8.687930548356794,0.9769771118541949,36.444335374513344,27.904429219999997,-1.592703604655961
etsuko,rd,rd_toes,72.565,74.065,,hip_flexion_l,7.645558293753883,209.21444056468013,0.8707839947983075,3.654412321213652,5.120938269999998,-7.610666401141511
etsuko,rd,rd_toes,72.565,74.065,,hip_adduction_l,3.282913118192269,447.3957012557423,0.8575645482594291,0.7337828926334891,2.8160273200000003,3.2149967491157
etsuko,rd,rd_toes,72.565,74.065,,hip_rotation_l,3.1278017379680487,206.3395757511604,0.4131133217317883,1.5158515891009139,0.5389668400000001,-3.096340937660331
etsuko,rd,rd_toes,72.565,74.065,,knee_angle_l,1.484284023252642,122.45762074050202,0.8311927794986821,1.2120797499389315,0.7852022500000002,-1.4674168358753397
etsuko,rd,rd_toes,72.565,74.065,,ankle_angle_l,3.6028026991983904,173.8320114401922,0.9673517866512632,2.0725772366949533,1.7406241900000001,3.599716839934726
etsuko,rd,rd_supination,116.359,117.859,,pelvis_tilt,7.068886614675052,203.90398706641508,0.9086457936093592,3.46677213936606,3.7705337100000005,-7.049996175413088
etsuko,rd,rd_supination,116.359,117.859,,pelvis_list,4.028652937582335,120.72935324230454,0.9781094959614466,3.336929114079493,3.00835237,-4.019033283681978
etsuko,rd,rd_supination,116.359,117.859,,pelvis_rotation,360.4064822708534,8057.8041975770475,0.9925389902623218,4.472762969088109,4.270107490000015,-360.4064236178723
etsuko,rd,rd_supination,116.359,117.859,,hip_flexion_r,7.508450346000193,187.0621578007354,0.46768129842365397,4.01387989654136,1.951979810000001,-7.436501869705898
etsuko,rd,rd_supination,116.359,117.859,,hip_adduction_r,3.30833408440627,78.2975517646325,0.9390471207818981,4.225335288070482,3.97831708,-3.2618904824303225
etsuko,rd,rd_supination,116.359,117.859,,hip_rotation_r,1.5777074628751415,16.465381346055253,0.9006720951060853,9.581967339329957,9.40875225,-0.771926418136105
etsuko,rd,rd_supination,116.359,117.859,,knee_angle_r,1.4605794900063775,28.53002173902599,0.9196313967660703,5.119447518711359,5.763179019999999,-1.2300955359655916
etsuko,rd,rd_supination,116.359,117.859,,ankle_angle_r,6.516935064584136,24.793126780326773,0.9759511317134439,26.28524882047267,24.79302206,6.122164875115885
etsuko,rd,rd_supination,116.359,117.859,,hip_flexion_l,8.514556487943345,125.09691651502652,0.973311355805431,6.806367994626458,8.27584945,-8.470191849204964
etsuko,rd,rd_supination,116.359,117.859,,hip_adduction_l,6.648356872811044,209.2286976627272,0.9696954934823938,3.177554965967466,3.62906064,6.639985363401722
etsuko,rd,rd_supination,116.359,117.859,,hip_rotation_l,4.123594498275471,81.72278126925785,0.9610762327302261,5.045832305546689,3.53184463,-4.0864097534894555
etsuko,rd,rd_supination,116.359,117.859,,knee_angle_l,2.1332058382304937,50.2231722445877,0.9925422171897261,4.247453402269664,4.9544920800000005,-2.1011971376369645
etsuko,rd,rd_supination,116.359,117.859,,ankle_angle_l,2.919256831084538,245.34000437443348,0.8508317634581014,1.1898821142226854,1.5512879000000002,2.9115782345119663
etsuko,rd,rd_pronation,170.354,171.854,,pelvis_tilt,4.1488629709707645,463.9942765887595,-0.06340942817543364,0.8941625318037971,1.841125439999999,-4.09918106179441
etsuko,rd,rd_pronation,170.354,171.854,,pelvis_list,2.629194986148692,61.5537572215488,0.9912856863952958,4.271380180230917,3.4402509299999995,-2.6113674649264604
etsuko,rd,rd_pronation,170.354,171.854,,pelvis_rotation,360.58730519086856,6093.791237005051,0.9709475265388552,5.917290093582011,5.217185999999998,-360.58698380255817
etsuko,rd,rd_pronation,170.354,171.854,,hip_flexion_r,3.586946157619782,130.73331600705907,0.4686512927288128,2.7437123658869798,1.9488831500000003,-3.5030487576747946
etsuko,rd,rd_pronation,170.354,171.854,,hip_adduction_r,1.530393672218662,86.44006714226127,0.7677559034922876,1.77046793554657,2.5787473,-1.4266230462803913
etsuko,rd,rd_pronation,170.354,171.854,,hip_rotation_r,6.315020517836224,53.28052578249064,0.9538397082484845,11.85239902401921,3.91465264,-5.696284758502629
etsuko,rd,rd_pronation,170.354,171.854,,knee_angle_r,0.8849608394588087,7.944704869315309,0.9883343826454012,11.139002065095923,8.943908780000001,0.42577297129907865
etsuko,rd,rd_pronation,170.354,171.854,,ankle_angle_r,8.613342277946325,59.72369794529344,0.9277200601328415,14.421984194341242,14.69449056,8.364749698976262
etsuko,rd,rd_pronation,170.354,171.854,,hip_flexion_l,8.74484314486431,837.5559900796201,0.5875484232184889,1.0440905740561899,3.1235084699999973,-8.713545052229671
etsuko,rd,rd_pronation,170.354,171.854,,hip_adduction_l,4.138812453868476,100.9045125924027,0.87690049570504,4.101711952751749,3.18125324,4.087538609999001
etsuko,rd,rd_pronation,170.354,171.854,,hip_rotation_l,4.300536479492273,135.9617830486377,0.926180417745336,3.1630480147158995,2.6323058600000007,-4.28506498431213
etsuko,rd,rd_pronation,170.354,171.854,,knee_angle_l,3.9742838579374085,403.71934355121255,-0.07263360975326363,0.9844174973085638,0.94717265,-3.9586199895760004
etsuko,rd,rd_pronation,170.354,171.854,,ankle_angle_l,4.522995902173709,535.3280148328855,0.5922471700818608,0.8449017755190082,0.6192427200000008,4.517445843670373
etsuko,rgs,rgs_correct,28.179,29.679,,pelvis_tilt,3.4466205681476363,30.10382193009276,0.8834760746351594,11.449112927094092,7.9988875199999985,2.3910232416127544
etsuko,rgs,rgs_correct,28.179,29.679,,pelvis_list,4.14675881955142,76.23564222771358,0.4570102177539974,5.439396453387479,5.73555318,3.771926129746048
etsuko,rgs,rgs_correct,28.179,29.679,,pelvis_rotation,3.3985104251987828,35.25918412838322,0.9706393659179733,9.63865304660587,11.48726905,-3.279525252356299
etsuko,rgs,rgs_correct,28.179,29.679,,hip_flexion_r,4.154015996225157,8.212805839680064,0.9943964306064816,50.57974189716117,59.2328812,-1.6886916469075683
etsuko,rgs,rgs_correct,28.179,29.679,,hip_adduction_r,3.417921433979056,27.950504709254115,0.9069437057634762,12.228478410436068,13.77823896,-2.881328086939326
etsuko,rgs,rgs_correct,28.179,29.679,,hip_rotation_r,2.81841640179727,19.48025577545069,0.8100132771518597,14.468066714755773,9.4921452,1.512959858473719
etsuko,rgs,rgs_correct,28.179,29.679,,knee_angle_r,2.9426513933463423,3.831100140611227,0.996643582666014,76.80956606049097,79.68650506,1.0049021494377808
etsuko,rgs,rgs_correct,28.179,29.679,,ankle_angle_r,3.24648652459052,7.290173865180405,0.9880842852021633,44.53236074514639,45.06124152,-2.030444995732837
etsuko,rgs,rgs_correct,28.179,29.679,,hip_flexion_l,4.799449595655955,12.989683440577146,0.9910199192611535,36.94816442303316,30.968835690000002,-4.020136725241872
etsuko,rgs,rgs_correct,28.179,29.679,,hip_adduction_l,7.834590087604996,83.05291618714378,0.47612485163253215,9.43325104918803,13.08868239,7.022722340300355
etsuko,rgs,rgs_correct,28.179,29.679,,hip_rotation_l,3.5811507386284753,70.86185936303943,-0.21513913546060662,5.053706988242471,4.162859439999998,3.0464441654543783
etsuko,rgs,rgs_correct,28.179,29.679,,knee_angle_l,0.9386773545544426,10.275588162715682,0.9710119542890182,9.13502312169705,9.54086253,-0.6282679569555573
etsuko,rgs,rgs_correct,28.179,29.679,,ankle_angle_l,3.34668745586674,25.62809415456754,0.983135065220111,13.058666928887806,12.646582819999999,3.2624138003047984
etsuko,rgs,rgs_flexion,114.357,115.857,,pelvis_tilt,3.6740013076745224,63.04402879901188,0.27626443749494034,5.827675320984731,6.49134128,2.910137252765222
etsuko,rgs,rgs_flexion,114.357,115.857,,pelvis_list,3.5553999085907386,64.18958941506529,0.5044272443048554,5.538904269352262,4.34165181,3.107413116910894
etsuko,rgs,rgs_flexion,114.357,115.857,,pelvis_rotation,3.0712485477441533,71.02646908415564,0.8480288658628995,4.324090141810637,5.02393585,-3.0078083572804446
etsuko,rgs,rgs_flexion,114.357,115.857,,hip_flexion_r,5.003182158304063,9.146283810289429,0.9986502597649425,54.701803071926975,65.12446394,-2.2083519651102743
etsuko,rgs,rgs_flexion,114.357,115.857,,hip_adduction_r,2.690872464971635,25.676278137187115,0.8319507847912443,10.479994221103361,11.70965745,-1.6159736272342136
etsuko,rgs,rgs_flexion,114.357,115.857,,hip_rotation_r,3.532355645125108,29.909188086344923,0.7668138436781491,11.810269255479419,12.3946537,1.8120654885042768
etsuko,rgs,rgs_flexion,114.357,115.857,,knee_angle_r,2.8942005722191237,4.494586048156397,0.9961780369333216,64.39303956381647,67.61616873,0.5967473601983646
etsuko,rgs,rgs_flexion,114.357,115.857,,ankle_angle_r,3.7661621958088274,12.306819283280662,0.982931000762011,30.60223855667824,25.525408940000002,-3.3279926263189865
etsuko,rgs,rgs_flexion,114.357,115.857,,hip_flexion_l,6.848576392014004,39.13383858977662,0.9538755512594383,17.50039515367944,9.98566383,-5.943149260240564
etsuko,rgs,rgs_flexion,114.357,115.857,,hip_adduction_l,7.953594797206252,137.6688626829623,0.08654893189664706,5.777337476465241,6.92828887,7.44286473433431
etsuko,rgs,rgs_flexion,114.357,115.857,,hip_rotation_l,4.568497774355513,91.18060411758584,-0.467435981583687,5.010383314047811,6.54130385,3.0596131874425048
etsuko,rgs,rgs_flexion,114.357,115.857,,knee_angle_l,2.898061547715968,27.533046025480633,0.9744211926893696,10.525757103060585,14.05051623,-2.5300736187721027
etsuko,rgs,rgs_flexion,114.357,115.857,,ankle_angle_l,3.1180202751070776,21.59101096530684,0.992579052500932,14.44128892397497,12.704192240000001,3.045799622627996
etsuko,rgs,rgs_abduction,178.981,180.481,,pelvis_tilt,4.115705879819143,47.91832549402736,0.6170747916659111,8.589001884742682,9.7208146,3.3109049519999316
etsuko,rgs,rgs_abduction,178.981,180.481,,pelvis_list,1.5439804734623936,12.924234448431704,0.9796092839150332,11.94639790560089,11.01256125,1.2929224921853655
etsuko,rgs,rgs_abduction,178.981,180.481,,pelvis_rotation,2.297532029343473,19.64352127723565,0.9420425741832513,11.696131243057838,10.4043496,-2.0989843966009794
etsuko,rgs,rgs_abduction,178.981,180.481,,hip_flexion_r,4.700361724540629,11.618709852180848,0.9828642860180462,40.45510890917347,49.49466463,-2.303606446370148
etsuko,rgs,rgs_abduction,178.981,180.481,,hip_adduction_r,4.81662544651059,17.7921143768544,0.9829114102331746,27.07168661627139,24.22524931,-4.460184704804957
etsuko,rgs,rgs_abduction,178.981,180.481,,hip_rotation_r,5.137090561791043,35.833685839461054,0.3427410923802728,14.335925656115272,4.652717709999999,3.2842337611150034
etsuko,rgs,rgs_abduction,178.981,180.481,,knee_angle_r,2.341306696522252,9.058339394526072,0.9852498761862053,25.846974754965537,27.462544649999998,-1.6418812704671772
etsuko,rgs,rgs_abduction,178.981,180.481,,ankle_angle_r,2.539375970286805,7.214565190941463,0.9813486655183282,35.19790733161882,29.569969659999998,-1.3445533318083622
etsuko,rgs,rgs_abduction,178.981,180.481,,hip_flexion_l,6.1124243012117185,27.46448698792381,0.9548131236449796,22.255738124288882,15.13188469,-5.069730512877231
etsuko,rgs,rgs_abduction,178.981,180.481,,hip_adduction_l,4.02730814018783,62.690182566794995,0.9394247534962278,6.424144858561901,7.5994727200000005,3.9373481011103793
etsuko,rgs,rgs_abduction,178.981,180.481,,hip_rotation_l,6.531601583948042,120.80431875916653,-0.6334703663898841,5.406761654746246,3.8138205199999984,6.09234229394823
etsuko,rgs,rgs_abduction,178.981,180.481,,knee_angle_l,2.803850446482095,30.12632003761543,0.9763569596225325,9.306979554692491,11.58164258,-2.560652719888488
etsuko,rgs,rgs_abduction,178.981,180.481,,ankle_angle_l,2.668194103271704,16.995471999918895,0.9879549193790459,15.699441023376327,15.952546289999999,2.545425103720153
etsuko,rgs,rgs_stork,296.169,297.669,,pelvis_tilt,4.269353631057613,61.10100866852471,0.35255092355067386,6.987370133640539,7.448613649999999,3.5091600743034133
etsuko,rgs,rgs_stork,296.169,297.669,,pelvis_list,4.555921018248603,52.61569450149538,0.9262356018732912,8.658863218310499,7.48008106,4.4285921890199855
etsuko,rgs,rgs_stork,296.169,297.669,,pelvis_rotation,2.936536867829827,61.558952263992914,0.6785794052920822,4.770284028286601,6.61527506,-2.5605358650852743
etsuko,rgs,rgs_stork,296.169,297.669,,hip_flexion_r,5.076723476237914,6.917508593114108,0.989523798510843,73.38947842134138,82.03356591,-0.10934803831569011
etsuko,rgs,rgs_stork,296.169,297.669,,hip_adduction_r,4.559199215890407,30.317856341399814,0.7214194773080501,15.037999931626775,8.94509002,-2.3567078151138787
etsuko,rgs,rgs_stork,296.169,297.669,,hip_rotation_r,5.65760517528716,39.47509329536465,0.8713191952521414,14.332088167481299,9.507386069999999,5.272802581562446
etsuko,rgs,rgs_stork,296.169,297.669,,knee_angle_r,4.649177893559094,5.357354188918563,0.9887765438458502,86.78123061521117,87.77042072,1.3780286774556871
etsuko,rgs,rgs_stork,296.169,297.669,,ankle_angle_r,3.5934928646604845,6.700521880850056,0.9931800822534279,53.63004447355971,42.7773514,1.1627396962503376
etsuko,rgs,rgs_stork,296.169,297.669,,hip_flexion_l,6.836900435611451,58.00471508863551,0.3541285840873577,11.78680116808463,8.75330129,-5.785739058842347
etsuko,rgs,rgs_stork,296.169,297.669,,hip_adduction_l,10.201188333915397,124.70462049888657,0.8489151336578129,8.180280965617051,8.99662536,10.06600144450126
etsuko,rgs,rgs_stork,296.169,297.669,,hip_rotation_l,3.920620445060097,37.74625406538239,0.3463591708891414,10.386780204120313,2.5792801899999986,1.740014075750911
etsuko,rgs,rgs_stork,296.169,297.669,,knee_angle_l,3.197881035814391,75.89374494526568,0.9816288671874078,4.213629249842253,8.84344611,-2.7706285820314203
etsuko,rgs,rgs_stork,296.169,297.669,,ankle_angle_l,2.26716184769856,24.09563302334973,0.9955752464810033,9.409015507090352,9.76716151,2.251633407314229
gregers,ng,ng_v0,5.58,7.08,3.05,pelvis_tilt,2.1191996805016404,38.50744375634358,0.7058216748181483,5.503350712945029,4.66458184,1.8150515096844466
gregers,ng,ng_v0,5.58,7.08,3.05,pelvis_list,0.9248674420160254,44.37937591204083,0.8437226819118446,2.08400281213755,1.1697695599999998,0.8749576080187269
gregers,ng,ng_v0,5.58,7.08,3.05,pelvis_rotation,2.7183830106069187,155.4154904758178,0.8526134330041895,1.7491068633405569,1.56782595,2.7075424195793487
gregers,ng,ng_v0,5.58,7.08,3.05,hip_flexion_r,1.9284993321487323,41.17405067180352,0.5454471775347992,4.683773640637674,2.9440060200000002,-1.6494171836638891
gregers,ng,ng_v0,5.58,7.08,3.05,hip_adduction_r,1.6802031289490666,61.36192727293971,0.1686144900450515,2.7381850662471408,0.6412503899999997,1.5695362019542307
gregers,ng,ng_v0,5.58,7.08,3.05,hip_rotation_r,2.7474201319089104,56.7163129740083,0.6199187386184957,4.844144458346554,7.2077075399999995,-1.9110142409862696
gregers,ng,ng_v0,5.58,7.08,3.05,knee_angle_r,1.4965845482597797,24.483985400180956,0.9678353712955673,6.112503841995915,3.63322709,1.4309285126455176
gregers,ng,ng_v0,5.58,7.08,3.05,ankle_angle_r,1.9585951266641777,51.64526147335371,0.8719925626486843,3.792400446408257,2.743588860000001,1.8618467886220411
gregers,ng,ng_v0,5.58,7.08,3.05,hip_flexion_l,2.2266088013599097,36.706552556301766,0.7359747424502535,6.065970913353034,3.24622811,-2.0014383618276432
gregers,ng,ng_v0,5.58,7.08,3.05,hip_adduction_l,0.49772958875893547,31.591913289376578,0.775455025043677,1.5754968184415319,1.23039075,0.4344890628629741
gregers,ng,ng_v0,5.58,7.08,3.05,hip_rotation_l,7.634855731103123,124.61118309727107,0.7185586375581704,6.126942655815554,4.0089915199999995,7.5094820382388265
gregers,ng,ng_v0,5.58,7.08,3.05,knee_angle_l,0.789631315378833,29.810858278550832,0.9139733174761252,2.648804365176495,3.22015562,-0.5862511507615633
gregers,ng,ng_v0,5.58,7.08,3.05,ankle_angle_l,1.4716871168356072,53.68368716369577,0.5350739068287861,2.741404688444822,1.9003911100000002,-1.3254056733637178
gregers,ng,ng_v1,81.5,83.0,3.59,pelvis_tilt,7.510745117288921,74.05186815696204,0.11688272918163961,10.142546439704901,43.940456909999995,2.9890342770299987
gregers,ng,ng_v1,81.5,83.0,3.59,pelvis_list,10.326360804365502,198.3698648213506,0.10871850855679392,5.205609639178457,73.93829165,-4.117164926778621
gregers,ng,ng_v1,81.5,83.0,3.59,pelvis_rotation,23.128040965504262,239.31655383561593,0.12790799288140753,9.66420441662831,127.86305843000001,8.562765603440278
gregers,ng,ng_v1,81.5,83.0,3.59,hip_flexion_r,15.379342532494046,37.65002818579518,0.4353827771351739,40.84815675728087,88.23603424,-5.095022124560707
gregers,ng,ng_v1,81.5,83.0,3.59,hip_adduction_r,7.28883245660684,90.13675398993544,0.3174647920697305,8.086415511946106,48.70836179,3.483537739870135
gregers,ng,ng_v1,81.5,83.0,3.59,hip_rotation_r,22.923344551650555,135.23461879035895,-0.14423343087305845,16.950796147239767,124.14212336,-6.302557919169868
gregers,ng,ng_v1,81.5,83.0,3.59,knee_angle_r,6.24676314448644,11.064088827851203,0.9890746179311215,56.459806511691276,55.74333742,-4.620180099800895
gregers,ng,ng_v1,81.5,83.0,3.59,ankle_angle_r,2.952066462042908,11.587768816330925,0.9092338442873085,25.4757107156167,35.83756873,-1.4036881150807805
gregers,ng,ng_v1,81.5,83.0,3.59,hip_flexion_l,13.699194387369992,30.971231509390694,0.8029411869928852,44.23199763049881,128.67920617,-2.200426186386659
gregers,ng,ng_v1,81.5,83.0,3.59,hip_adduction_l,5.726972426052804,75.06280256645968,0.20387572157304534,7.6295744766287035,34.64198089,-2.1356021738861393
gregers,ng,ng_v1,81.5,83.0,3.59,hip_rotation_l,23.30379472136868,235.73260296718072,0.16453025455608708,9.885690154031469,115.79816223,13.32582666528968
gregers,ng,ng_v1,81.5,83.0,3.59,knee_angle_l,10.476157435818267,17.588037530183307,0.947759755267834,59.564106671024845,55.55328331,-9.036916355434261
gregers,ng,ng_v1,81.5,83.0,3.59,ankle_angle_l,10.608433727227967,36.77613085278936,0.8337581386780808,28.8459755858829,28.96830911,-10.005844369681858
gregers,ng,ng_v2,101.54,103.04,4.09,pelvis_tilt,64.22879763967502,1089.9302194454822,0.48282045384311073,5.892927500657094,104.70741335000001,-55.49158919385301
gregers,ng,ng_v2,101.54,103.04,4.09,pelvis_list,97.91932275482272,1150.4395964040393,-0.6674107162248011,8.511470142447447,21.07699031,-97.4311155166807
gregers,ng,ng_v2,101.54,103.04,4.09,pelvis_rotation,39.58069382335535,236.28971612954183,-0.6191329696605941,16.750916828583392,101.2693165,13.020758672272947
gregers,ng,ng_v2,101.54,103.04,4.09,hip_flexion_r,93.9100000516982,1159.691222496158,0.15773684043441014,8.097845204826436,18.928411530000005,93.64773354456057
gregers,ng,ng_v2,101.54,103.04,4.09,hip_adduction_r,11.474496952656716,218.67228209537163,0.37982035550355975,5.247348608934458,33.2808684,-0.47550359116627794
gregers,ng,ng_v2,101.54,103.04,4.09,hip_rotation_r,84.9686402921101,469.3894497527232,-0.45572329232049674,18.10194931668618,6.477870379999999,-84.70981994730921
gregers,ng,ng_v2,101.54,103.04,4.09,knee_angle_r,28.39969348245305,139.69959729709612,0.20514765328217366,20.329116212164905,34.92448304,26.11459925958701
gregers,ng,ng_v2,101.54,103.04,4.09,ankle_angle_r,3.3173445469339846,27.510618245419998,0.4878582756582445,12.058415108450935,11.26623572,1.1033294764300645
gregers,ng,ng_v2,101.54,103.04,4.09,hip_flexion_l,115.15083086292098,554.8899915082397,0.15004822106323668,20.752010781439925,25.123769100000004,114.66606907720546
gregers,ng,ng_v2,101.54,103.04,4.09,hip_adduction_l,10.6442696822076,93.19720216815438,0.056198957551303705,11.421233078437588,27.183524930000004,6.991458836581342
gregers,ng,ng_v2,101.54,103.04,4.09,hip_rotation_l,152.83989843510997,803.4879113343683,0.40345261452683695,19.022053260426247,80.03184736,150.10726926934103
gregers,ng,ng_v2,101.54,103.04,4.09,knee_angle_l,36.98178955682348,101.36285364964111,-0.27867007252698206,36.48455842082976,89.53483756,-5.714290988575411
gregers,ng,ng_v2,101.54,103.04,4.09,ankle_angle_l,18.45670259041671,111.70014606027156,-0.08401173924389423,16.523436397708718,62.13369489,4.440886936454913
gregers,gwo,gwo_v0,4.15,5.65,3.04,pelvis_tilt,2.6716295694590597,27.745162909892702,0.8703151068663952,9.629172400737552,12.73880842,1.1795494798262918
gregers,gwo,gwo_v0,4.15,5.65,3.04,pelvis_list,3.336894632872286,25.906436913802445,0.8438309024892355,12.88056186180684,12.30506729,2.470021846198634
gregers,gwo,gwo_v0,4.15,5.65,3.04,pelvis_rotation,4.599374547378578,43.34099918833175,0.9552182418591513,10.612063942948552,9.204176480000001,4.441973429040057
gregers,gwo,gwo_v0,4.15,5.65,3.04,hip_flexion_r,3.6431042617834275,19.39228412786631,0.8677006741482227,18.78635975918052,16.43322471,-1.9174238872359821
gregers,gwo,gwo_v0,4.15,5.65,3.04,hip_adduction_r,3.969444078233829,34.818422706768644,0.6835496214812091,11.400413257267324,11.7862065,-2.7128922814225938
gregers,gwo,gwo_v0,4.15,5.65,3.04,hip_rotation_r,3.8984578068361824,30.636798205524062,0.5234518225240494,12.724755964000373,14.14928244,0.5556510856265966
gregers,gwo,gwo_v0,4.15,5.65,3.04,knee_angle_r,1.097106001518158,19.811468291253263,0.7775261653607074,5.537731910574891,5.31483037,0.19519527324813418
gregers,gwo,gwo_v0,4.15,5.65,3.04,ankle_angle_r,6.610404282999671,26.652868929830714,0.9691303049584764,24.801848913161848,18.032867250000002,6.300742477921939
gregers,gwo,gwo_v0,4.15,5.65,3.04,hip_flexion_l,4.269206834559374,14.976203154173708,0.9923249492939431,28.506603380107002,40.95796762,0.3263235365051495
gregers,gwo,gwo_v0,4.15,5.65,3.04,hip_adduction_l,4.153487949337268,42.42356018950228,0.5234433842492223,9.790521895814507,10.3470753,3.043140516128212
gregers,gwo,gwo_v0,4.15,5.65,3.04,hip_rotation_l,6.65663775769988,50.02720226129033,0.41861835109016476,13.306036429805715,8.045541699999998,5.8500755786716
gregers,gwo,gwo_v0,4.15,5.65,3.04,knee_angle_l,4.261577397656251,13.397964111249028,0.968986376533885,31.807649000031276,37.07215182,2.9730031958498873
gregers,gwo,gwo_v0,4.15,5.65,3.04,ankle_angle_l,4.33869685627818,22.394319769559264,0.8777567896184194,19.374095310435806,10.30709932,2.6214402472087035
gregers,gwo,gwo_v1,36.76,38.26,3.56,pelvis_tilt,5.726228766647381,43.18238982183779,0.43946035442634207,13.2605647586266,44.81406077,-0.6778027752886918
gregers,gwo,gwo_v1,36.76,38.26,3.56,pelvis_list,3.609275445806019,32.247574936968164,0.4332514271931387,11.192393390389169,10.81596148,-0.7622636519952511
gregers,gwo,gwo_v1,36.76,38.26,3.56,pelvis_rotation,5.945973121658466,28.476839866387177,0.984706182069626,20.880031455585893,22.27124698,5.856084369940485
gregers,gwo,gwo_v1,36.76,38.26,3.56,hip_flexion_r,5.2924971704345065,15.39003679983394,0.8330219001294716,34.38911315983087,30.40094234,-0.5174075323174141
gregers,gwo,gwo_v1,36.76,38.26,3.56,hip_adduction_r,4.86063351372955,33.85633344053348,0.5423426870419834,14.356644739061739,22.22031424,2.0646625404224483
gregers,gwo,gwo_v1,36.76,38.26,3.56,hip_rotation_r,11.143046581275488,115.37237191457204,0.13140475418697853,9.658331883413478,89.46826903,4.995975517471773
gregers,gwo,gwo_v1,36.76,38.26,3.56,knee_angle_r,2.090826872170452,22.678725979128664,0.8436981714182662,9.219331253857248,19.54461229,-0.5418185365204669
gregers,gwo,gwo_v1,36.76,38.26,3.56,ankle_angle_r,6.718877153512224,26.18485863463697,0.6456796782951314,25.659398231864373,37.59476918,4.0735431441058765
gregers,gwo,gwo_v1,36.76,38.26,3.56,hip_flexion_l,10.224353455743882,23.70389321355041,0.9221958761025633,43.13364629021825,79.63899281,6.107084423820799
gregers,gwo,gwo_v1,36.76,38.26,3.56,hip_adduction_l,4.363385586399116,37.266311232558394,0.44384774622972156,11.708659757521064,14.35485132,-1.6196574597585647
gregers,gwo,gwo_v1,36.76,38.26,3.56,hip_rotation_l,8.01818861251272,46.21857725791226,0.24459269519958285,17.348410721881468,16.26570986,6.45005195397647
gregers,gwo,gwo_v1,36.76,38.26,3.56,knee_angle_l,9.347815232344486,18.097198213566603,0.9606338389245423,51.65338370078124,57.28740106,8.198898143321383
gregers,gwo,gwo_v1,36.76,38.26,3.56,ankle_angle_l,5.582707717670584,19.469940912870825,0.858346982339934,28.67347026194657,16.26377687,3.8686323411156387
gregers,gwo,gwo_v2,66.39,67.89,4.07,pelvis_tilt,7.008595441208906,44.966328046658106,0.5518662967081769,15.586319243004732,41.67732968,-4.415174286814622
gregers,gwo,gwo_v2,66.39,67.89,4.07,pelvis_list,4.386764388715995,37.95738870270783,0.4789109328992342,11.557076339139863,15.36209914,-1.4714539182505382
gregers,gwo,gwo_v2,66.39,67.89,4.07,pelvis_rotation,6.971614952840744,40.839856371004366,0.9635749651780589,17.070615747293562,19.503873650000003,6.7855447123861135
gregers,gwo,gwo_v2,66.39,67.89,4.07,hip_flexion_r,5.631642007013574,16.545892510993028,0.8617850787829744,34.036495784509256,25.85772798,1.9507139415634502
gregers,gwo,gwo_v2,66.39,67.89,4.07,hip_adduction_r,5.458536366993281,33.8465649709272,0.6284491092745481,16.127297915407187,24.09607229,2.6132161658458903
gregers,gwo,gwo_v2,66.39,67.89,4.07,hip_rotation_r,13.201387467653069,91.53032468730098,0.11064830438101883,14.422965845203262,92.57987458,4.078149181988618
gregers,gwo,gwo_v2,66.39,67.89,4.07,knee_angle_r,3.2404816941191017,37.33419054858144,0.6562595819178164,8.67966238588298,19.52366467,-1.8850702259593413
gregers,gwo,gwo_v2,66.39,67.89,4.07,ankle_angle_r,7.86746050814499,25.31300332786099,0.66632679618909,31.08070743816321,35.05684276,4.931015770704421
gregers,gwo,gwo_v2,66.39,67.89,4.07,hip_flexion_l,11.957211893199702,25.054100087612397,0.9209663997084684,47.7255692736366,75.28643098,8.438356157400964
gregers,gwo,gwo_v2,66.39,67.89,4.07,hip_adduction_l,5.3300489758099125,44.106730683558496,0.7138705071170159,12.084434491529374,19.2821468,-3.7653527527528308
gregers,gwo,gwo_v2,66.39,67.89,4.07,hip_rotation_l,7.644652652328134,51.44000291176085,0.3323514453293725,14.86129902722132,14.000869699999999,6.518568054344118
gregers,gwo,gwo_v2,66.39,67.89,4.07,knee_angle_l,8.446499255804177,15.149220407127759,0.9682368212213216,55.75533940895118,60.812462059999994,6.905874199642562
gregers,gwo,gwo_v2,66.39,67.89,4.07,ankle_angle_l,4.656284037833095,20.17425925735903,0.753302965663672,23.080322198866398,19.19807787,2.402160334687614
gregers,rd,rd_correct,23.099,24.599,,pelvis_tilt,7.929606642811965,467.4565007645353,0.5936860371452339,1.6963303815099202,1.3942645899999988,-7.921722098158201
gregers,rd,rd_correct,23.099,24.599,,pelvis_list,2.100310077463892,57.974183268057814,0.9745732598179503,3.6228368543849854,3.5692375600000013,-2.0858460880305123
gregers,rd,rd_correct,23.099,24.599,,pelvis_rotation,359.8516408437617,9884.334086481122,0.04540420274590643,3.6406260421319985,2.0946875900000066,-359.8497346423141
gregers,rd,rd_correct,23.099,24.599,,hip_flexion_r,9.315682987905642,247.11871062075596,0.7533382884667735,3.76971980976466,2.2549990300000005,-9.268969455313007
gregers,rd,rd_correct,23.099,24.599,,hip_adduction_r,1.5393040374178275,32.5817813052714,0.9692179687194463,4.72443180130481,4.79007189,-1.494251351706995
gregers,rd,rd_correct,23.099,24.599,,hip_rotation_r,3.894978139374134,52.41516555877135,0.16419509015749037,7.43101371111158,3.189271399999999,3.189498710490489
gregers,rd,rd_correct,23.099,24.599,,knee_angle_r,1.0423054969968453,24.828646768502615,0.9330889519940886,4.197995592410232,3.97940231,-0.9481615888993893
gregers,rd,rd_correct,23.099,24.599,,ankle_angle_r,3.6738973722386237,10.791027021352262,0.9365946241110701,34.0458546250423,30.19591208,0.006077153828118264
gregers,rd,rd_correct,23.099,24.599,,hip_flexion_l,9.548044812242011,403.6696585601264,0.9090293124399619,2.365311489176449,3.436147349999999,-9.541200647074671
gregers,rd,rd_correct,23.099,24.599,,hip_adduction_l,2.826816517853385,102.45894706319399,0.9663110978439798,2.7589747883216864,4.33802504,2.769107730734158
gregers,rd,rd_correct,23.099,24.599,,hip_rotation_l,2.2832319422715894,37.03919114715483,0.7945878193425878,6.164367718507741,3.49841084,-1.664411527153202
gregers,rd,rd_correct,23.099,24.599,,knee_angle_l,2.1527719686720466,150.32451820687854,-0.4372707987347878,1.4320830655910528,1.0390073399999995,-2.076458211008737
gregers,rd,rd_correct,23.099,24.599,,ankle_angle_l,2.633938061875706,125.43800155884904,0.4803665126124998,2.099792749520167,1.75201851,2.5849751879154828
gregers,rd,rd_toes,63.724,65.22399999999999,,pelvis_tilt,9.689156353536921,509.41457122393547,0.6319979071333395,1.9020179046424701,1.4865479099999988,-9.682822142049064
gregers,rd,rd_toes,63.724,65.22399999999999,,pelvis_list,0.4339976442323043,9.702809127574874,0.986398539320464,4.472907160452181,4.93596848,0.3100635351438916
gregers,rd,rd_toes,63.724,65.22399999999999,,pelvis_rotation,355.65357747751403,10332.896155288037,0.36222566449314303,3.441954434967414,4.204177610000016,-355.6510661655884
gregers,rd,rd_toes,63.724,65.22399999999999,,hip_flexion_r,12.0831067399093,413.87063881407767,0.39515765733331604,2.91953707432176,1.3937424499999995,-12.065370112444345
gregers,rd,rd_toes,63.724,65.22399999999999,,hip_adduction_r,0.4312387642525778,7.900134654586707,0.9779974228469929,5.458625493202279,5.448382639999999,0.11930017810571657
gregers,rd,rd_toes,63.724,65.22399999999999,,hip_rotation_r,2.564383969829121,26.68593625308126,0.35237397030668904,9.609495973869109,2.640931030000001,-0.8508609036394978
gregers,rd,rd_toes,63.724,65.22399999999999,,knee_angle_r,1.5995629979251988,54.905152922008696,0.8819117397140221,2.913320358468604,4.475695180000001,-1.3833106100868482
gregers,rd,rd_toes,63.724,65.22399999999999,,ankle_angle_r,4.428807383268295,10.1869701982226,0.9878286817389816,43.47521684161816,34.540129,-2.8205940530781284
gregers,rd,rd_toes,63.724,65.22399999999999,,hip_flexion_l,10.322293189494541,462.40605722076583,-0.44959498444000456,2.23230059993924,1.951014150000006,-10.295022080155094
gregers,rd,rd_toes,63.724,65.22399999999999,,hip_adduction_l,0.9312782374005514,33.74450474536761,0.9528687175705567,2.7597922815222105,4.88510785,0.21639639296596247
gregers,rd,rd_toes,63.724,65.22399999999999,,hip_rotation_l,2.703792942760574,27.207254584131313,0.95758003812414,9.937764703159601,4.606854590000001,2.1024172996846713
gregers,rd,rd_toes,63.724,65.22399999999999,,knee_angle_l,1.3970468961711968,88.79381293702266,-0.008993288028798578,1.573360631739125,1.5327140199999998,-1.2630398741251623
gregers,rd,rd_toes,63.724,65.22399999999999,,ankle_angle_l,3.3269383460755155,371.14172157484995,-0.36468950989026844,0.8964064541055796,1.315095229999999,3.293999595422459
gregers,rd,rd_supination,101.907,103.407,,pelvis_tilt,5.661352536664006,160.1180016115978,0.6736083518912358,3.5357376932525604,1.9873891900000018,-5.615992856495924
gregers,rd,rd_supination,101.907,103.407,,pelvis_list,0.5138099749771408,13.70659866162286,0.9755226647308044,3.7486322293492007,3.5293894700000004,-0.4334086507183843
gregers,rd,rd_supination,101.907,103.407,,pelvis_rotation,356.82920750585515,13522.354040493614,0.8162288364062729,2.6388098288012998,3.455944619999997,-356.82844843992
gregers,rd,rd_supination,101.907,103.407,,hip_flexion_r,7.390648432572356,271.45354031304106,0.628333998994,2.7226200196355657,2.584808110000001,-7.358614571880649
gregers,rd,rd_supination,101.907,103.407,,hip_adduction_r,0.9432760080929989,26.361210037916578,0.9530261956984672,3.5782727983132805,3.76017594,-0.8872064124087423
gregers,rd,rd_supination,101.907,103.407,,hip_rotation_r,2.5059397770267187,24.14714476291195,0.8236508850424314,10.377789182245838,11.9902346,0.2344853350931462
gregers,rd,rd_supination,101.907,103.407,,knee_angle_r,2.5062679946785877,96.98209872328188,0.8304891476627692,2.584258360741088,6.6667985199999995,-2.077256644881075
gregers,rd,rd_supination,101.907,103.407,,ankle_angle_r,4.460303877670478,11.57055406140033,0.9693675774518866,38.548749299311154,31.69474738,-3.364389360328698
gregers,rd,rd_supination,101.907,103.407,,hip_flexion_l,20.820366617827048,926.4942322745034,0.27735364372979604,2.24722031638707,2.0418379400000006,-20.810346119257797
gregers,rd,rd_supination,101.907,103.407,,hip_adduction_l,16.37628170251779,300.2048622389857,-0.5385561286404156,5.4550354649089705,4.41071615,16.162114290943514
gregers,rd,rd_supination,101.907,103.407,,hip_rotation_l,17.833396548955193,257.64906291440747,0.9424107847695932,6.92158409086842,5.550741519999999,17.821256709139256
gregers,rd,rd_supination,101.907,103.407,,knee_angle_l,16.709808092147263,258.9683028667091,0.9147643093884528,6.452453025012794,1.3810654799999997,-16.63519504362062
gregers,rd,rd_supination,101.907,103.407,,ankle_angle_l,2.6878269481849926,262.53884371736,-0.06707820828990925,1.0237825801802538,1.0465622900000007,2.6574245339106004
gregers,rd,rd_pronation,148.038,149.538,,pelvis_tilt,7.852271450635994,221.25115124073855,0.1478571660538235,3.549030776383219,1.1364301999999995,-7.8117942074252325
gregers,rd,rd_pronation,148.038,149.538,,pelvis_list,1.6540791684223017,50.62856812546729,0.9855190011917346,3.267086606761575,3.5283915500000003,-1.6406302601513674
gregers,rd,rd_pronation,148.038,149.538,,pelvis_rotation,358.73431863473166,6883.122715038881,0.9161320690875854,5.211796062431603,5.916291339999987,-358.73383603413396
gregers,rd,rd_pronation,148.038,149.538,,hip_flexion_r,10.038661120294474,233.43421063977462,-0.04957968172568365,4.300424129257427,2.4653852899999986,-9.970656462213558
gregers,rd,rd_pronation,148.038,149.538,,hip_adduction_r,1.351711105872829,43.50000223450034,0.7363025185829392,3.1073816929617806,2.4583432300000005,1.1726052198814216
gregers,rd,rd_pronation,148.038,149.538,,hip_rotation_r,2.368372718589744,19.12937383621309,0.7325641766748848,12.380816742188747,4.7142593999999995,1.237109312634354
gregers,rd,rd_pronation,148.038,149.538,,knee_angle_r,0.8327257951823231,13.457311719811285,0.9256254311485769,6.187905969038522,7.05498224,0.4493294680466718
gregers,rd,rd_pronation,148.038,149.538,,ankle_angle_r,6.256377002488607,13.889905887099113,0.9907873845493365,45.04261622319201,39.341722860000004,5.543753710168525
gregers,rd,rd_pronation,148.038,149.538,,hip_flexion_l,11.982209800875058,362.7921635221542,0.32162041610757663,3.30277525416928,2.102724770000002,-11.954459555959124
gregers,rd,rd_pronation,148.038,149.538,,hip_adduction_l,4.152147800715039,159.24850418795265,0.9850709189539505,2.6073386509266534,2.9408471800000004,-4.142233966880308
gregers,rd,rd_pronation,148.038,149.538,,hip_rotation_l,44.54838162777954,674.7315169663274,0.9625854668576143,6.602386357772989,3.428724929999998,44.52397218727387
gregers,rd,rd_pronation,148.038,149.538,,knee_angle_l,8.515230059278782,436.1387469168389,0.9093767238041288,1.9524131069470032,1.42254135,-8.51122199727601
gregers,rd,rd_pronation,148.038,149.538,,ankle_angle_l,2.0910425716170935,74.82236511881173,0.13704149143394706,2.7946758543340495,2.7551096599999996,1.831453444597501
gregers,rgs,rgs_correct,18.073,19.573,,pelvis_tilt,4.41681370156807,70.82483900547437,0.8656365186592465,6.2362495468950865,11.11009635,3.848157470550336
gregers,rgs,rgs_correct,18.073,19.573,,pelvis_list,2.1705947520534656,57.046951619914246,0.2755541403998841,3.804926802251329,7.344155409999999,0.29077823323837027
gregers,rgs,rgs_correct,18.073,19.573,,pelvis_rotation,3.1995061868273242,43.008869555140336,0.7767414604837926,7.439177592718025,9.22079758,2.529561794878714
gregers,rgs,rgs_correct,18.073,19.573,,hip_flexion_r,9.726216472001369,25.168076713148864,0.9858494986550442,38.64505255151254,31.70938533,-9.2477817681591
gregers,rgs,rgs_correct,18.073,19.573,,hip_adduction_r,2.8680363331577343,30.315033564045642,0.8749536381029855,9.46077241543712,13.932914629999999,-0.756817503983938
gregers,rgs,rgs_correct,18.073,19.573,,hip_rotation_r,8.095507049112163,61.18547277177814,0.4759961575632331,13.231093399095585,8.377652010000002,7.020960150238187
gregers,rgs,rgs_correct,18.073,19.573,,knee_angle_r,4.564048332287678,7.892273160409136,0.9940658768210895,57.82932546205836,53.333333259999996,-3.900447657230159
gregers,rgs,rgs_correct,18.073,19.573,,ankle_angle_r,2.8380463138822565,10.044440228913457,0.9503211179893186,28.25489772653322,30.83718407,0.6700654307149263
gregers,rgs,rgs_correct,18.073,19.573,,hip_flexion_l,7.080834512596619,54.53403366578057,0.9549681773261672,12.984248618014396,20.85927374,-6.200544853949618
gregers,rgs,rgs_correct,18.073,19.573,,hip_adduction_l,2.739164270379927,57.108703345550836,0.4402865510190658,4.796404242985368,10.83606817,0.4654544268958563
gregers,rgs,rgs_correct,18.073,19.573,,hip_rotation_l,5.916955057846953,87.84368894028927,0.01721275287847016,6.735777070870663,7.42626613,5.16858349076019
gregers,rgs,rgs_correct,18.073,19.573,,knee_angle_l,3.5415320799714216,7.921655775476863,0.9960026411236151,44.706967587950146,45.70402069,-3.3040574198981
gregers,rgs,rgs_correct,18.073,19.573,,ankle_angle_l,2.6746369423176124,5.748972173306761,0.9870929550572359,46.52374131738376,39.74520128,-1.3381808073953108
gregers,rgs,rgs_flexion,92.002,93.502,,pelvis_tilt,6.1750501560438,60.70575257228806,0.7930942008724231,10.172100491943635,11.977253589999998,5.661531574690419
gregers,rgs,rgs_flexion,92.002,93.502,,pelvis_list,4.389165554583883,101.80666280435808,0.9352250947729704,4.311275346505115,13.247609480000001,-2.680358757062048
gregers,rgs,rgs_flexion,92.002,93.502,,pelvis_rotation,6.410052157917505,44.3573740910877,0.9065682645761811,14.450927921825325,17.13794533,5.8746583326221335
gregers,rgs,rgs_flexion,92.002,93.502,,hip_flexion_r,15.11641923672475,29.84752081620286,0.9862658505472593,50.64547682137384,41.42191916,-14.654965465871118
gregers,rgs,rgs_flexion,92.002,93.502,,hip_adduction_r,3.3096249459584755,46.40264971440213,0.9293562479971651,7.132405081021176,14.25945483,1.1073589886827835
gregers,rgs,rgs_flexion,92.002,93.502,,hip_rotation_r,5.493892598301729,34.885542861299925,0.6932841485886071,15.748336266815981,4.371040619999999,3.320444326716104
gregers,rgs,rgs_flexion,92.002,93.502,,knee_angle_r,9.357574499549429,14.383213315614082,0.9993406936932739,65.05899825174019,63.060707810000004,-9.326026131925598
gregers,rgs,rgs_flexion,92.002,93.502,,ankle_angle_r,15.409221630899006,37.62542336818536,0.9850631642889998,40.95428104585386,20.239908860000003,13.254057557968542
gregers,rgs,rgs_flexion,92.002,93.502,,hip_flexion_l,7.744170181424486,43.81961328920209,0.8963813101429979,17.67284008262296,21.73638897,-7.1024666524545
gregers,rgs,rgs_flexion,92.002,93.502,,hip_adduction_l,6.6691775248823095,177.29545098702678,0.7703588187111996,3.7616179590362484,15.53999756,-4.234649500690044
gregers,rgs,rgs_flexion,92.002,93.502,,hip_rotation_l,8.20624199864931,116.95109344891534,-0.048917802347618264,7.0168151118944655,8.44040504,7.570725416899317
gregers,rgs,rgs_flexion,92.002,93.502,,knee_angle_l,3.072065985347702,44.11883360282658,0.8876403685259034,6.963162292556353,5.37719002,-2.8863632186957027
gregers,rgs,rgs_flexion,92.002,93.502,,ankle_angle_l,2.396731663256722,22.523695432468717,0.9306222115643531,10.640934434771957,5.52180042,-1.6050874719229193
gregers,rgs,rgs_abduction,171.819,173.319,,pelvis_tilt,4.942964742055554,59.26719516283684,0.9203261669843104,8.340136104762069,10.886239790000001,4.739423260939174
gregers,rgs,rgs_abduction,171.819,173.319,,pelvis_list,1.881748185357176,14.877589707595233,0.992002418356873,12.648205941561324,16.1762406,1.3146180143284678
gregers,rgs,rgs_abduction,171.819,173.319,,pelvis_rotation,3.857214676107939,25.6732944901123,0.9760713654439067,15.024229467680858,16.54850938,3.722133520148805
gregers,rgs,rgs_abduction,171.819,173.319,,hip_flexion_r,11.27488311227877,69.00823524479009,0.970569340078279,16.338460289969507,10.83937473,-11.123720751107756
gregers,rgs,rgs_abduction,171.819,173.319,,hip_adduction_r,3.5718326026333815,15.840188476388887,0.9845047992883239,22.549179941624395,16.99324965,-2.550142399287012
gregers,rgs,rgs_abduction,171.819,173.319,,hip_rotation_r,6.892759758578529,49.50882110752961,0.6281437122937917,13.922286179280956,11.69511793,6.073846767894466
gregers,rgs,rgs_abduction,171.819,173.319,,knee_angle_r,11.267928156774728,31.399915312855597,0.9978650322466014,35.885218302361054,34.89800127,-11.236400681974285
gregers,rgs,rgs_abduction,171.819,173.319,,ankle_angle_r,7.594997659649972,17.943894205892487,0.9740727561408163,42.326362229420056,29.418808199999997,4.636307117390617
gregers,rgs,rgs_abduction,171.819,173.319,,hip_flexion_l,6.314151053666035,66.81463345120576,0.9699186212813166,9.450251730075289,14.64919529,-6.018894914469192
gregers,rgs,rgs_abduction,171.819,173.319,,hip_adduction_l,3.5532862898047295,27.450229226240253,0.9607713046889005,12.944468552590694,16.40998519,2.6125597297654606
gregers,rgs,rgs_abduction,171.819,173.319,,hip_rotation_l,3.222654439538246,49.84702959151554,0.48576124750388955,6.465088222803097,7.411483090000001,2.372023899680643
gregers,rgs,rgs_abduction,171.819,173.319,,knee_angle_l,1.819427156566674,46.255139856956816,0.9290792554723012,3.933459421359917,3.53258385,-1.7425984209174592
gregers,rgs,rgs_abduction,171.819,173.319,,ankle_angle_l,2.5174448563912732,34.12249591999896,0.9207680649838913,7.377669154957143,6.16200094,-2.3573107068820343
gregers,rgs,rgs_stork,253.105,254.605,,pelvis_tilt,7.920011635635737,29.56693935013836,0.6591833104164713,26.786714518689855,14.857782120000001,-2.695086784525084
gregers,rgs,rgs_stork,253.105,254.605,,pelvis_list,6.225919814048915,51.57083194923282,0.9783373571829088,12.072560357718901,24.29277924,-3.2533486222073256
gregers,rgs,rgs_stork,253.105,254.605,,pelvis_rotation,4.318138351063206,53.768644253358225,0.4067558159829201,8.030960071665762,10.57401093,2.457147284380672
gregers,rgs,rgs_stork,253.105,254.605,,hip_flexion_r,9.30017754349161,11.11967638735786,0.9848002591469502,83.6371241348816,94.38256639,-5.6870342719192255
gregers,rgs,rgs_stork,253.105,254.605,,hip_adduction_r,5.7666499756693,33.422503261766984,0.9904347298164412,17.253794338815865,29.89532764,-2.6884910798317234
gregers,rgs,rgs_stork,253.105,254.605,,hip_rotation_r,6.902402701320991,44.001250746604,-0.03655871034831315,15.68683295179675,15.764196319999998,-2.4959383802004096
gregers,rgs,rgs_stork,253.105,254.605,,knee_angle_r,12.064143131673092,8.717163602399387,0.9996607455438071,138.3952817904261,126.34639723,-11.34940545357148
gregers,rgs,rgs_stork,253.105,254.605,,ankle_angle_r,7.3746175945980195,16.322541319283744,0.9838025797960264,45.180572377449046,32.11150671,4.699738046218709
gregers,rgs,rgs_stork,253.105,254.605,,hip_flexion_l,8.262164606045953,25.70123851909905,0.7647382337271645,32.14695120589691,17.316477420000002,2.1428929792951217
gregers,rgs,rgs_stork,253.105,254.605,,hip_adduction_l,9.71848226971076,147.98232915683647,0.8818160108858492,6.56732619704262,24.47107324,-6.076843779974388
gregers,rgs,rgs_stork,253.105,254.605,,hip_rotation_l,4.410129368964143,39.61629616999963,0.22256987809633874,11.132109246254618,6.145070629999999,2.2460802208945476
gregers,rgs,rgs_stork,253.105,254.605,,knee_angle_l,0.6306465889161057,6.893424917169895,0.9721274486255923,9.148523360939405,9.0191201,-0.2189828466088348
gregers,rgs,rgs_stork,253.105,254.605,,ankle_angle_l,4.117059086517157,44.416334018315894,0.8225952728273013,9.26924559964677,5.57460064,-3.798555256553892
hamit,ng,ng_v0,13.28,14.78,4.07,pelvis_tilt,6.481424887557139,99.654266233799,0.22216756094263795,6.503911104368638,29.5604057,-0.4317542645904425
hamit,ng,ng_v0,13.28,14.78,4.07,pelvis_list,15.678014434601694,705.3176093647509,0.22047147240054088,2.2228304279432645,65.8578313,-3.0614772472781295
hamit,ng,ng_v0,13.28,14.78,4.07,pelvis_rotation,28.644542464552313,850.4091364538981,-0.34569761928102327,3.3683248728954798,109.52319365000001,9.999130366298793
hamit,ng,ng_v0,13.28,14.78,4.07,hip_flexion_r,15.36691797806417,88.58753614973655,0.5573002459669308,17.34659145739191,70.37693408000001,6.198307866071757
hamit,ng,ng_v0,13.28,14.78,4.07,hip_adduction_r,3.1868551238950307,48.09471306398066,0.8849937446687947,6.6262067509489855,21.88417982,0.6245505785125122
hamit,ng,ng_v0,13.28,14.78,4.07,hip_rotation_r,25.403641460632386,452.29933274847474,-0.030534126885454278,5.616555148614257,99.81702398,-6.988049429055272
hamit,ng,ng_v0,13.28,14.78,4.07,knee_angle_r,5.896611974538035,16.657867061485003,0.9320911788176097,35.39836134346223,57.03789508,2.4632660358320857
hamit,ng,ng_v0,13.28,14.78,4.07,ankle_angle_r,4.379563028732934,26.314396751911506,0.6783560897885801,16.64322032544713,12.239075609999999,3.0761911081306303
hamit,ng,ng_v0,13.28,14.78,4.07,hip_flexion_l,26.51847115052586,116.8555779580216,0.08126537027489303,22.69337212131386,99.90912306999999,11.129649762519584
hamit,ng,ng_v0,13.28,14.78,4.07,hip_adduction_l,7.4023239749629575,84.25469201049933,0.6163821159763225,8.785651930269383,31.515316650000003,4.191962321075376
hamit,ng,ng_v0,13.28,14.78,4.07,hip_rotation_l,25.315227915904178,216.26774710226954,-0.2860652090784347,11.705503134470167,86.55416136999999,11.921930888353014
hamit,ng,ng_v0,13.28,14.78,4.07,knee_angle_l,10.726028347853743,26.230512591035026,0.8179025072760737,40.891417240239704,42.58445462,6.453291731101546
hamit,ng,ng_v0,13.28,14.78,4.07,ankle_angle_l,3.4371984265049558,30.216665622122203,0.4129328346728993,11.37517444674146,15.902447290000001,0.34826199362068777
hamit,ng,ng_v1,45.56,47.06,4.59,pelvis_tilt,1.5985371549158172,35.85671165954088,0.784872905455974,4.45812535765664,6.334433410000001,-1.2869415901875787
hamit,ng,ng_v1,45.56,47.06,4.59,pelvis_list,2.652608498143267,50.7150099446524,0.619657059106653,5.230420936598808,10.91891103,0.5674255519440841
hamit,ng,ng_v1,45.56,47.06,4.59,pelvis_rotation,3.01742501383111,31.726246456416995,0.9596537438182297,9.510816282588642,13.225393960000002,2.5777968504950626
hamit,ng,ng_v1,45.56,47.06,4.59,hip_flexion_r,1.9202758260539663,5.031262265192617,0.9932622745861504,38.166879896897015,41.02497593,1.2791655608717676
hamit,ng,ng_v1,45.56,47.06,4.59,hip_adduction_r,3.527142662503566,27.96586596522246,0.9630846163955925,12.612313406957675,19.77276553,0.9905362995952127
hamit,ng,ng_v1,45.56,47.06,4.59,hip_rotation_r,5.095189740841062,30.474313012947608,-0.17040082953872637,16.719621337079104,8.134611889999999,1.7444880064201238
hamit,ng,ng_v1,45.56,47.06,4.59,knee_angle_r,3.1313528962007573,6.4858711412891665,0.9793520430489865,48.27960389571281,52.855573240000005,-0.8971469693511492
hamit,ng,ng_v1,45.56,47.06,4.59,ankle_angle_r,2.702189857353009,7.694839287277007,0.9161675659408982,35.116910912238694,28.09092888,-0.09386052066371764
hamit,ng,ng_v1,45.56,47.06,4.59,hip_flexion_l,3.1124102315934907,8.147087444600052,0.9949765146949523,38.202735060324144,42.83793849,2.1816989539131826
hamit,ng,ng_v1,45.56,47.06,4.59,hip_adduction_l,3.2414297002133705,25.665596210881485,0.8847020063054492,12.629473609652972,18.5399017,0.7510053396558071
hamit,ng,ng_v1,45.56,47.06,4.59,hip_rotation_l,7.421042493973549,39.31169614459611,-0.16081894845857253,18.877441631308663,6.90186494,4.831382958810549
hamit,ng,ng_v1,45.56,47.06,4.59,knee_angle_l,2.7732819971840255,4.57659214657245,0.9910438815587448,60.59709732406505,62.32092486999999,0.3598876789793713
hamit,ng,ng_v1,45.56,47.06,4.59,ankle_angle_l,3.114227311194046,7.007874930462825,0.9740893828029719,44.43896819072328,35.43959967,-0.692179788761502
hamit,ng,ng_v2,75.55,77.05,5.13,pelvis_tilt,2.0023077216882097,63.92115522202698,0.5671492674226896,3.132464854136776,6.4143529300000015,1.5584016755567867
hamit,ng,ng_v2,75.55,77.05,5.13,pelvis_list,3.4511021740433194,66.4917956539822,0.5924149080921907,5.190267671522318,11.113238599999999,1.970863599373509
hamit,ng,ng_v2,75.55,77.05,5.13,pelvis_rotation,2.5656445777930554,28.0901739036118,0.9545791672999344,9.133601616696179,12.68599634,2.1509212750730966
hamit,ng,ng_v2,75.55,77.05,5.13,hip_flexion_r,2.0560018724046487,5.025468123925021,0.9941091418292668,40.911648859467,47.33446806,-1.1529564055784258
hamit,ng,ng_v2,75.55,77.05,5.13,hip_adduction_r,3.686596941396814,28.519874996208156,0.9523675535232984,12.926413393771758,21.071719710000004,-0.8811734044498529
hamit,ng,ng_v2,75.55,77.05,5.13,hip_rotation_r,4.906712453860757,29.02765921385469,0.16667894549667944,16.9035760607208,11.65728468,0.3573897462009547
hamit,ng,ng_v2,75.55,77.05,5.13,knee_angle_r,2.5921928923325788,5.365722171431229,0.9896223922014814,48.31023317111383,51.29900746999999,-0.25650902326644365
hamit,ng,ng_v2,75.55,77.05,5.13,ankle_angle_r,3.4184118781446835,8.554942167352388,0.9260265876758776,39.958328312143635,28.40937798,-0.042795865007950594
hamit,ng,ng_v2,75.55,77.05,5.13,hip_flexion_l,2.5361557661686867,6.16876432020786,0.9876859732394901,41.11286530854577,45.93566359,0.1790864922989411
hamit,ng,ng_v2,75.55,77.05,5.13,hip_adduction_l,4.456229782863768,35.606294138067774,0.8627859138918443,12.515286666970145,18.382300139999998,2.5952602462030248
hamit,ng,ng_v2,75.55,77.05,5.13,hip_rotation_l,8.052512344938867,40.90465931374754,-0.012013774221377529,19.686051613764498,7.128199840000001,5.617215795775682
hamit,ng,ng_v2,75.55,77.05,5.13,knee_angle_l,2.965078830139749,4.957240284487002,0.9879025785015151,59.81309478619694,62.06251753,0.9092080591578526
hamit,ng,ng_v2,75.55,77.05,5.13,ankle_angle_l,3.394482522091495,7.8906804651367635,0.9810438095097227,43.018882048123345,32.43374304,-2.2206548076773593
hamit,gwo,gwo_v0,8.13,9.63,4.08,pelvis_tilt,2.071034027896276,36.9150649868231,0.8683950103495344,5.61026786390742,2.9261316400000004,-1.6117477896750212
hamit,gwo,gwo_v0,8.13,9.63,4.08,pelvis_list,0.9221391179286988,15.856641817420158,0.991423733035933,5.81547548684384,6.80715845,0.8833560777131808
hamit,gwo,gwo_v0,8.13,9.63,4.08,pelvis_rotation,0.29220377074896314,3.945702787812767,0.9960324619043167,7.4056204043422476,6.04553322,0.02766989118508375
hamit,gwo,gwo_v0,8.13,9.63,4.08,hip_flexion_r,2.078023555443197,22.817944180150597,0.4292588537127404,9.106970983174184,5.04794656,0.38184677617851365
hamit,gwo,gwo_v0,8.13,9.63,4.08,hip_adduction_r,1.6820029604879363,42.87724108010359,0.9447030705830648,3.9228339280169764,4.46271997,-1.6429842337500782
hamit,gwo,gwo_v0,8.13,9.63,4.08,hip_rotation_r,2.629323102993554,40.60938977125502,0.8596989137894397,6.474667848505067,6.98307241,-1.8913148962258965
hamit,gwo,gwo_v0,8.13,9.63,4.08,knee_angle_r,1.5069618995474585,324.0447904491343,0.7957230474114725,0.46504740824833846,5.0567860200000005,-0.37768341264906313
hamit,gwo,gwo_v0,8.13,9.63,4.08,ankle_angle_r,5.0709423731383225,287.77028818478874,-0.004133280131524137,1.7621493883628698,1.7686628899999999,5.028916425051596
hamit,gwo,gwo_v0,8.13,9.63,4.08,hip_flexion_l,2.840031122810702,49.15085317811661,0.9584399551399129,5.778192928856759,5.038107630000001,2.721640955913569
hamit,gwo,gwo_v0,8.13,9.63,4.08,hip_adduction_l,1.2192463063534673,32.844619646594914,0.9103873792886411,3.7121644868244648,4.43628599,1.1490480030231902
hamit,gwo,gwo_v0,8.13,9.63,4.08,hip_rotation_l,3.6260976189117873,251.5957100995721,-0.3441727175774525,1.441239843666935,1.32760148,3.5831064246016555
hamit,gwo,gwo_v0,8.13,9.63,4.08,knee_angle_l,1.822149192934766,44.98141070973418,0.9913781594394416,4.050893834106552,6.25219915,1.578023447203384
hamit,gwo,gwo_v0,8.13,9.63,4.08,ankle_angle_l,2.189656824012941,102.59789176373945,0.9768586754530538,2.1342122984897607,4.623185529999999,1.8679006591928073
hamit,gwo,gwo_v1,49.29,50.79,4.6,pelvis_tilt,3.5123796036629313,40.28572564165731,0.8939377272679981,8.718670317386485,11.41922482,-3.1609759013147944
hamit,gwo,gwo_v1,49.29,50.79,4.6,pelvis_list,3.792595313532951,23.56575253573368,0.8896125344440127,16.093673680830218,16.90696836,-2.5828578179226884
hamit,gwo,gwo_v1,49.29,50.79,4.6,pelvis_rotation,2.6864742431439597,8.276827266989768,0.9941601284292813,32.457778282486906,32.0713544,2.349665031313989
hamit,gwo,gwo_v1,49.29,50.79,4.6,hip_flexion_r,4.2772559013765585,10.03497286203856,0.9878005604604785,42.623492461619406,44.68468215,3.6843114766388645
hamit,gwo,gwo_v1,49.29,50.79,4.6,hip_adduction_r,2.8699859798650724,25.064120850251186,0.6439367967007751,11.450575095021975,11.63939721,0.878055469988558
hamit,gwo,gwo_v1,49.29,50.79,4.6,hip_rotation_r,4.793739753775312,31.911115790909268,0.04142987372830105,15.02216276355005,10.83424692,0.11502412400987182
hamit,gwo,gwo_v1,49.29,50.79,4.6,knee_angle_r,4.162365685062101,62.55228187542541,0.6131409353339828,6.65421877550617,15.170986789999999,1.7026182762100905
hamit,gwo,gwo_v1,49.29,50.79,4.6,ankle_angle_r,5.27480492376143,26.123554425431177,0.4327230277541407,20.191758127012104,14.718397629999998,0.17239024767305716
hamit,gwo,gwo_v1,49.29,50.79,4.6,hip_flexion_l,5.958967827937437,12.192420796138139,0.9903242913207969,48.87436160196257,47.066592729999996,5.562565949494358
hamit,gwo,gwo_v1,49.29,50.79,4.6,hip_adduction_l,4.398984187934417,24.558352983629586,0.8639702621981447,17.91237462409123,13.510658380000002,-3.4646117206472438
hamit,gwo,gwo_v1,49.29,50.79,4.6,hip_rotation_l,12.345052022073448,45.354382789656675,0.3824466157677397,27.219093862057377,11.51199828,9.903672488699707
hamit,gwo,gwo_v1,49.29,50.79,4.6,knee_angle_l,3.205239885632444,6.080014739612889,0.9954041054361611,52.71763347462739,57.26421868,2.6784850442118717
hamit,gwo,gwo_v1,49.29,50.79,4.6,ankle_angle_l,3.3494613173603263,9.165823530280152,0.960033202189087,36.54293917284212,27.50566371,0.9484219316759601
hamit,gwo,gwo_v2,78.95,80.45,5.14,pelvis_tilt,1.7790261114200747,16.62233060796808,0.9321875473405876,10.702627407538632,12.11160317,-1.3785294826357877
hamit,gwo,gwo_v2,78.95,80.45,5.14,pelvis_list,2.417782858336215,28.44372954336667,0.3746436582553945,8.500231499705226,6.55472355,-0.023390722089909142
hamit,gwo,gwo_v2,78.95,80.45,5.14,pelvis_rotation,1.867357673570464,11.399440199078784,0.9870418850945801,16.38113487117876,20.45633584,1.3023070981043094
hamit,gwo,gwo_v2,78.95,80.45,5.14,hip_flexion_r,2.306740082556002,5.794298456502271,0.9927532017531197,39.810515455368275,39.67498664,1.6899904155626164
hamit,gwo,gwo_v2,78.95,80.45,5.14,hip_adduction_r,3.3140723840232487,32.95972894275008,0.622137363583786,10.054913952052454,12.56251647,-1.9655491560558074
hamit,gwo,gwo_v2,78.95,80.45,5.14,hip_rotation_r,4.421914312348222,42.84856767412653,-0.1723137842994232,10.31986493919219,7.693177180000001,2.347159917405354
hamit,gwo,gwo_v2,78.95,80.45,5.14,knee_angle_r,2.326692523829574,51.51975455652057,0.758086339800457,4.51611725222223,12.931389260000001,-0.14950217098529991
hamit,gwo,gwo_v2,78.95,80.45,5.14,ankle_angle_r,3.617917734105805,23.055683371113503,0.6712348103518757,15.692086310652144,14.595280830000002,-1.6115910450687019
hamit,gwo,gwo_v2,78.95,80.45,5.14,hip_flexion_l,4.544718477911347,9.934251644369816,0.9938510358421712,45.74797016025905,44.87585017,4.253949782332214
hamit,gwo,gwo_v2,78.95,80.45,5.14,hip_adduction_l,2.237815521450854,21.669768801737888,0.5977078425950549,10.326900770955083,9.2826089,-0.6007319963535935
hamit,gwo,gwo_v2,78.95,80.45,5.14,hip_rotation_l,9.993833254188365,38.109191638747156,0.5919606822166277,26.224206876188973,5.3953522,7.514316929647027
hamit,gwo,gwo_v2,78.95,80.45,5.14,knee_angle_l,3.0359022339046087,5.48467731450251,0.9911854274091633,55.35243114261466,56.233407920000005,2.2795093928069754
hamit,gwo,gwo_v2,78.95,80.45,5.14,ankle_angle_l,3.016686938415422,9.037567680435469,0.9242983950536361,33.379411862618156,26.0148691,-1.3728184722130166
hamit,rd,rd_correct,39.659,41.159,,pelvis_tilt,10.882004199903939,478.9353955209664,0.9830888193893255,2.2721236103393316,1.9166554799999993,-10.880226113689753
hamit,rd,rd_correct,39.659,41.159,,pelvis_list,3.5802534396066075,258.06915458087576,0.9869602403567544,1.3873232720978281,2.82182758,3.5550612655196887
hamit,rd,rd_correct,39.659,41.159,,pelvis_rotation,351.35356203853274,22682.636087931423,-0.22307306391536447,1.5489979236825775,1.067965920000006,-351.3531761905688
hamit,rd,rd_correct,39.659,41.159,,hip_flexion_r,9.266397033560013,268.02787306819084,0.9935437692414018,3.457251265506436,2.90733251,-9.26488211025038
hamit,rd,rd_correct,39.659,41.159,,hip_adduction_r,3.450012517306566,309.7799014109913,0.9307841732417506,1.113697984146933,1.8398737600000001,-3.4416019830544613
hamit,rd,rd_correct,39.659,41.159,,hip_rotation_r,7.5074250360762,1684.7509765778334,0.8547234536462373,0.44561036856175207,1.695762010000001,-7.498322288593439
hamit,rd,rd_correct,39.659,41.159,,knee_angle_r,1.7123487621307107,34.697738588311864,0.9691701818027562,4.935044276077189,4.237014459999999,1.678361042372947
hamit,rd,rd_correct,39.659,41.159,,ankle_angle_r,5.71605297646849,18.782497627392697,0.9948010854904321,30.4328694184532,24.21132226,5.493394015006333
hamit,rd,rd_correct,39.659,41.159,,hip_flexion_l,8.395640574321572,364.4121778852705,0.9944543500158691,2.303885842411339,2.5896181500000006,-8.395000784620203
hamit,rd,rd_correct,39.659,41.159,,hip_adduction_l,3.760227359351957,243.0284872747318,0.9669077070857448,1.5472372813238164,3.30291968,-3.7289896822903477
hamit,rd,rd_correct,39.659,41.159,,hip_rotation_l,11.819638060298466,496.51407845970266,0.5449213487824073,2.3805242536053797,0.41578702,11.800935492459537
hamit,rd,rd_correct,39.659,41.159,,knee_angle_l,2.768934304897376,256.73890503403624,0.973480825090606,1.078502030898003,1.0398754700000001,2.7674348028214832
hamit,rd,rd_correct,39.659,41.159,,ankle_angle_l,1.5965508550877952,144.4623917483789,0.9202574966075945,1.1051671204977893,1.7705330499999974,1.5849184920282677
hamit,rd,rd_toes,102.484,103.984,,pelvis_tilt,11.098139213774157,356.2606012794025,0.9963932396686184,3.1151744464357094,3.5030789700000007,-11.096905917284168
hamit,rd,rd_toes,102.484,103.984,,pelvis_list,3.8372844835637765,263.9145972740945,0.9807981445630968,1.4539872076793379,2.24346408,3.820472278374969
hamit,rd,rd_toes,102.484,103.984,,pelvis_rotation,351.41251973387494,15401.962126071641,0.6055660591121272,2.2816087772285982,0.5470807499999921,-351.4119445620263
hamit,rd,rd_toes,102.484,103.984,,hip_flexion_r,9.474383199025688,499.90978144979863,0.9878250857820349,1.8952186075553143,2.429951349999996,-9.470643722766605
hamit,rd,rd_toes,102.484,103.984,,hip_adduction_r,4.99339021765266,318.8426819628714,0.9770140751440363,1.5660984241231954,1.7257102299999998,-4.991703645159662
hamit,rd,rd_toes,102.484,103.984,,hip_rotation_r,9.626219931406355,1517.9428829112635,-0.2946820053425566,0.6341621967319497,0.9767928900000005,-9.621073337597796
hamit,rd,rd_toes,102.484,103.984,,knee_angle_r,0.5396828550512897,67.73113953188759,-0.29411598485396223,0.7968016761289078,1.1708457999999986,0.30333226216921394
hamit,rd,rd_toes,102.484,103.984,,ankle_angle_r,3.919764444372148,10.170993423111907,0.9916166337545952,38.53865872595227,26.40635991,-0.909045060637287
hamit,rd,rd_toes,102.484,103.984,,hip_flexion_l,9.197822943505487,261.01153710554684,0.9979572995423924,3.523914324057679,4.73846133,-9.186729458188474
hamit,rd,rd_toes,102.484,103.984,,hip_adduction_l,3.984299869018976,212.58856385237962,0.9829819663505204,1.8741835387653556,2.333481,-3.9767005758755976
hamit,rd,rd_toes,102.484,103.984,,hip_rotation_l,12.452207383411302,419.17406253148243,0.9317267253159393,2.970653123957561,0.84403293,12.430400437925767
hamit,rd,rd_toes,102.484,103.984,,knee_angle_l,2.0396179044437877,147.490009624856,0.9759331551078395,1.382885464331855,0.93886616,2.030206511757928
hamit,rd,rd_toes,102.484,103.984,,ankle_angle_l,1.8333980205874967,90.27723337940047,0.9554316814570447,2.0308531309133393,2.3443037600000025,1.8183337106535815
hamit,rd,rd_supination,162.66,164.16,,pelvis_tilt,11.00512731126472,578.6931360205282,0.9834215057813556,1.9017207266260598,4.32573058,-10.981121183367083
hamit,rd,rd_supination,162.66,164.16,,pelvis_list,5.263749489011257,952.7150881886226,0.02081868703672577,0.5524998558613272,1.0937518099999997,5.255427408818627
hamit,rd,rd_supination,162.66,164.16,,pelvis_rotation,351.5511124309117,11687.14297411926,0.9912185985683369,3.0080158445003065,2.452033110000002,-351.55109022023106
hamit,rd,rd_supination,162.66,164.16,,hip_flexion_r,9.43286658032163,414.26348957303264,0.9816548448055376,2.277020982477545,5.109559680000004,-9.381372666498716
hamit,rd,rd_supination,162.66,164.16,,hip_adduction_r,3.766441426847655,809.4776126856559,-0.5076716069441398,0.4652928466238233,1.7846999900000005,-3.7262789375589462
hamit,rd,rd_supination,162.66,164.16,,hip_rotation_r,13.03705463162603,422.0385768990926,0.8565348549839177,3.0890670533995106,2.17836218,-13.02805523156264
hamit,rd,rd_supination,162.66,164.16,,knee_angle_r,0.600879566451228,13.688593042962886,0.958664803342587,4.389637156757551,3.9764170900000018,-0.4677196759526982
hamit,rd,rd_supination,162.66,164.16,,ankle_angle_r,7.084197785174708,20.88278831122298,0.9871535177925407,33.9236201583649,26.56988803,6.729584612720301
hamit,rd,rd_supination,162.66,164.16,,hip_flexion_l,8.197126067494205,472.37765013256745,0.9764252069552932,1.7352908346095068,5.26514883,-8.125914712886706
hamit,rd,rd_supination,162.66,164.16,,hip_adduction_l,5.217193150891742,451.33662600512343,-0.3802788765007632,1.155942782013999,1.5402765399999998,-5.183485865677518
hamit,rd,rd_supination,162.66,164.16,,hip_rotation_l,10.797320930500529,559.7125018411346,0.8700840829900526,1.9290833945969599,1.20306164,10.793845718143313
hamit,rd,rd_supination,162.66,164.16,,knee_angle_l,3.002390518032411,352.62631174488246,-0.2935100135696346,0.8514368945345677,0.7709758499999997,2.9771126596259623
hamit,rd,rd_supination,162.66,164.16,,ankle_angle_l,1.466298183325161,137.49394592502858,0.7513946759225161,1.0664456339951798,1.23418719,1.446111284747001
hamit,rd,rd_pronation,225.099,226.599,,pelvis_tilt,11.989628908116254,1887.745061575324,0.5592750946595823,0.6351296661907782,0.4499338599999998,-11.988764815112011
hamit,rd,rd_pronation,225.099,226.599,,pelvis_list,2.852740548419574,184.9936868092957,0.9874776135869517,1.542074541906058,1.5263989699999998,2.8517598748135673
hamit,rd,rd_pronation,225.099,226.599,,pelvis_rotation,350.1269989939147,18294.407713669512,0.9641630570645194,1.9138471410162197,3.739955850000001,-350.12643353034576
hamit,rd,rd_pronation,225.099,226.599,,hip_flexion_r,10.108729604043734,543.7535614113418,0.8402507118989735,1.85906453243377,1.8672511299999996,-10.104369207417779
hamit,rd,rd_pronation,225.099,226.599,,hip_adduction_r,5.20725117989041,756.7088406690041,-0.19209866655353375,0.6881446204971908,1.34031853,-5.188260838515874
hamit,rd,rd_pronation,225.099,226.599,,hip_rotation_r,11.555306814086903,314.54619863345476,0.9345876750727616,3.673643764982348,2.432834529999999,-11.551597806439167
hamit,rd,rd_pronation,225.099,226.599,,knee_angle_r,0.8747023035082281,11.796632425569884,0.9745067237325883,7.414847491664318,6.574560300000002,-0.7500240839724932
hamit,rd,rd_pronation,225.099,226.599,,ankle_angle_r,12.231556684445373,81.17122566594206,0.9081682725848337,15.06883330157414,17.63439617,11.983048719179592
hamit,rd,rd_pronation,225.099,226.599,,hip_flexion_l,9.705049045524907,1697.5335750879449,0.7517176391901986,0.5717147034939862,0.7978971500000007,-9.703905942039132
hamit,rd,rd_pronation,225.099,226.599,,hip_adduction_l,4.178450686823465,1248.9167434221658,0.6482223688480867,0.33456599159476896,1.31330497,-4.163729701839551
hamit,rd,rd_pronation,225.099,226.599,,hip_rotation_l,14.408033209307805,1080.4154179687303,-0.9211763234409869,1.3335641985187596,2.25803821,14.371215379945465
hamit,rd,rd_pronation,225.099,226.599,,knee_angle_l,2.835386579971134,403.8985516313896,0.873649118214209,0.7020046416405068,0.6638277199999996,2.8337589598057553
hamit,rd,rd_pronation,225.099,226.599,,ankle_angle_l,1.353234695178376,194.73566602332087,0.661970568170502,0.6949084997179291,1.0013497999999998,1.3419030823107434
hamit,rgs,rgs_correct,14.013,15.513,,pelvis_tilt,3.161748829528781,75.36251021613766,-0.2044881564691229,4.19538683154392,7.375456179999999,1.9973525926297855
hamit,rgs,rgs_correct,14.013,15.513,,pelvis_list,2.7012953402518103,57.209387870377206,0.6498483961700828,4.721769347318135,6.8987642099999995,2.1889843773297137
hamit,rgs,rgs_correct,14.013,15.513,,pelvis_rotation,3.3186405039854714,53.912440182992036,0.929512330826768,6.155611752540215,12.41753607,1.770376136016467
hamit,rgs,rgs_correct,14.013,15.513,,hip_flexion_r,2.753634530296503,5.086933999398441,0.9977870900909376,54.13151675689396,48.42326426,-1.7572565900423607
hamit,rgs,rgs_correct,14.013,15.513,,hip_adduction_r,3.1033095289705765,45.05139373222874,0.8623217298547026,6.8883763006660095,11.10441642,-2.047537226068209
hamit,rgs,rgs_correct,14.013,15.513,,hip_rotation_r,2.862702296155434,21.209729580616564,0.9522448194126718,13.497118316735351,10.78065629,-2.0878912477040905
hamit,rgs,rgs_correct,14.013,15.513,,knee_angle_r,2.7473036985433206,4.784271544236009,0.9976481965313688,57.42365735601307,61.127067610000005,1.8583249310108028
hamit,rgs,rgs_correct,14.013,15.513,,ankle_angle_r,4.220181918893087,11.577828196012941,0.9647271329081097,36.450548820083476,26.960467450000003,2.0861912326023275
hamit,rgs,rgs_correct,14.013,15.513,,hip_flexion_l,2.6239671427129787,24.890052017011584,0.9268355475834189,10.54223245865287,14.07992268,-0.33894855911357646
hamit,rgs,rgs_correct,14.013,15.513,,hip_adduction_l,4.226196253059964,129.96315845555844,-0.3488909057788964,3.251841755219525,6.08847308,3.626282347000444
hamit,rgs,rgs_correct,14.013,15.513,,hip_rotation_l,8.020641178886944,77.97765916765553,-0.8374167977140554,10.285819380192214,6.04632223,5.896543768719719
hamit,rgs,rgs_correct,14.013,15.513,,knee_angle_l,1.5819328455410948,14.668121451599303,0.9786106090343176,10.784836018443334,13.032841880000001,1.357838486068244
hamit,rgs,rgs_correct,14.013,15.513,,ankle_angle_l,2.048287145631482,16.082662731706357,0.9768798149664442,12.735995150811451,13.679200440000002,1.8376577811501624
hamit,rgs,rgs_flexion,83.779,85.279,,pelvis_tilt,3.3432495880010342,80.8920868293052,0.9557118195948163,4.132974829856729,11.191462179999998,2.305095614654585
hamit,rgs,rgs_flexion,83.779,85.279,,pelvis_list,2.5780661628577564,52.9906211372556,0.04421408679290818,4.865136711985474,5.33115247,1.7741886903456583
hamit,rgs,rgs_flexion,83.779,85.279,,pelvis_rotation,4.307505802110494,64.55202163879503,0.6950613883600373,6.672921610748953,13.22808762,3.2920610347606925
hamit,rgs,rgs_flexion,83.779,85.279,,hip_flexion_r,3.116430814893578,6.7925781730230534,0.9931863524792077,45.879940363006575,42.54575092,-1.8373047977321275
hamit,rgs,rgs_flexion,83.779,85.279,,hip_adduction_r,2.609344692778042,38.92630340869828,0.880437535758123,6.703294339002071,11.34009432,-1.4024285582616869
hamit,rgs,rgs_flexion,83.779,85.279,,hip_rotation_r,4.548094785732367,25.585255401581296,0.830739496896864,17.776233671879908,16.8306735,-2.6230766111325052
hamit,rgs,rgs_flexion,83.779,85.279,,knee_angle_r,3.7321548699463896,7.371072411607709,0.9968384494847188,50.63245429619063,52.92868881,3.076188105634032
hamit,rgs,rgs_flexion,83.779,85.279,,ankle_angle_r,7.442396545959551,15.428157856732314,0.981700279801427,48.23904846625579,30.94844419,4.570812147902912
hamit,rgs,rgs_flexion,83.779,85.279,,hip_flexion_l,2.9225438101017507,18.797747384478512,0.9018026012643096,15.54730867654347,19.70354664,-0.6744316016675856
hamit,rgs,rgs_flexion,83.779,85.279,,hip_adduction_l,3.8726460883181937,119.29386569411639,0.14500869382964543,3.2463078179125464,7.92466959,2.96835427227433
hamit,rgs,rgs_flexion,83.779,85.279,,hip_rotation_l,12.716290120580693,118.96021062732827,-0.9542434750605725,10.689532284385036,7.542282930000001,11.435179055062102
hamit,rgs,rgs_flexion,83.779,85.279,,knee_angle_l,2.696741756736232,14.25409961221563,0.9936015261059337,18.91906069202119,20.30443132,2.5922166820839387
hamit,rgs,rgs_flexion,83.779,85.279,,ankle_angle_l,3.5341046697621503,28.5301994628458,0.9587957502594482,12.387241366344215,8.69302663,3.298461494616567
hamit,rgs,rgs_abduction,166.531,168.031,,pelvis_tilt,2.834961748398457,61.43384210117565,-0.3853981230790894,4.614658063758322,5.003449700000001,1.1865146547466985
hamit,rgs,rgs_abduction,166.531,168.031,,pelvis_list,2.2956118656066065,31.44940948138275,0.988584911600107,7.29937987218981,10.36380301,1.9622976878664042
hamit,rgs,rgs_abduction,166.531,168.031,,pelvis_rotation,2.599580055779323,38.42374045454267,0.9618142502089703,6.765556983851598,13.21976325,1.3717903965748206
hamit,rgs,rgs_abduction,166.531,168.031,,hip_flexion_r,2.529369240266365,5.977720069983269,0.9977893418247473,42.31327681213156,34.87270616,-0.790057562647846
hamit,rgs,rgs_abduction,166.531,168.031,,hip_adduction_r,2.728253670507817,17.027697923803693,0.9962098394874116,16.02244579811275,10.64501602,-1.86506134103317
hamit,rgs,rgs_abduction,166.531,168.031,,hip_rotation_r,3.7148776665800836,21.34043272674509,0.9866244003703114,17.407696058217134,9.36504346,-2.5492591834248937
hamit,rgs,rgs_abduction,166.531,168.031,,knee_angle_r,7.360048956079517,32.779727004776404,0.9860129346761719,22.453051408899984,33.01693385,5.538429899375005
hamit,rgs,rgs_abduction,166.531,168.031,,ankle_angle_r,7.356915534094193,14.926056203218305,0.9976965841442327,49.28907833341751,32.81146475,3.5831444909770243
hamit,rgs,rgs_abduction,166.531,168.031,,hip_flexion_l,2.7627794502613683,54.45753555174465,0.964266371737553,5.073273004864902,12.653103999999999,0.5925881506784926
hamit,rgs,rgs_abduction,166.531,168.031,,hip_adduction_l,4.253657659986308,107.0043705414147,0.8283667145829631,3.9752186181404463,6.95595405,3.9789452767477433
hamit,rgs,rgs_abduction,166.531,168.031,,hip_rotation_l,6.518467806199158,90.80637493233199,-0.8974480813366099,7.178425315465633,7.1440976,4.558906790814477
hamit,rgs,rgs_abduction,166.531,168.031,,knee_angle_l,1.1889655825804095,19.382908713478983,0.9285739094919291,6.134092669763214,5.81088127,1.0091582681260358
hamit,rgs,rgs_abduction,166.531,168.031,,ankle_angle_l,1.8284935328551981,17.372127643677928,0.9263994832015329,10.525443804925208,9.58038943,1.3411987529725464
hamit,rgs,rgs_stork,258.527,260.027,,pelvis_tilt,5.978684627457033,196.29614014282419,0.04683320181550926,3.0457474217816864,7.89655287,5.291201665369987
hamit,rgs,rgs_stork,258.527,260.027,,pelvis_list,2.337355314285065,33.68596616544839,0.9560241994299474,6.938661942499024,12.523537469999999,0.7934745580259256
hamit,rgs,rgs_stork,258.527,260.027,,pelvis_rotation,5.148015141752153,341.88721852406127,-0.6944944235019741,1.5057641417471848,10.703221769999999,3.177807432042944
hamit,rgs,rgs_stork,258.527,260.027,,hip_flexion_r,4.945270847723646,7.303243668560405,0.9977019988020625,67.7133486455128,64.319133,-4.321185857729398
hamit,rgs,rgs_stork,258.527,260.027,,hip_adduction_r,2.4959615752929802,20.41934549153298,0.9553965618117632,12.223514100037868,16.562255710000002,-1.1415330386275941
hamit,rgs,rgs_stork,258.527,260.027,,hip_rotation_r,5.066910981149281,25.466789923303796,0.9720691081441557,19.896151012392508,14.242792589999999,-3.6306756704485617
hamit,rgs,rgs_stork,258.527,260.027,,knee_angle_r,8.60712931521105,12.795050254722248,0.999500519703825,67.2692107014932,79.72605957,7.128298554966295
hamit,rgs,rgs_stork,258.527,260.027,,ankle_angle_r,8.84896484385921,16.329398825566464,0.9909062826571999,54.190389605798856,38.57799101,5.743463276825953
hamit,rgs,rgs_stork,258.527,260.027,,hip_flexion_l,4.744506637303478,69.73393917344708,0.8736505619360904,6.803726698276161,14.077928329999999,-3.7147453070394336
hamit,rgs,rgs_stork,258.527,260.027,,hip_adduction_l,4.293085540564911,179.00228732510237,0.5259199167749874,2.3983411635225904,11.44814769,2.176248338189467
hamit,rgs,rgs_stork,258.527,260.027,,hip_rotation_l,11.253300080623381,92.70115764011047,-0.9114918356121765,12.139330691329187,4.93726378,9.635947659560504
hamit,rgs,rgs_stork,258.527,260.027,,knee_angle_l,1.1961546913793604,19.46696133556186,0.9860887588790571,6.144537253455416,6.450756350000001,1.1675618713309504
hamit,rgs,rgs_stork,258.527,260.027,,ankle_angle_l,1.3819254999872186,11.699406716191259,0.9603304401823394,11.811928019176552,9.8488237,0.7124298611965756
hans,rd,rd_correct,44.847,46.347,,pelvis_tilt,3.8184947614145903,120.29675368513107,0.9212178017371393,3.174229265911242,2.1276874699999997,-3.783169031165364
hans,rd,rd_correct,44.847,46.347,,pelvis_list,1.657306211209421,69.09570327829775,0.9899167747359745,2.398566238676615,2.91533173,-1.6329422832866618
hans,rd,rd_correct,44.847,46.347,,pelvis_rotation,357.644447323147,36013.02701342651,-0.43994290083708637,0.993097434408412,1.447743250000002,-357.6439508708155
hans,rd,rd_correct,44.847,46.347,,hip_flexion_r,3.461557546130477,75.96396410794848,0.945430892263912,4.5568416377157925,2.757793929999999,-3.398684370150598
hans,rd,rd_correct,44.847,46.347,,hip_adduction_r,3.1946863450952065,110.83131978277233,0.9887881782671308,2.8824761370312495,3.3519004499999996,-3.17697316822703
hans,rd,rd_correct,44.847,46.347,,hip_rotation_r,0.644299656860624,26.057490059572512,0.5527012865322244,2.4726082803356313,2.8130437300000004,-0.060933427407670666
hans,rd,rd_correct,44.847,46.347,,knee_angle_r,0.551286968725328,39.695817018217035,0.8963256663359812,1.3887784913768968,1.1061563000000003,-0.5148614992321489
hans,rd,rd_correct,44.847,46.347,,ankle_angle_r,2.5064287123992046,8.892941260426843,0.9762499795788916,28.184473943988486,26.63964824,1.318090410157071
hans,rd,rd_correct,44.847,46.347,,hip_flexion_l,3.786989457918233,107.22549127031458,0.9471358945609141,3.5317995870695187,3.2864012799999998,-3.766022295761969
hans,rd,rd_correct,44.847,46.347,,hip_adduction_l,1.1264219600073373,36.80352843725896,0.9858892132718156,3.0606357809621763,3.44822676,1.0872425020835874
hans,rd,rd_correct,44.847,46.347,,hip_rotation_l,7.797999919603643,250.4831775636203,0.8874483994323838,3.113183086965202,1.7954841900000007,7.781820101294292
hans,rd,rd_correct,44.847,46.347,,knee_angle_l,1.3347409042414937,107.35933765605803,0.8927360586491857,1.243246217220098,0.9029844300000001,-1.3147328443445
hans,rd,rd_correct,44.847,46.347,,ankle_angle_l,2.429213063377322,126.52366786730016,0.9605968503726314,1.9199673107209598,2.8751893300000013,2.411878061173646
hans,rd,rd_toes,86.926,88.426,,pelvis_tilt,3.467463465544898,103.34324423138335,0.9547377893407578,3.3552879932638078,2.2802312199999992,-3.4063723210170878
hans,rd,rd_toes,86.926,88.426,,pelvis_list,1.7055025718641712,85.50278162216561,0.9961993123669103,1.9946749561911787,2.7207083400000003,-1.6798514761325414
hans,rd,rd_toes,86.926,88.426,,pelvis_rotation,356.4309691115226,17434.174878790294,0.1977209099666142,2.044438418161917,1.2879165399999977,-356.4304402690386
hans,rd,rd_toes,86.926,88.426,,hip_flexion_r,3.301361451337748,61.606751732159914,0.985707184375816,5.358765652327639,2.23611716,-3.12409241881571
hans,rd,rd_toes,86.926,88.426,,hip_adduction_r,3.4512024058405286,146.77408977810273,0.9919631504701165,2.351370334544847,2.67141544,-3.445030770652406
hans,rd,rd_toes,86.926,88.426,,hip_rotation_r,3.0177820719403146,46.868356554221606,-0.21855136986599424,6.438847644356951,1.696604060000002,-2.599406906613547
hans,rd,rd_toes,86.926,88.426,,knee_angle_r,0.21637437313481955,11.179366801684049,0.8963171393817684,1.9354796830015912,1.7555253599999991,-0.03345197768507618
hans,rd,rd_toes,86.926,88.426,,ankle_angle_r,4.590860426461418,13.73631540107304,0.9917546803182542,33.42133820036481,24.70351875,-3.365605623131477
hans,rd,rd_toes,86.926,88.426,,hip_flexion_l,3.2326784976993306,72.77641984783901,0.9886676613377295,4.441931197575007,4.37147901,-3.2148918611319863
hans,rd,rd_toes,86.926,88.426,,hip_adduction_l,0.8601766067798426,36.154340216047665,0.9920667585119792,2.379179378297823,2.51723864,0.8476483089103167
hans,rd,rd_toes,86.926,88.426,,hip_rotation_l,8.413442453624944,314.5773224953732,0.9743351375552961,2.674522876247282,1.3230206200000003,8.394345348289052
hans,rd,rd_toes,86.926,88.426,,knee_angle_l,1.1967738711415317,62.363129524131885,0.98606397519027,1.9190407541661791,1.1501201300000004,-1.166805121200777
hans,rd,rd_toes,86.926,88.426,,ankle_angle_l,1.0086134571525949,25.572329256984272,0.9978090726022395,3.9441595132642213,3.2218182499999983,0.9735279753098339
hans,rd,rd_supination,143.809,145.309,,pelvis_tilt,4.249827490520514,100.58058162827786,0.9407425118532654,4.22529619706006,5.95263064,-4.213707487748458
hans,rd,rd_supination,143.809,145.309,,pelvis_list,1.483910562348138,107.32522629625775,0.9281727403366161,1.382629800613688,4.37764647,-1.4218623122373806
hans,rd,rd_supination,143.809,145.309,,pelvis_rotation,355.4782715460131,8777.84014376033,0.9970839416243493,4.049723687423295,2.9438571600000216,-355.478076944542
hans,rd,rd_supination,143.809,145.309,,hip_flexion_r,4.09954799174651,68.54159777985053,0.860055157869084,5.981109464232057,8.000740409999999,-3.960421672659817
hans,rd,rd_supination,143.809,145.309,,hip_adduction_r,3.6048902113248706,218.54092681621094,0.9003944118577809,1.6495263673684883,4.9599756500000005,-3.580162294990765
hans,rd,rd_supination,143.809,145.309,,hip_rotation_r,4.612388370882172,90.7534330854347,-0.44941579020098116,5.082329355562891,2.5846832999999982,-4.2982785609364305
hans,rd,rd_supination,143.809,145.309,,knee_angle_r,0.6103924290947402,14.129356070192955,0.9474124671157483,4.320030057013097,5.157020460000001,0.2322027324537721
hans,rd,rd_supination,143.809,145.309,,ankle_angle_r,4.24488964845972,15.709066947581075,0.9902245363901057,27.021908192410883,23.006641209999998,-4.033933395341149
hans,rd,rd_supination,143.809,145.309,,hip_flexion_l,3.8511939030164415,72.0050048101199,0.95940974147959,5.3485086393261065,7.7918596,-3.7857711060739123
hans,rd,rd_supination,143.809,145.309,,hip_adduction_l,1.2904257678038886,64.52215825294454,0.8586080501857148,1.9999730367745387,4.88569848,1.2340840438543565
hans,rd,rd_supination,143.809,145.309,,hip_rotation_l,9.293182407694113,232.21281354775272,0.9846559492208291,4.002011028466801,3.8862545099999997,9.275794824343667
hans,rd,rd_supination,143.809,145.309,,knee_angle_l,1.1035541966942004,52.26185379099496,0.8453580231188932,2.111586399341138,2.6364095899999995,-0.9883496610392424
hans,rd,rd_supination,143.809,145.309,,ankle_angle_l,1.0569708421785644,22.65691146132753,0.9925483924943561,4.6651144132450675,3.3740917799999988,0.8585184595735018
hans,rd,rd_pronation,198.522,200.022,,pelvis_tilt,3.8953688656769274,186.75762471189174,0.46892006870480313,2.0857883964235766,1.9024994399999997,-3.8371119036449617
hans,rd,rd_pronation,198.522,200.022,,pelvis_list,2.0827264244672468,98.00364042309106,0.9705396255495113,2.125152101978986,3.60561877,-2.011411880663886
hans,rd,rd_pronation,198.522,200.022,,pelvis_rotation,355.9604867602783,10950.645160337606,0.9604507304153969,3.250589180348385,2.715390659999997,-355.96030340402064
hans,rd,rd_pronation,198.522,200.022,,hip_flexion_r,2.8157966164251693,148.06282248891998,-0.368516674424199,1.90175803020092,2.4141687800000007,-2.668169184414438
hans,rd,rd_pronation,198.522,200.022,,hip_adduction_r,4.015537352148065,177.08605296219332,0.9648948844132306,2.267562738554772,3.9903569799999996,-3.9658449541130265
hans,rd,rd_pronation,198.522,200.022,,hip_rotation_r,4.380001444812615,154.66181370862674,-0.40684943180294103,2.8319863447769116,4.824984699999998,3.9251278800590508
hans,rd,rd_pronation,198.522,200.022,,knee_angle_r,0.29227737986365204,9.094406266678847,0.9752190677648173,3.2138148582006085,3.3582703400000007,0.035564699803720956
hans,rd,rd_pronation,198.522,200.022,,ankle_angle_r,3.982757754498885,14.875579866697619,0.9914927229544883,26.77379833383973,22.27729939,3.623736123668828
hans,rd,rd_pronation,198.522,200.022,,hip_flexion_l,3.8491629164043366,167.94083428799516,0.5864567753370739,2.2919755833792976,2.2539892399999992,-3.7874183248638116
hans,rd,rd_pronation,198.522,200.022,,hip_adduction_l,1.6514484126427327,82.34348425040862,0.9131313643131341,2.005560522093814,3.12842913,1.5772906870538193
hans,rd,rd_pronation,198.522,200.022,,hip_rotation_l,9.97199298691701,360.20289734845375,0.9331766635331389,2.768437750035721,5.79032159,9.922315214766545
hans,rd,rd_pronation,198.522,200.022,,knee_angle_l,1.3211712849138475,82.4391485904579,0.8991990768722047,1.6026018069123644,1.4787326399999996,-1.3054507919283045
hans,rd,rd_pronation,198.522,200.022,,ankle_angle_l,1.273619302451802,50.13479492598749,0.9646759054495528,2.5403899713402804,2.8738075499999987,1.251918622540389
julia,ng,ng_v0,7.43,8.93,3.05,pelvis_tilt,1.4003901708588518,142.45031863190601,0.6967770125082419,0.9830726840825701,2.85657153,1.213493147630377
julia,ng,ng_v0,7.43,8.93,3.05,pelvis_list,1.4602226246330527,43.84040516765987,0.9926381493376619,3.3307689996219008,5.33030781,1.3318794686639546
julia,ng,ng_v0,7.43,8.93,3.05,pelvis_rotation,0.9610213252304738,7.301639578387461,0.9828932137481371,13.161719568780901,11.614206280000001,0.48571502968320873
julia,ng,ng_v0,7.43,8.93,3.05,hip_flexion_r,1.8242296819180848,67.53402944555172,0.9243029783209513,2.701200708583281,4.389400499999999,-1.7010678004626631
julia,ng,ng_v0,7.43,8.93,3.05,hip_adduction_r,1.5049825880390966,94.49751217863141,0.149670045972946,1.5926160946906032,1.43128449,1.3831283966216996
julia,ng,ng_v0,7.43,8.93,3.05,hip_rotation_r,1.1310265782244815,41.4988659500739,0.8568824393889438,2.7254397254739136,5.347982329999999,-0.5840108921075532
julia,ng,ng_v0,7.43,8.93,3.05,knee_angle_r,1.202199524603294,86.37062634157155,0.5507504203017087,1.3919078459023009,1.4477976600000004,-1.1348629276250561
julia,ng,ng_v0,7.43,8.93,3.05,ankle_angle_r,1.4803277796894356,71.4410746282348,0.8704292643104774,2.0720961819132313,1.9282236399999997,-1.446515030062837
julia,ng,ng_v0,7.43,8.93,3.05,hip_flexion_l,1.1779851173274027,49.42883411146076,0.6956745958297997,2.3831942195340403,4.351606200000003,0.7363869839607949
julia,ng,ng_v0,7.43,8.93,3.05,hip_adduction_l,1.155164188449375,134.58888573170654,-0.19945010706203678,0.8582909221435369,1.4602286599999994,0.9680008720092024
julia,ng,ng_v0,7.43,8.93,3.05,hip_rotation_l,2.3094522920693845,64.8896960335408,0.8672789211062054,3.559043165922141,7.472628510000001,-1.9327375383615064
julia,ng,ng_v0,7.43,8.93,3.05,knee_angle_l,1.3539231407544967,163.48617566700418,0.4951024588101132,0.8281575706512501,1.0573936700000002,1.3289717475736968
julia,ng,ng_v0,7.43,8.93,3.05,ankle_angle_l,1.5214197737874755,115.01054742779586,0.8040184591327222,1.3228523885973411,1.12579573,-1.506234708232178
julia,ng,ng_v1,37.49,38.99,3.56,pelvis_tilt,5.115879196527698,139.8673304887724,0.4741643082563,3.657665573976452,4.79049049,-5.022288283259773
julia,ng,ng_v1,37.49,38.99,3.56,pelvis_list,3.205354243820832,25.101211000909352,0.6878810058935565,12.76971953147882,12.05339745,-0.0703857889350122
julia,ng,ng_v1,37.49,38.99,3.56,pelvis_rotation,2.5296115016347827,21.406894350537208,0.817812842170592,11.816807521037267,13.508090549999999,-1.1133060361259965
julia,ng,ng_v1,37.49,38.99,3.56,hip_flexion_r,7.620733760859558,20.756669679856767,0.990181517084878,36.714626567744006,42.769544280000005,7.2856982144705595
julia,ng,ng_v1,37.49,38.99,3.56,hip_adduction_r,3.8627447714709184,23.25541920813679,0.9670872175114652,16.610084457731002,25.96941158,0.2832484781398126
julia,ng,ng_v1,37.49,38.99,3.56,hip_rotation_r,3.9388773413296523,25.524651304652824,0.74282068682627,15.431659748517873,8.91030186,0.926366511750042
julia,ng,ng_v1,37.49,38.99,3.56,knee_angle_r,3.373322008900483,5.958446193069247,0.9887566194809906,56.6141221989093,60.17530584,1.7465035300717964
julia,ng,ng_v1,37.49,38.99,3.56,ankle_angle_r,10.201216011346615,30.354826184028973,0.9263927131922006,33.60657033415639,22.76571416,-9.790055051039866
julia,ng,ng_v1,37.49,38.99,3.56,hip_flexion_l,10.5960377523059,26.672379606988304,0.9778130035512301,39.72663072600272,49.59546182,9.615710745728803
julia,ng,ng_v1,37.49,38.99,3.56,hip_adduction_l,5.828792692879558,44.497589078988916,0.9675423790444102,13.099120229935838,27.34731259,2.963216317957538
julia,ng,ng_v1,37.49,38.99,3.56,hip_rotation_l,3.059520458094956,32.54691338358921,0.4563393044693103,9.400339817285488,8.24326839,1.8634592672209025
julia,ng,ng_v1,37.49,38.99,3.56,knee_angle_l,5.725204408871312,9.229104315752439,0.9932175586176257,62.03423661708327,69.989829,4.400084090725803
julia,ng,ng_v1,37.49,38.99,3.56,ankle_angle_l,3.422216655004857,8.9288426054148,0.9821589142929099,38.32766245570832,25.86899275,-1.2391909012828963
julia,ng,ng_v2,67.63,69.13,4.04,pelvis_tilt,5.599293922388313,104.57460053299539,0.30581577988698583,5.354353632574119,38.21834018,-4.746124317202842
julia,ng,ng_v2,67.63,69.13,4.04,pelvis_list,4.761587333982925,35.35853103902396,0.617084334092842,13.466586970843696,50.117954,-0.652117427063514
julia,ng,ng_v2,67.63,69.13,4.04,pelvis_rotation,9.374213849614481,89.24743955846577,0.16893632907455763,10.503622172234373,114.02335094,-0.001784020248235092
julia,ng,ng_v2,67.63,69.13,4.04,hip_flexion_r,10.12245765205338,27.75197710493741,0.8803801429886223,36.474726156546424,88.8247551,7.565180322443831
julia,ng,ng_v2,67.63,69.13,4.04,hip_adduction_r,5.432052475269341,34.078363123338725,0.9306046857234699,15.939886712308592,36.21716128,1.2772231485185384
julia,ng,ng_v2,67.63,69.13,4.04,hip_rotation_r,9.531296539144426,71.35065030698124,0.04637356227279035,13.358387762601577,109.41152478,-0.7531351865652605
julia,ng,ng_v2,67.63,69.13,4.04,knee_angle_r,3.4136224983014887,5.918777074370815,0.990482724359264,57.67445631772452,61.74233231,1.6479976119686481
julia,ng,ng_v2,67.63,69.13,4.04,ankle_angle_r,11.413312027868532,35.31888796230898,0.9361937592573862,32.31503789147722,29.18495815,-11.089755379235442
julia,ng,ng_v2,67.63,69.13,4.04,hip_flexion_l,11.928891268601202,30.80138851130319,0.9477595547045609,38.728420519820574,105.17788653,10.16141001969861
julia,ng,ng_v2,67.63,69.13,4.04,hip_adduction_l,6.890441830934327,50.23879755694015,0.9045306275382348,13.715379678673179,47.79223935,2.4120235726289576
julia,ng,ng_v2,67.63,69.13,4.04,hip_rotation_l,8.212881556872315,70.02371757617617,0.30240942916411745,11.72871398599743,98.32253866,3.446899746470938
julia,ng,ng_v2,67.63,69.13,4.04,knee_angle_l,5.740241408180726,9.259960561929418,0.994370580106913,61.98991204974076,70.08242272,4.465174819195907
julia,ng,ng_v2,67.63,69.13,4.04,ankle_angle_l,4.250684306598632,10.176864873220886,0.937877979734369,41.76811188467052,40.80113841,-0.6459297705741913
julia,gwo,gwo_v0,6.63,8.129999999999999,3.05,pelvis_tilt,6.645887385339505,318.11912916984926,0.9077919813577645,2.0891190676531597,3.2990093699999994,-6.618590912505595
julia,gwo,gwo_v0,6.63,8.129999999999999,3.05,pelvis_list,0.7903233839072562,76.12057451251553,0.47795674797765,1.0382519955591158,0.9171071799999999,-0.7342969585021011
julia,gwo,gwo_v0,6.63,8.129999999999999,3.05,pelvis_rotation,1.9715302607220422,93.91777793639659,0.9362889500755257,2.0992088016149726,1.8116453199999993,1.9573439464611382
julia,gwo,gwo_v0,6.63,8.129999999999999,3.05,hip_flexion_r,6.6459759243741665,221.25025245175672,0.9378353704209053,3.003827498828871,4.996974499999999,6.5850835410983946
julia,gwo,gwo_v0,6.63,8.129999999999999,3.05,hip_adduction_r,1.2119678024934912,65.03573934137881,0.9422946937451682,1.8635412079068652,2.08849032,1.1940958177030299
julia,gwo,gwo_v0,6.63,8.129999999999999,3.05,hip_rotation_r,2.8485763581459,192.5947615423912,-0.6624023225735934,1.4790518367857644,0.938396899999999,-2.766353926749605
julia,gwo,gwo_v0,6.63,8.129999999999999,3.05,knee_angle_r,1.4554183207716058,296.62353528855965,0.811320909603339,0.49066178088524026,3.304716540000001,-1.1746864151443561
julia,gwo,gwo_v0,6.63,8.129999999999999,3.05,ankle_angle_r,0.6846252510794345,42.333130381061125,0.9613116784979647,1.6172327558032897,2.75208299,-0.544686335317718
julia,gwo,gwo_v0,6.63,8.129999999999999,3.05,hip_flexion_l,10.138348213714604,397.67623955283227,0.5698949450577667,2.5493975262677715,3.308957890000001,10.113015026062453
julia,gwo,gwo_v0,6.63,8.129999999999999,3.05,hip_adduction_l,0.6862245905191412,168.12881297034642,0.04027912450785924,0.4081540685356373,1.9923645900000002,-0.38791967137106276
julia,gwo,gwo_v0,6.63,8.129999999999999,3.05,hip_rotation_l,2.7746275547761012,117.43007916393951,0.544538186076004,2.3627911813825424,2.3964367499999994,2.6957649827416046
julia,gwo,gwo_v0,6.63,8.129999999999999,3.05,knee_angle_l,3.7217818955716795,38.13312990258919,0.9718513168882981,9.75996962504506,9.79676334,3.615008175940129
julia,gwo,gwo_v0,6.63,8.129999999999999,3.05,ankle_angle_l,1.0066196870816473,16.52310892546395,0.9469938170868364,6.092193010543761,5.233359790000001,0.7809468309962215
julia,gwo,gwo_v1,38.22,39.72,3.58,pelvis_tilt,10.784068500813875,272.4611066749432,0.14823249216113119,3.9580212502328607,32.01257709,-9.421512510049917
julia,gwo,gwo_v1,38.22,39.72,3.58,pelvis_list,3.523675638635717,28.76055254516813,0.5696283059700341,12.251766140799356,16.56913282,0.22225576487941578
julia,gwo,gwo_v1,38.22,39.72,3.58,pelvis_rotation,2.838175698965806,37.70856876548327,0.6467801472343565,7.526606794909025,15.78611305,1.379267026530816
julia,gwo,gwo_v1,38.22,39.72,3.58,hip_flexion_r,14.328194115358457,32.845659501923244,0.9306706360730697,43.6227931867816,42.1451033,13.394938732303949
julia,gwo,gwo_v1,38.22,39.72,3.58,hip_adduction_r,6.298390237391702,46.15180715918713,0.8270932748435327,13.647115086235413,42.21397718,-1.0346700117106473
julia,gwo,gwo_v1,38.22,39.72,3.58,hip_rotation_r,23.845961111919507,181.3790577875122,-0.04209978639527137,13.147031086607221,125.20784269,5.979023678450299
julia,gwo,gwo_v1,38.22,39.72,3.58,knee_angle_r,12.799998726182887,91.28967419340164,0.6528996441055658,14.021299604011581,93.73242203999999,6.353398096398407
julia,gwo,gwo_v1,38.22,39.72,3.58,ankle_angle_r,9.495760426814313,24.406670425771736,0.6176678543298784,38.90641476760982,68.35302109,-1.2282476880169437
julia,gwo,gwo_v1,38.22,39.72,3.58,hip_flexion_l,20.837365039844617,55.54216655125923,0.9197140073650483,37.516298577611394,79.84955364999999,18.789408563925473
julia,gwo,gwo_v1,38.22,39.72,3.58,hip_adduction_l,5.114883961743748,41.793353208270915,0.903299109442251,12.2385105982152,23.66145992,-0.8725077226303456
julia,gwo,gwo_v1,38.22,39.72,3.58,hip_rotation_l,4.970143902375748,33.56718000091214,0.23277988610254607,14.806557781263399,19.16271529,2.3849308981097193
julia,gwo,gwo_v1,38.22,39.72,3.58,knee_angle_l,10.655596380985601,18.645940594373815,0.9798717016033114,57.14700380521859,78.73480242000001,9.38589515797179
julia,gwo,gwo_v1,38.22,39.72,3.58,ankle_angle_l,2.273656238113403,6.388610622832629,0.9810493973506867,35.589212934459496,28.927734309999998,0.2898604329802354
julia,gwo,gwo_v2,67.79,69.29,4.04,pelvis_tilt,15.500519836329135,335.74754741576015,-0.07207450167354078,4.6167187089336075,31.18671812,-13.932891334470492
julia,gwo,gwo_v2,67.79,69.29,4.04,pelvis_list,4.536913138834933,44.636213551149304,0.29108768246731187,10.164198030901561,17.87350233,0.71293157452754
julia,gwo,gwo_v2,67.79,69.29,4.04,pelvis_rotation,3.384405275896024,41.00198442593373,0.5616573571950887,8.254247503580315,16.256528630000002,1.8377525912569592
julia,gwo,gwo_v2,67.79,69.29,4.04,hip_flexion_r,17.006546367847577,40.26284063384205,0.9503935771345459,42.23881400348364,43.17516755,16.511331532097117
julia,gwo,gwo_v2,67.79,69.29,4.04,hip_adduction_r,8.05575208006503,75.61138827245325,0.6378080238705173,10.654151793956549,40.84063755,-1.6476494812912788
julia,gwo,gwo_v2,67.79,69.29,4.04,hip_rotation_r,31.520848760922604,281.4764335068575,-0.011973283718145518,11.19839709783543,123.71238844,7.3674360112928206
julia,gwo,gwo_v2,67.79,69.29,4.04,knee_angle_r,13.170646858716047,94.14015506206222,0.5339533498072866,13.99046650181663,90.42288427,4.213867091176653
julia,gwo,gwo_v2,67.79,69.29,4.04,ankle_angle_r,14.201239137056815,38.40436983737477,0.4381847378012955,36.97818554813599,69.44957267000001,-4.416005498151851
julia,gwo,gwo_v2,67.79,69.29,4.04,hip_flexion_l,28.168852469761816,80.11895215092046,0.8173232018294205,35.158787919118076,73.96754228,25.874757812554428
julia,gwo,gwo_v2,67.79,69.29,4.04,hip_adduction_l,4.855609417770506,37.53291312759656,0.8434713498546754,12.936937245620715,21.87428798,-0.9526006917392039
julia,gwo,gwo_v2,67.79,69.29,4.04,hip_rotation_l,6.222149229793459,35.35657135333448,0.41207343220422704,17.598282275768934,20.699100889999997,4.343557017812762
julia,gwo,gwo_v2,67.79,69.29,4.04,knee_angle_l,12.811026567023756,21.285335503551998,0.9836925053637395,60.18710188940132,76.15506513999999,11.759939043200166
julia,gwo,gwo_v2,67.79,69.29,4.04,ankle_angle_l,2.0016587232040703,5.701849680795588,0.9867357191097147,35.105427804346746,26.15177269,0.7540129416675441
julia,rd,rd_correct,35.717,37.217,,pelvis_tilt,7.030787789124459,871.6728667993674,0.5746088084204396,0.8065855961469008,6.27770207,7.005598606588259
julia,rd,rd_correct,35.717,37.217,,pelvis_list,0.5536851196438497,55.62598203065513,0.9178919971252155,0.9953714063667538,2.27108803,-0.27910426461366855
julia,rd,rd_correct,35.717,37.217,,pelvis_rotation,360.0208745884126,21463.943494167306,0.9243925745909664,1.6773286543837855,2.2943571400000167,-360.0207839829475
julia,rd,rd_correct,35.717,37.217,,hip_flexion_r,13.768103221573435,365.048403682053,0.7546949538880207,3.7715829141291275,6.671496920000001,13.740873494289671
julia,rd,rd_correct,35.717,37.217,,hip_adduction_r,2.477831267251312,302.08726399846137,0.5841069512122102,0.8202369191121981,3.42514613,-2.236301686478656
julia,rd,rd_correct,35.717,37.217,,hip_rotation_r,1.4108134590669121,22.013826574260438,0.5345379439871486,6.408760668245198,2.26599707,0.8462231295514768
julia,rd,rd_correct,35.717,37.217,,knee_angle_r,6.910887410136598,80.27860330285262,0.9528331490394847,8.6086293555272,8.392069090000001,6.862145882215963
julia,rd,rd_correct,35.717,37.217,,ankle_angle_r,2.5187542944889127,9.959921500331179,0.9736547465917783,25.288897050093833,20.31064391,-1.0386857234195728
julia,rd,rd_correct,35.717,37.217,,hip_flexion_l,10.207583114714259,943.3706109290272,0.3978922350002665,1.0820331899741795,7.598488520000001,10.188045406476554
julia,rd,rd_correct,35.717,37.217,,hip_adduction_l,5.198660304340242,531.9365057384889,0.9435333359038209,0.9773084284040494,3.19732822,5.1380507349605296
julia,rd,rd_correct,35.717,37.217,,hip_rotation_l,8.860095979374654,929.3199947685818,0.1581605783614785,0.9533956042322091,4.707018020000001,8.821783011270124
julia,rd,rd_correct,35.717,37.217,,knee_angle_l,3.3620837191897213,140.70128568297423,0.9363206788821796,2.3895188326602157,3.9580428600000004,3.3322929215543398
julia,rd,rd_correct,35.717,37.217,,ankle_angle_l,0.8324350070713851,55.25822873125511,0.2503197593537553,1.5064453316444144,1.0681816500000005,-0.6640068016958403
julia,rd,rd_toes,69.278,70.778,,pelvis_tilt,7.105621823338047,1721.5901690867738,0.7389668452362134,0.41273596648773037,1.1154182899999991,7.101346410050532
julia,rd,rd_toes,69.278,70.778,,pelvis_list,1.0875226349079479,128.20874284083303,0.9034256792783174,0.8482437397097574,1.31979807,-1.0710718278020859
julia,rd,rd_toes,69.278,70.778,,pelvis_rotation,359.6989452880279,19894.98782601285,0.9571081942592818,1.8079877627153849,1.659527880000013,-359.6989147650071
julia,rd,rd_toes,69.278,70.778,,hip_flexion_r,13.419085861918067,569.0590775719104,0.9564058379669214,2.358118232499742,2.2064855199999993,13.416770919898745
julia,rd,rd_toes,69.278,70.778,,hip_adduction_r,4.795005104510744,370.12939363134285,0.941129750347217,1.295494274979597,2.17900601,-4.781516924693298
julia,rd,rd_toes,69.278,70.778,,hip_rotation_r,2.7093205629685198,55.86670110242904,0.8358809198289214,4.849616156860783,1.83685198,-2.605507453621531
julia,rd,rd_toes,69.278,70.778,,knee_angle_r,6.870470234529836,107.72811094407872,0.9875736903832765,6.3776020709174706,7.494843750000001,6.84400588153103
julia,rd,rd_toes,69.278,70.778,,ankle_angle_r,9.648666195959422,34.9549102104609,0.9412712963295904,27.60317831705338,22.41296199,-9.199551403153079
julia,rd,rd_toes,69.278,70.778,,hip_flexion_l,9.873286619082965,1967.8004400519271,0.6785837226806645,0.5017422711229003,1.110527489999999,9.87046246188257
julia,rd,rd_toes,69.278,70.778,,hip_adduction_l,6.4210243483832175,559.6800497791787,0.9026623270296367,1.1472669699262332,1.81021901,6.412515047330324
julia,rd,rd_toes,69.278,70.778,,hip_rotation_l,8.76886507290236,2368.9454782535863,0.5277527594736331,0.37015900760058296,1.67820373,8.759449483634485
julia,rd,rd_toes,69.278,70.778,,knee_angle_l,3.069917535322289,307.2580000135142,0.9761726330478349,0.9991334758370047,1.16720536,3.0686589619532807
julia,rd,rd_toes,69.278,70.778,,ankle_angle_l,0.8489223386931287,85.83841485231821,0.4457825939945197,0.9889771848113318,0.4877153199999995,-0.7936478552377885
julia,rd,rd_supination,111.315,112.815,,pelvis_tilt,2.935325763737345,634.5132526888593,0.37780162262583167,0.46261063126710056,2.69736174,2.851801092560005
julia,rd,rd_supination,111.315,112.815,,pelvis_list,2.8296698800387095,70.7539336329106,0.9704418376121035,3.999311041446482,4.83658111,-2.798124767623374
julia,rd,rd_supination,111.315,112.815,,pelvis_rotation,360.1440267244787,16497.026396853733,0.9709081237983895,2.1830845029936086,2.2850011399999914,-360.1439805455672
julia,rd,rd_supination,111.315,112.815,,hip_flexion_r,8.59642635987727,442.55272190511096,0.22926569200972893,1.9424637866582721,1.2855928800000012,8.571488461376143
julia,rd,rd_supination,111.315,112.815,,hip_adduction_r,6.682700319983708,210.859781950585,0.9007110848557667,3.1692626532023063,3.83715606,-6.651255622773595
julia,rd,rd_supination,111.315,112.815,,hip_rotation_r,2.668905332406077,91.31900723743493,0.07141758821245005,2.9226175504369665,3.25697315,-2.410162856572971
julia,rd,rd_supination,111.315,112.815,,knee_angle_r,6.658148719295353,140.92471176282484,0.7056052134403946,4.724614041078164,5.014561369999999,6.556955126374125
julia,rd,rd_supination,111.315,112.815,,ankle_angle_r,2.02915148944807,9.050386549692073,0.9895578671196338,22.42060577530922,20.61924678,-1.6731044120923513
julia,rd,rd_supination,111.315,112.815,,hip_flexion_l,5.866910178812723,1231.5093119111375,0.5501023740255582,0.476399985129472,2.2681662200000012,5.8245665603048895
julia,rd,rd_supination,111.315,112.815,,hip_adduction_l,7.579028917123987,276.30471729758716,0.9034994050800108,2.742996569602965,4.18668223,7.553506490159481
julia,rd,rd_supination,111.315,112.815,,hip_rotation_l,7.748396989698169,480.1763597821998,0.8757235034033095,1.6136564892975398,3.12714042,7.721231185299357
julia,rd,rd_supination,111.315,112.815,,knee_angle_l,3.2765574888275464,210.73106609928152,0.911756917161396,1.5548526135600078,2.53761111,3.260558558899118
julia,rd,rd_supination,111.315,112.815,,ankle_angle_l,0.5635591376699961,50.23754097586952,0.701562320590478,1.1217888589345746,0.9028863000000005,-0.5045333934911743
julia,rd,rd_pronation,152.091,153.591,,pelvis_tilt,7.0079486890565965,971.0396042337312,0.5569247897741829,0.7216954549023491,0.8904997899999998,7.002623986341383
julia,rd,rd_pronation,152.091,153.591,,pelvis_list,1.7549745424755367,105.2489211534849,0.8207128748672771,1.667451336547432,0.9306714600000001,-1.7255463765421128
julia,rd,rd_pronation,152.091,153.591,,pelvis_rotation,358.75337038344117,9389.676496780135,0.9945466525573964,3.820721305004099,4.566053870000019,-358.7532090957945
julia,rd,rd_pronation,152.091,153.591,,hip_flexion_r,13.16482714208797,683.5736740206886,0.9057515119936935,1.9258827018094808,1.829370250000002,13.16142547803932
julia,rd,rd_pronation,152.091,153.591,,hip_adduction_r,5.762451480066071,284.5814627696062,0.9488469912878442,2.0248864504330992,3.23150014,-5.7426835080785255
julia,rd,rd_pronation,152.091,153.591,,hip_rotation_r,1.1877499316346394,19.145578732743175,0.9050603886277837,6.203781814144507,6.25109086,0.2049853374694669
julia,rd,rd_pronation,152.091,153.591,,knee_angle_r,4.987461395190053,56.727688894698666,0.9922592359679985,8.79193475420456,8.815942890000002,4.971037248870591
julia,rd,rd_pronation,152.091,153.591,,ankle_angle_r,1.6963027972163367,8.541754133180698,0.9927790557123473,19.8589513438112,16.55567446,-0.80721450456452
julia,rd,rd_pronation,152.091,153.591,,hip_flexion_l,9.644342853722394,1298.4058952135758,0.7196816265690454,0.7427833537474804,1.0164098900000003,9.641578866990553
julia,rd,rd_pronation,152.091,153.591,,hip_adduction_l,7.300428794676475,1656.492120120065,-0.43322874449479987,0.44071618005326396,1.1743106500000007,7.2893843004428245
julia,rd,rd_pronation,152.091,153.591,,hip_rotation_l,10.379809086806665,2412.212441438641,0.32345552057745447,0.4303024438683418,2.13760729,10.3537634203363
julia,rd,rd_pronation,152.091,153.591,,knee_angle_l,3.5145430973428144,575.4453542196791,0.8851948068687068,0.6107518414339513,0.9305798700000003,3.5117775577785086
julia,rd,rd_pronation,152.091,153.591,,ankle_angle_l,0.8302692489399168,134.1575119843887,-0.5223280756387506,0.6188764510156775,0.8893421800000008,-0.741841113897348
julia,rgs,rgs_correct,17.225,18.725,,pelvis_tilt,9.297216798746383,400.2932232150248,0.24711603624498332,2.3226015979171883,6.364236829999999,-9.171390171825049
julia,rgs,rgs_correct,17.225,18.725,,pelvis_list,3.948722347298455,65.68648050374284,0.7245732682722651,6.011468900474056,5.235558800000001,3.730691474275579
julia,rgs,rgs_correct,17.225,18.725,,pelvis_rotation,7.158290225665902,102.31818276185496,0.7069159019423846,6.996107663802812,7.471780560000001,-6.968437447326206
julia,rgs,rgs_correct,17.225,18.725,,hip_flexion_r,12.901956391239114,40.55061832539447,0.9888046934292412,31.816916545411537,40.51696664,12.352323193542306
julia,rgs,rgs_correct,17.225,18.725,,hip_adduction_r,5.732296769498222,35.40857520474427,0.9388608784447011,16.189007144038296,17.85439298,-5.228784343601003
julia,rgs,rgs_correct,17.225,18.725,,hip_rotation_r,6.067879094134081,55.68990834779793,-0.5966332456225467,10.89583243024679,9.3335324,0.20331319179845292
julia,rgs,rgs_correct,17.225,18.725,,knee_angle_r,6.686232291998411,15.3954280276603,0.9720932687510807,43.4299863568947,50.605274460000004,5.369467312862933
julia,rgs,rgs_correct,17.225,18.725,,ankle_angle_r,4.0880663741234855,17.020751435770443,0.962003023335418,24.018130982937063,20.573648069999997,-3.623230637345413
julia,rgs,rgs_correct,17.225,18.725,,hip_flexion_l,11.87077025735362,39.98256686427257,0.9798219246800081,29.689865329684586,37.31932895,11.310186915885364
julia,rgs,rgs_correct,17.225,18.725,,hip_adduction_l,5.771405277355298,132.78842390383127,0.8940976410397111,4.346316574654953,12.03386862,4.742773154399274
julia,rgs,rgs_correct,17.225,18.725,,hip_rotation_l,6.402330111292339,41.44744949499757,0.7728191851328063,15.446861481947298,4.643789990000002,-4.572415203270083
julia,rgs,rgs_correct,17.225,18.725,,knee_angle_l,4.253900939281574,24.706997645899417,0.923599725749218,17.21739322700582,20.89933191,3.62448340323006
julia,rgs,rgs_correct,17.225,18.725,,ankle_angle_l,1.2469813766448514,4.467895543306815,0.9895752945295652,27.909814913039025,25.6508525,-0.6453694449217009
julia,rgs,rgs_flexion,74.781,76.281,,pelvis_tilt,9.99236287596504,165.1705276596342,0.9371564001460807,6.049725103837069,11.60209341,-9.75655601289583
julia,rgs,rgs_flexion,74.781,76.281,,pelvis_list,5.552617960000412,169.31417930227994,0.6982124347176172,3.2794760503118963,5.9913357199999995,5.408322266709313
julia,rgs,rgs_flexion,74.781,76.281,,pelvis_rotation,7.734353399285814,375.9413129325226,-0.04246458180231208,2.0573299962576996,3.9841326999999995,-7.624101350743638
julia,rgs,rgs_flexion,74.781,76.281,,hip_flexion_r,13.058302397368168,28.11526033150055,0.9977371627214269,46.44560371627627,53.4759597,12.758360127043701
julia,rgs,rgs_flexion,74.781,76.281,,hip_adduction_r,8.23478158549869,79.07274663205752,0.5476695722695096,10.414184325500793,9.88777843,-7.518808065940686
julia,rgs,rgs_flexion,74.781,76.281,,hip_rotation_r,6.427104455892067,57.48245608098209,-0.6047857268976267,11.180984415205696,8.72802696,1.6113247908584671
julia,rgs,rgs_flexion,74.781,76.281,,knee_angle_r,5.09690289250577,8.800789627199569,0.9955332749284097,57.91415439307138,64.78667626999999,3.2994953051384277
julia,rgs,rgs_flexion,74.781,76.281,,ankle_angle_r,3.190702844245501,6.632450163328478,0.9970401624160111,48.107452987543525,40.44421892,-0.8399499912819574
julia,rgs,rgs_flexion,74.781,76.281,,hip_flexion_l,13.103952365990883,65.17181144111935,0.9768688827651666,20.106779413105446,30.42355486,12.417134121002896
julia,rgs,rgs_flexion,74.781,76.281,,hip_adduction_l,6.04930655567054,144.8137752292966,0.3051354503437357,4.177300499273728,5.84069016,5.832973400622823
julia,rgs,rgs_flexion,74.781,76.281,,hip_rotation_l,7.1051190667163455,67.67386736832351,-0.2880464875320442,10.499058710574118,5.277340220000001,-5.768104564373447
julia,rgs,rgs_flexion,74.781,76.281,,knee_angle_l,4.011881710799824,44.89066976254627,0.9307872213273728,8.937005689647933,13.66270032,3.4899098125470096
julia,rgs,rgs_flexion,74.781,76.281,,ankle_angle_l,2.25011869276833,12.805650816340306,0.942588436170454,17.571295087143298,16.62713505,1.6219737044578395
julia,rgs,rgs_abduction,140.561,142.061,,pelvis_tilt,9.544507285354316,115.41308282822702,0.9167037000888725,8.26986599046116,11.493538359999999,-9.425347749035158
julia,rgs,rgs_abduction,140.561,142.061,,pelvis_list,6.525041951103318,38.45524350067042,0.9553002329814753,16.967886189537616,13.70870383,6.251921729591201
julia,rgs,rgs_abduction,140.561,142.061,,pelvis_rotation,8.56081169260666,52.93676038955325,0.9772305396909325,16.17177105211766,19.005557189999998,-8.368686071145618
julia,rgs,rgs_abduction,140.561,142.061,,hip_flexion_r,13.141971538275486,34.47590155171933,0.9811516008266594,38.11929767394317,41.86422461,12.833956779990313
julia,rgs,rgs_abduction,140.561,142.061,,hip_adduction_r,8.18077683499106,27.900716690763133,0.9673534748858682,29.321027576683733,32.43794764,-7.6729385724748935
julia,rgs,rgs_abduction,140.561,142.061,,hip_rotation_r,1.505760520789431,13.240974393700577,0.9179482627332912,11.371976684025608,7.674007719999999,-0.2358422423587815
julia,rgs,rgs_abduction,140.561,142.061,,knee_angle_r,2.096277251499603,8.379945978907637,0.9847734918284057,25.0154029247437,26.830956770000004,1.3809006817140845
julia,rgs,rgs_abduction,140.561,142.061,,ankle_angle_r,3.7838900761140923,5.589385091442482,0.9916286234905679,67.69778811460571,53.988373800000005,0.4182150599057398
julia,rgs,rgs_abduction,140.561,142.061,,hip_flexion_l,11.124707759885505,59.58778162879666,0.9936196057848744,18.669444399167443,23.5536681,10.930613077897565
julia,rgs,rgs_abduction,140.561,142.061,,hip_adduction_l,3.545496761726569,43.097315901495236,0.8060288275570732,8.226722912002879,8.95821793,3.1514461737197657
julia,rgs,rgs_abduction,140.561,142.061,,hip_rotation_l,9.963551741657549,156.0065731995817,0.6832759149082444,6.3866230360120895,5.58955344,-9.832132634655137
julia,rgs,rgs_abduction,140.561,142.061,,knee_angle_l,2.361179043541635,22.231746729338056,0.8797088032382846,10.620753610986906,7.58297856,1.339744925082957
julia,rgs,rgs_abduction,140.561,142.061,,ankle_angle_l,3.123811093221475,15.15652662977498,0.982770782263074,20.61033619064642,21.165381420000003,2.6700251372816695
julia,rgs,rgs_stork,247.829,249.329,,pelvis_tilt,10.669182517939891,81.56146421244013,0.963415883541548,13.081156181981072,18.86272074,-10.362094268305144
julia,rgs,rgs_stork,247.829,249.329,,pelvis_list,2.636145268538978,49.44347038212604,0.7752685552516001,5.331634790530304,7.444562780000001,2.0220748639029424
julia,rgs,rgs_stork,247.829,249.329,,pelvis_rotation,7.681031402650245,131.61136270583063,0.8465761292548022,5.836146093113859,8.28993862,-7.591102251951145
julia,rgs,rgs_stork,247.829,249.329,,hip_flexion_r,15.552148377156296,22.800751574356426,0.9981308966184784,68.20892866815629,76.91359754999999,15.256518346978309
julia,rgs,rgs_stork,247.829,249.329,,hip_adduction_r,5.543367783953439,17.52406577075146,0.9536749436707983,31.63288620615426,26.43702198,-3.351715311651386
julia,rgs,rgs_stork,247.829,249.329,,hip_rotation_r,4.535257436779645,36.39977166870587,-0.37355568336034445,12.45957660959385,5.2203433200000005,0.6517463435286945
julia,rgs,rgs_stork,247.829,249.329,,knee_angle_r,4.891980808899522,5.067929068985043,0.9989709506069129,96.52820199946567,99.29773329999999,4.180181822081802
julia,rgs,rgs_stork,247.829,249.329,,ankle_angle_r,1.8585735339419298,7.319898202734838,0.9932060712926197,25.390701925984914,26.49187405,-1.4261012799947221
julia,rgs,rgs_stork,247.829,249.329,,hip_flexion_l,20.84856952657143,75.93377637744693,0.9939722477571629,27.45625269964008,38.265885909999994,20.161032094023973
julia,rgs,rgs_stork,247.829,249.329,,hip_adduction_l,8.209609212396694,155.79460228297458,0.8428607704999128,5.269508116516981,9.454975650000002,8.024056686610072
julia,rgs,rgs_stork,247.829,249.329,,hip_rotation_l,15.161681420621507,185.6206002438968,0.8757644277590596,8.16810278638242,4.380161449999999,15.071737472588325
julia,rgs,rgs_stork,247.829,249.329,,knee_angle_l,13.61432916342437,103.52538827257314,0.9684553732994965,13.150715385465691,19.09290602,13.280501805733588
julia,rgs,rgs_stork,247.829,249.329,,ankle_angle_l,1.2900985011280408,11.466517664053338,0.9574305301994346,11.25100522168471,10.77092057,1.008595637762239
jung-hee,ng,ng_v0,5.71,7.21,3.58,pelvis_tilt,5.69550356562908,204.61650913357968,0.4218544492178625,2.783501482722925,5.337269980000002,5.590134902127809
jung-hee,ng,ng_v0,5.71,7.21,3.58,pelvis_list,1.6504085001824613,35.91750018537205,0.8737553210933768,4.594998236694144,3.66371813,-1.4452437598212353
jung-hee,ng,ng_v0,5.71,7.21,3.58,pelvis_rotation,1.5281848492893846,37.95702731994745,0.6952061085725975,4.026092023508601,4.21211246,-1.3621548234530911
jung-hee,ng,ng_v0,5.71,7.21,3.58,hip_flexion_r,6.7896089833913855,91.77385950230125,0.788066433278151,7.398194889276869,10.229938800000001,-6.650796627034099
jung-hee,ng,ng_v0,5.71,7.21,3.58,hip_adduction_r,2.3061354225017974,92.16120515394579,0.18033481900867132,2.5022843599425983,4.35339404,1.94813945005523
jung-hee,ng,ng_v0,5.71,7.21,3.58,hip_rotation_r,7.0434434295761035,91.45119800856766,0.5199963057290845,7.7018602084537315,6.416495680000001,6.756366869709796
jung-hee,ng,ng_v0,5.71,7.21,3.58,knee_angle_r,1.0668887644002818,20.602556350768523,0.966370125860779,5.178429056258761,7.166622449999998,-0.5329357932410496
jung-hee,ng,ng_v0,5.71,7.21,3.58,ankle_angle_r,3.5329206212362925,32.52679911930906,0.9657662259389894,10.86156866612499,9.368317739999998,3.432653203414209
jung-hee,ng,ng_v0,5.71,7.21,3.58,hip_flexion_l,6.7971555578849605,30.612330315165792,0.9813776664172401,22.203979533428566,21.30231338,-6.589674261419743
jung-hee,ng,ng_v0,5.71,7.21,3.58,hip_adduction_l,2.7799050920182364,61.42890170730813,0.6813615567156459,4.525402562565292,6.5131821200000015,-2.4807638371563505
jung-hee,ng,ng_v0,5.71,7.21,3.58,hip_rotation_l,3.9315944481313148,40.165009184106935,0.11567859516537357,9.78860587360957,4.52805513,-1.472107266774533
jung-hee,ng,ng_v0,5.71,7.21,3.58,knee_angle_l,1.1411167686157697,3.2339240480482117,0.9949396617009987,35.28582464094895,35.15414311,-0.26471489569676687
jung-hee,ng,ng_v0,5.71,7.21,3.58,ankle_angle_l,1.4823843651354942,12.257987631572373,0.9045713543879125,12.093211460887597,6.925284699999999,0.25291224838537407
jung-hee,ng,ng_v1,40.08,41.58,4.08,pelvis_tilt,3.9887746913175093,87.97200734059378,0.705477351743817,4.534140815810315,9.21886902,3.739100051382936
jung-hee,ng,ng_v1,40.08,41.58,4.08,pelvis_list,3.6778529694166617,82.23657070316965,-0.7160177978843442,4.472283970463406,8.64742836,1.1102164003879391
jung-hee,ng,ng_v1,40.08,41.58,4.08,pelvis_rotation,1.3049384025255397,12.573395965993253,0.9809581232036925,10.378567620513607,10.88916352,-1.122495304202251
jung-hee,ng,ng_v1,40.08,41.58,4.08,hip_flexion_r,4.394079739577812,11.12123229735222,0.9934851861687107,39.510727067754615,48.20810909,-3.2608088705751004
jung-hee,ng,ng_v1,40.08,41.58,4.08,hip_adduction_r,3.635572049682767,29.095839276535735,0.8542842894878621,12.495161301687094,17.953058679999998,0.18047200728456092
jung-hee,ng,ng_v1,40.08,41.58,4.08,hip_rotation_r,14.269003365936328,85.01446428558201,-0.24271565874333081,16.784206647475486,9.60465357,12.63590361711016
jung-hee,ng,ng_v1,40.08,41.58,4.08,knee_angle_r,2.525405103618565,4.848621882530881,0.9873749156003493,52.08500816938019,55.76589677,0.3688464474159802
jung-hee,ng,ng_v1,40.08,41.58,4.08,ankle_angle_r,2.082766271130438,6.4806997182874815,0.9663710649610893,32.137984502710566,28.70819651,0.20664107298471798
jung-hee,ng,ng_v1,40.08,41.58,4.08,hip_flexion_l,4.440043180401958,12.305008371484439,0.981168032858254,36.08321950183545,38.421668249999996,-3.8003712574128983
jung-hee,ng,ng_v1,40.08,41.58,4.08,hip_adduction_l,4.748932904926684,72.73152265223632,0.41837304581222184,6.529401189128913,16.40230795,0.8915902869604501
jung-hee,ng,ng_v1,40.08,41.58,4.08,hip_rotation_l,6.115696347828761,32.522092129231844,0.2987222339789518,18.804744551878898,6.72861756,1.540968917979122
jung-hee,ng,ng_v1,40.08,41.58,4.08,knee_angle_l,1.6336051543411052,3.031677750141971,0.9948245836224437,53.88452497184455,56.45647666,-0.094127778663609
jung-hee,ng,ng_v1,40.08,41.58,4.08,ankle_angle_l,2.4412001269684978,6.260072737918067,0.9897863314740741,38.99635402288274,29.38006445,1.4479970295482807
jung-hee,ng,ng_v2,69.7,71.2,4.6,pelvis_tilt,2.655332450362275,51.82503328895669,0.3606769096783092,5.1236483256212315,12.242490060000002,1.732626350678044
jung-hee,ng,ng_v2,69.7,71.2,4.6,pelvis_list,8.968105824974481,268.1219606629915,-0.30688280180448674,3.3447860081281044,76.93707659,0.38838137934463635
jung-hee,ng,ng_v2,69.7,71.2,4.6,pelvis_rotation,10.142793151564184,104.17325668945641,0.3710188363519918,9.736465455620875,97.33394177,-0.06961270810350763
jung-hee,ng,ng_v2,69.7,71.2,4.6,hip_flexion_r,8.243448925981898,21.452397127658173,0.8933727817872762,38.42670297835282,109.18459552,0.05393110621687896
jung-hee,ng,ng_v2,69.7,71.2,4.6,hip_adduction_r,4.68724169843879,34.27596935228737,0.8247803735103806,13.675008430143762,36.20899413,0.10207593407821755
jung-hee,ng,ng_v2,69.7,71.2,4.6,hip_rotation_r,16.111821779105714,87.70309144757005,-0.08873517873479542,18.370870984334175,81.07301193,11.768761365128343
jung-hee,ng,ng_v2,69.7,71.2,4.6,knee_angle_r,2.6524285372836562,4.871161140462036,0.9868856408900661,54.451668930666294,57.58916853000001,-0.040804395396471536
jung-hee,ng,ng_v2,69.7,71.2,4.6,ankle_angle_r,2.8560730340890697,8.986966524710349,0.9418851672049642,31.780167715503104,30.35072112,-1.476946510091825
jung-hee,ng,ng_v2,69.7,71.2,4.6,hip_flexion_l,14.708127410019927,42.30994862438689,0.5148420933757043,34.7628108476179,131.54487908,0.29956350629252965
jung-hee,ng,ng_v2,69.7,71.2,4.6,hip_adduction_l,5.073724632588248,75.77939154290743,0.6954661135244722,6.695388454940851,23.71484231,1.5139234217121535
jung-hee,ng,ng_v2,69.7,71.2,4.6,hip_rotation_l,12.25857075988163,67.46770969081776,-0.04895045567314849,18.169537421766076,80.98831264,5.697907618899901
jung-hee,ng,ng_v2,69.7,71.2,4.6,knee_angle_l,5.038939924990743,9.304686897589438,0.9460075037138082,54.154857443899374,56.20335323,-0.5342476034601837
jung-hee,ng,ng_v2,69.7,71.2,4.6,ankle_angle_l,2.7428149222571614,7.893047975816541,0.9890708372927958,34.749756122867296,27.54015382,-1.5663919785453961
jung-hee,gwo,gwo_v0,6.8,8.3,3.6,pelvis_tilt,1.5511632021549173,19.163606337272842,0.9254322198643486,8.094317817090278,5.359977279999999,1.1188333680422695
jung-hee,gwo,gwo_v0,6.8,8.3,3.6,pelvis_list,0.9409920542942516,18.185228202789332,0.9813167437850023,5.174485817834928,3.87864566,-0.7660202422385403
jung-hee,gwo,gwo_v0,6.8,8.3,3.6,pelvis_rotation,0.5219025294642761,19.57714912706074,0.8837891408414525,2.6658760480241237,2.0845705800000003,-0.2656491678954652
jung-hee,gwo,gwo_v0,6.8,8.3,3.6,hip_flexion_r,3.2976429952315907,24.003252577314967,0.9628914854795949,13.73831727433528,9.5785164,-3.0189032291140774
jung-hee,gwo,gwo_v0,6.8,8.3,3.6,hip_adduction_r,0.9428461831756964,17.30005972574325,0.9326050464748814,5.449959122237594,4.966706820000001,-0.8156339326073707
jung-hee,gwo,gwo_v0,6.8,8.3,3.6,hip_rotation_r,2.722559223067569,45.877940368296244,0.5396652281617077,5.934353637525066,1.6554655399999998,2.430059683601066
jung-hee,gwo,gwo_v0,6.8,8.3,3.6,knee_angle_r,2.615043371586024,71.93612826711302,0.9584316187122052,3.635229521772221,4.730079489999998,-2.5348626031206285
jung-hee,gwo,gwo_v0,6.8,8.3,3.6,ankle_angle_r,3.4004518382978617,44.14274467542251,0.5876762955552769,7.7033085806083585,2.33576538,3.275262441197495
jung-hee,gwo,gwo_v0,6.8,8.3,3.6,hip_flexion_l,1.5571683424135228,12.798714454543859,0.9569744371774304,12.166599606108797,10.74937686,-0.9285547929532862
jung-hee,gwo,gwo_v0,6.8,8.3,3.6,hip_adduction_l,1.172165607663952,23.522335822135506,0.7332122459772731,4.983202418872427,2.792553169999999,0.7056336201690645
jung-hee,gwo,gwo_v0,6.8,8.3,3.6,hip_rotation_l,3.3940054272742906,117.74006173186619,-0.018221626699080944,2.8826258262065334,3.4689676699999996,3.082424381212255
jung-hee,gwo,gwo_v0,6.8,8.3,3.6,knee_angle_l,1.212838535309137,23.552012420664838,0.9340818164871921,5.149617423965763,6.64287323,0.20720867058552883
jung-hee,gwo,gwo_v0,6.8,8.3,3.6,ankle_angle_l,0.5545132139085307,59.959941844166444,-0.24032140927604248,0.9248061236444975,1.2670910599999994,-0.22694715071353241
jung-hee,gwo,gwo_v1,48.96,50.46,4.1,pelvis_tilt,5.150253006152206,57.96313898730124,0.30362689994843906,8.88539353826324,27.48962319,-3.270880472532141
jung-hee,gwo,gwo_v1,48.96,50.46,4.1,pelvis_list,4.209304558052266,54.847496582047775,0.22216588966632636,7.674560956041923,16.93781732,-2.654887499796842
jung-hee,gwo,gwo_v1,48.96,50.46,4.1,pelvis_rotation,1.5798753781750876,13.271338441691524,0.9665907403489685,11.904416311258817,17.81573831,1.0081970876872075
jung-hee,gwo,gwo_v1,48.96,50.46,4.1,hip_flexion_r,2.8982796896050185,6.040121769491266,0.9847048366766445,47.9837956950515,44.34357242,0.4365936226105142
jung-hee,gwo,gwo_v1,48.96,50.46,4.1,hip_adduction_r,4.977641328827804,92.9434207115399,0.35162590850926634,5.355560717177023,28.63793326,1.9739595776425198
jung-hee,gwo,gwo_v1,48.96,50.46,4.1,hip_rotation_r,16.103603904979924,191.32354052963655,-0.06917578173368044,8.416948515797213,106.69161979,2.7378912883602102
jung-hee,gwo,gwo_v1,48.96,50.46,4.1,knee_angle_r,7.310025291160996,91.23091143305095,0.45533220293588667,8.01266278757436,47.75744372,-2.9163074974207057
jung-hee,gwo,gwo_v1,48.96,50.46,4.1,ankle_angle_r,5.964107451978942,20.525650348960127,0.6471239646564904,29.05685009040942,41.38667142,-0.5933161498566322
jung-hee,gwo,gwo_v1,48.96,50.46,4.1,hip_flexion_l,7.2285835223739765,19.941600979785477,0.888131315367011,36.24876222175688,56.16621762,4.081501159324543
jung-hee,gwo,gwo_v1,48.96,50.46,4.1,hip_adduction_l,3.385341729271686,81.87861052073816,-0.02513339454165022,4.134586197471254,12.25645331,-2.0544386422283787
jung-hee,gwo,gwo_v1,48.96,50.46,4.1,hip_rotation_l,7.338196166458011,43.98088956543491,-0.03271435721133592,16.68496530871714,17.09872536,4.690918239463181
jung-hee,gwo,gwo_v1,48.96,50.46,4.1,knee_angle_l,2.7018657934318058,5.480240137368549,0.9816301831060533,49.30195987231251,51.44493314,0.15287619690939766
jung-hee,gwo,gwo_v1,48.96,50.46,4.1,ankle_angle_l,1.9318810931355028,5.799292607499529,0.988356560781747,33.31235762508746,25.590839360000004,-0.5539742786547371
jung-hee,gwo,gwo_v2,76.76,78.26,4.58,pelvis_tilt,4.04478555287501,72.25285210090385,0.26767796515043635,5.598098116910752,25.90453848,-2.6388327931568374
jung-hee,gwo,gwo_v2,76.76,78.26,4.58,pelvis_list,3.58953237076147,51.34454130770874,0.1934643005552141,6.9910691172589114,14.99853932,-2.4514780039941746
jung-hee,gwo,gwo_v2,76.76,78.26,4.58,pelvis_rotation,1.8878826745618569,20.003711972259865,0.9472387048180348,9.437661755877494,13.87467899,1.5046595895966923
jung-hee,gwo,gwo_v2,76.76,78.26,4.58,hip_flexion_r,2.8332405765755873,6.300468783104085,0.9876210851576482,44.96872652037361,40.5619516,-0.14227470838026693
jung-hee,gwo,gwo_v2,76.76,78.26,4.58,hip_adduction_r,3.9106607345886495,100.57260161228685,0.6150379183333562,3.888395718015202,28.444249120000002,1.9798301557358244
jung-hee,gwo,gwo_v2,76.76,78.26,4.58,hip_rotation_r,12.123712378083404,182.982010633725,-0.23014460856779123,6.62563075796092,104.90791289,-0.801817751983726
jung-hee,gwo,gwo_v2,76.76,78.26,4.58,knee_angle_r,6.425571300354741,79.85024493987008,0.5263727281521856,8.047027664340181,52.31097351,-2.110091623109227
jung-hee,gwo,gwo_v2,76.76,78.26,4.58,ankle_angle_r,4.1792809562621285,16.657131316401635,0.7577568116327816,25.090040276905015,39.2849719,-0.2552721046439203
jung-hee,gwo,gwo_v2,76.76,78.26,4.58,hip_flexion_l,5.378055548633429,13.174864841429457,0.9506795145876359,40.82057473350077,59.921635390000006,2.630001560423499
jung-hee,gwo,gwo_v2,76.76,78.26,4.58,hip_adduction_l,3.1497471469987692,83.50729332233125,-0.0049001200274269375,3.7718228213205345,11.105551779999999,-1.764797491759117
jung-hee,gwo,gwo_v2,76.76,78.26,4.58,hip_rotation_l,7.790622159230522,40.18441120285164,0.08422774756323013,19.387175091115108,16.667217360000002,5.163780863780594
jung-hee,gwo,gwo_v2,76.76,78.26,4.58,knee_angle_l,2.9788590025680253,5.9257220000001665,0.9882420547921087,50.26997558386879,51.00876515,-1.903644737945877
jung-hee,gwo,gwo_v2,76.76,78.26,4.58,ankle_angle_l,3.2949902439700387,9.524136460872795,0.9820813393830299,34.59620992944157,26.918617779999998,-2.142062017976675
jung-hee,rd,rd_correct,25.024,26.524,,pelvis_tilt,11.084275599178337,1195.40168311121,0.27755459212446787,0.927242763313656,1.646440169999999,11.072015576929235
jung-hee,rd,rd_correct,25.024,26.524,,pelvis_list,0.6600149916045699,32.3547649943046,0.9880931879103014,2.0399313415527884,2.61905178,-0.60698057711898
jung-hee,rd,rd_correct,25.024,26.524,,pelvis_rotation,355.30355794145623,23233.6695002942,0.8982432701933999,1.5292614794961992,2.147763959999992,-355.3035096092548
jung-hee,rd,rd_correct,25.024,26.524,,hip_flexion_r,14.779940355985772,1692.7117044349118,0.12255765002977682,0.8731516605729297,2.461885889999998,14.758013387552058
jung-hee,rd,rd_correct,25.024,26.524,,hip_adduction_r,3.3713012490086034,103.17313991208465,0.9730194402036236,3.2676152454808864,3.15311551,-3.3602036766278043
jung-hee,rd,rd_correct,25.024,26.524,,hip_rotation_r,0.907987495703917,75.99493110588186,0.8822635759632381,1.1948000774404814,1.8804444600000005,-0.83992748088496
jung-hee,rd,rd_correct,25.024,26.524,,knee_angle_r,4.116277740794907,105.19115100463677,0.9692970876155909,3.913140698131029,3.865580780000002,4.100672520254255
jung-hee,rd,rd_correct,25.024,26.524,,ankle_angle_r,3.577078359949063,12.603888367217944,0.9751027881906624,28.38075247677421,23.15623012,2.637357136992832
jung-hee,rd,rd_correct,25.024,26.524,,hip_flexion_l,13.11894932645285,1344.036438514308,0.8449690903417453,0.9760858374460799,3.7526347,13.092501910382586
jung-hee,rd,rd_correct,25.024,26.524,,hip_adduction_l,0.4221184882307838,14.630391743828275,0.9788612052938117,2.8852165794456694,3.0671674899999997,0.3551466367064054
jung-hee,rd,rd_correct,25.024,26.524,,hip_rotation_l,6.139973067706428,268.38156399834327,0.1571292396840838,2.2877775120739408,1.5643754699999999,6.076879810168652
jung-hee,rd,rd_correct,25.024,26.524,,knee_angle_l,1.2461022869809406,134.23570213238685,0.9204431734785459,0.9282942370666794,1.8683472200000004,1.2252291891451397
jung-hee,rd,rd_correct,25.024,26.524,,ankle_angle_l,0.20180638406293389,30.071930962440035,0.8987927247083652,0.6710789018337096,1.2198882399999995,-0.13121603372985205
jung-hee,rd,rd_toes,69.466,70.966,,pelvis_tilt,10.931559809447794,459.51802933911534,0.9904266510505586,2.378918586757021,6.03420637,10.887647657309248
jung-hee,rd,rd_toes,69.466,70.966,,pelvis_list,0.9164044013521823,36.90747862374701,0.9830069633739963,2.482977530636702,4.03649122,-0.7382767264185188
jung-hee,rd,rd_toes,69.466,70.966,,pelvis_rotation,355.1165949355166,22678.88050603318,0.9619955322494639,1.5658471097858921,2.1060010900000066,-355.11656506246857
jung-hee,rd,rd_toes,69.466,70.966,,hip_flexion_r,13.944233992009337,2345.5559183757455,-0.4337228604116449,0.5944959095950892,3.0922954599999954,13.90802753523242
jung-hee,rd,rd_toes,69.466,70.966,,hip_adduction_r,4.278872868096129,167.76708845984615,0.8893083180577926,2.5504840713262102,3.4513941200000002,-4.227727341483328
jung-hee,rd,rd_toes,69.466,70.966,,hip_rotation_r,3.8110860256642076,100.4769943828282,0.8419095074992081,3.792993658969891,3.0600906399999994,-3.767518689289681
jung-hee,rd,rd_toes,69.466,70.966,,knee_angle_r,2.7769933781819875,97.49868145523672,0.9840101481007487,2.848236854830649,6.585850229999998,2.5902520334205326
jung-hee,rd,rd_toes,69.466,70.966,,ankle_angle_r,5.179392058336727,15.419945708564134,0.9817364420186322,33.58891241400498,22.23790323,-3.86482705369595
jung-hee,rd,rd_toes,69.466,70.966,,hip_flexion_l,12.322744432717805,367.55450266078407,0.9953583224097731,3.352630519694779,9.3370646,12.199021799032375
jung-hee,rd,rd_toes,69.466,70.966,,hip_adduction_l,0.36083758134997973,9.882136045799935,0.9748598608945211,3.6514128087048694,4.38332585,0.10115164104113508
jung-hee,rd,rd_toes,69.466,70.966,,hip_rotation_l,5.849616626292134,253.0223592791525,0.07686274020155853,2.311897115716329,1.6064553799999999,5.774448682527179
jung-hee,rd,rd_toes,69.466,70.966,,knee_angle_l,0.5991709324172567,47.964013644177705,0.8751969162223526,1.249209327772738,2.7042057,-0.01780488752172833
jung-hee,rd,rd_toes,69.466,70.966,,ankle_angle_l,0.46393117221447344,38.930296639936756,0.9552744485047023,1.1916969873241303,0.9904535999999986,-0.45165764149682136
jung-hee,rd,rd_supination,115.444,116.944,,pelvis_tilt,10.686717689935323,917.2834139233496,0.9795622153990357,1.165039891458054,2.6750210999999986,10.677523540395608
jung-hee,rd,rd_supination,115.444,116.944,,pelvis_list,2.380448726152513,113.6929459586119,0.9573171319762838,2.0937523485573832,1.89938137,-2.3734057200967342
jung-hee,rd,rd_supination,115.444,116.944,,pelvis_rotation,355.0743410258947,32122.931131970967,0.31588355806784135,1.1053609633788994,0.7801583800000174,-355.0742491548508
jung-hee,rd,rd_supination,115.444,116.944,,hip_flexion_r,14.123036756913105,1075.1870173423815,0.41221937821962756,1.313542344644567,2.6482134199999976,14.099285574512235
jung-hee,rd,rd_supination,115.444,116.944,,hip_adduction_r,6.015654776247426,166.28861453128684,0.9399067336065601,3.617598711254879,3.3354804199999997,-6.0058645505625154
jung-hee,rd,rd_supination,115.444,116.944,,hip_rotation_r,7.243525087523068,327.9162603013957,0.8690988319743219,2.2089557501251598,5.82502389,-7.134788763864968
jung-hee,rd,rd_supination,115.444,116.944,,knee_angle_r,3.9012027996518217,196.10238402435047,0.9095587987082676,1.9893704092691706,3.177738399999999,3.857825041625548
jung-hee,rd,rd_supination,115.444,116.944,,ankle_angle_r,5.61274150375074,15.556257385085075,0.9564551300560087,36.08028181079138,23.82630266,-3.809061802660649
jung-hee,rd,rd_supination,115.444,116.944,,hip_flexion_l,11.753142435019326,732.3878590808706,0.9679180320959947,1.6047702442486198,4.18195446,11.72478409567836
jung-hee,rd,rd_supination,115.444,116.944,,hip_adduction_l,0.593572655033028,25.725434253826034,0.8871531130498512,2.307337746668935,1.9720594200000003,0.4634867291529848
jung-hee,rd,rd_supination,115.444,116.944,,hip_rotation_l,6.194881101183926,381.88527481350957,0.8422783309602763,1.622183810100859,1.1894810399999995,6.188966351558366
jung-hee,rd,rd_supination,115.444,116.944,,knee_angle_l,0.6107000813789722,159.75752484821842,0.8346804413784091,0.382266864712121,1.10482325,-0.5313986212841438
jung-hee,rd,rd_supination,115.444,116.944,,ankle_angle_l,0.0823042649135954,12.162027893646696,0.9601625400667834,0.6767314269735412,1.0622741199999997,0.02015879298833274
jung-hee,rd,rd_pronation,163.919,165.419,,pelvis_tilt,10.21330518627028,1634.288555219231,0.2878506511405124,0.6249389163041785,0.91648598,10.209824714716715
jung-hee,rd,rd_pronation,163.919,165.419,,pelvis_list,3.4169519630960843,237.4841660215741,0.9936203857739181,1.4388125407845815,1.9900051300000001,-3.412358564548619
jung-hee,rd,rd_pronation,163.919,165.419,,pelvis_rotation,353.9229070231867,25771.262293504093,0.9708643843890877,1.3733239101462118,1.335365330000002,-353.92288647470576
jung-hee,rd,rd_pronation,163.919,165.419,,hip_flexion_r,15.341393633059845,2939.0549764217108,-0.17736684128945474,0.5219838946918216,0.8042359299999973,15.339499335164774
jung-hee,rd,rd_pronation,163.919,165.419,,hip_adduction_r,6.606790630724861,187.20071461048383,0.9940325524236931,3.5292550268688236,4.6691935099999995,-6.596303518433873
jung-hee,rd,rd_pronation,163.919,165.419,,hip_rotation_r,2.8214720689968042,97.15728848461161,0.7125089106634735,2.904025125653529,1.6728743000000001,2.7233245715967684
jung-hee,rd,rd_pronation,163.919,165.419,,knee_angle_r,4.132813408184884,79.17086846365888,0.9729533573938184,5.220118824491529,4.374919649999999,4.099519923952666
jung-hee,rd,rd_pronation,163.919,165.419,,ankle_angle_r,14.628454181389204,74.10135702210034,0.962191752787889,19.74114209140103,18.559680909999997,14.484493386097265
jung-hee,rd,rd_pronation,163.919,165.419,,hip_flexion_l,10.308729762096476,1377.5023705637718,0.4423869157608638,0.7483638491219011,1.1121534400000002,10.304672497051131
jung-hee,rd,rd_pronation,163.919,165.419,,hip_adduction_l,1.0204429381543194,124.73326189175195,0.9126304917459163,0.8181000983040889,1.9533286099999998,0.9549422038952785
jung-hee,rd,rd_pronation,163.919,165.419,,hip_rotation_l,7.525628829245817,509.15695965187473,0.7963689856734127,1.4780567537349008,0.6698865700000001,7.515079380131491
jung-hee,rd,rd_pronation,163.919,165.419,,knee_angle_l,1.3030220758736686,226.13224651168545,0.46240714215829326,0.5762212581239865,0.8852226400000003,-1.2878889976763068
jung-hee,rd,rd_pronation,163.919,165.419,,ankle_angle_l,0.17728050594252986,29.274392145841876,0.8041108847652252,0.6055821929942642,0.9784669500000014,0.08418832138183757
jung-hee,rgs,rgs_correct,14.888,16.387999999999998,,pelvis_tilt,7.048577973986553,117.74205783684435,0.6253794558380198,5.986457263855364,7.48693683,6.907750973934502
jung-hee,rgs,rgs_correct,14.888,16.387999999999998,,pelvis_list,3.2434398449235498,45.69549325030044,0.1731439307210293,7.097942519533313,4.42854265,2.46998936295954
jung-hee,rgs,rgs_correct,14.888,16.387999999999998,,pelvis_rotation,3.208954852565486,39.61014331602426,0.974201539936766,8.10134623084614,7.6708037,-3.1410625185021557
jung-hee,rgs,rgs_correct,14.888,16.387999999999998,,hip_flexion_r,7.5683052267187545,20.250515149283423,0.9975094382460519,37.37339603919441,43.986939969999995,-7.206786174241138
jung-hee,rgs,rgs_correct,14.888,16.387999999999998,,hip_adduction_r,3.1407731084554724,128.7587909566992,0.5206942442214808,2.4392688725321254,10.545051990000001,-2.361648143751233
jung-hee,rgs,rgs_correct,14.888,16.387999999999998,,hip_rotation_r,4.2438183700197785,34.98066615315139,0.0510632376533389,12.131896949702472,6.639353790000001,2.821991920769833
jung-hee,rgs,rgs_correct,14.888,16.387999999999998,,knee_angle_r,1.9143269094102764,4.889634774806206,0.9901885222159078,39.150713653989584,40.7663802,0.3363600382860798
jung-hee,rgs,rgs_correct,14.888,16.387999999999998,,ankle_angle_r,4.128463458554518,26.312131608702632,0.6863206890453503,15.690342082315539,18.322570300000002,2.099053294039186
jung-hee,rgs,rgs_correct,14.888,16.387999999999998,,hip_flexion_l,7.199088863033642,41.07936349971267,0.969761427352322,17.524830595498383,23.407773889999998,-7.028546197340013
jung-hee,rgs,rgs_correct,14.888,16.387999999999998,,hip_adduction_l,4.43501754244478,144.35767114485827,-0.4964456125122669,3.0722423735932836,9.8225043,3.344574653460005
jung-hee,rgs,rgs_correct,14.888,16.387999999999998,,hip_rotation_l,4.625839056560298,75.77336535445312,0.5730941399284702,6.104835168560244,6.75673648,4.2922531564390285
jung-hee,rgs,rgs_correct,14.888,16.387999999999998,,knee_angle_l,1.053080757830044,8.538705903971627,0.9547530726838018,12.33302528126917,11.66367736,-0.6279841813042829
jung-hee,rgs,rgs_correct,14.888,16.387999999999998,,ankle_angle_l,1.1203035961442331,6.707268181491939,0.9773251707328757,16.702829912714733,18.2783321,-0.1633891442899427
jung-hee,rgs,rgs_flexion,82.204,83.704,,pelvis_tilt,9.284564092954511,151.59765561881622,0.5831893133885165,6.1244773575522995,9.95289518,8.958472012521604
jung-hee,rgs,rgs_flexion,82.204,83.704,,pelvis_list,4.823619547110544,78.43316051590051,0.6826951126978704,6.149974724189097,7.48214662,4.606012254387106
jung-hee,rgs,rgs_flexion,82.204,83.704,,pelvis_rotation,2.0679271004336286,16.25816899572658,0.8939103760195294,12.719311141231081,11.291119,0.5098246067718234
jung-hee,rgs,rgs_flexion,82.204,83.704,,hip_flexion_r,10.31082109695612,13.146576555542659,0.9941350707480905,78.4297041392805,78.57351489999999,-9.788956142490852
jung-hee,rgs,rgs_flexion,82.204,83.704,,hip_adduction_r,3.181825174698046,105.19753819831554,0.06541470363703479,3.0246194247433396,5.353119540000001,-2.7464239933912507
jung-hee,rgs,rgs_flexion,82.204,83.704,,hip_rotation_r,2.634846347627999,20.88911802099501,0.919272956952777,12.613487773776738,8.76628816,-1.4347509182264837
jung-hee,rgs,rgs_flexion,82.204,83.704,,knee_angle_r,2.39959259871039,3.146520540506411,0.9962601876404801,76.26178084075663,75.99237045000001,-0.5138799300053148
jung-hee,rgs,rgs_flexion,82.204,83.704,,ankle_angle_r,6.628498982584212,18.241765354893356,0.9857171814687371,36.3369380848116,28.175909949999998,5.457926930040522
jung-hee,rgs,rgs_flexion,82.204,83.704,,hip_flexion_l,9.220623704828666,62.62982035432674,0.8701233514318067,14.722417616182202,15.102830240000001,-8.835119724598398
jung-hee,rgs,rgs_flexion,82.204,83.704,,hip_adduction_l,6.022048421608286,142.42948834557777,0.3690678938382809,4.228091030557481,6.27457184,5.761242831271126
jung-hee,rgs,rgs_flexion,82.204,83.704,,hip_rotation_l,12.085697871383513,150.43172680005998,-0.837696564206145,8.034008602086121,5.6293805599999995,11.194348092864525
jung-hee,rgs,rgs_flexion,82.204,83.704,,knee_angle_l,0.9241712791271751,79.63317729505133,0.4257338126391868,1.1605354834744315,2.7825099200000007,-0.5713485238731899
jung-hee,rgs,rgs_flexion,82.204,83.704,,ankle_angle_l,1.052595712549315,7.610030593735866,0.9765121899088848,13.831688316939891,11.31653411,0.07431663339371204
jung-hee,rgs,rgs_abduction,161.157,162.657,,pelvis_tilt,8.009059659285175,158.2658572338047,0.9515638209009891,5.060510080486573,4.90245992,7.990230400798279
jung-hee,rgs,rgs_abduction,161.157,162.657,,pelvis_list,3.0489509567218116,43.13471836484049,0.9189612130066869,7.068438307474936,6.29683651,2.893105745237871
jung-hee,rgs,rgs_abduction,161.157,162.657,,pelvis_rotation,0.7723655239749863,6.304276782663642,0.9884418336395764,12.251453268976737,12.49808248,-0.5148256112540367
jung-hee,rgs,rgs_abduction,161.157,162.657,,hip_flexion_r,8.101830186103568,20.264201015206517,0.9971977290770303,39.98099989248947,41.33360431,-8.015798541204449
jung-hee,rgs,rgs_abduction,161.157,162.657,,hip_adduction_r,3.827649136835369,20.00846981101646,0.9988730063899766,19.130144248851575,19.1695864,-3.8120217121462106
jung-hee,rgs,rgs_abduction,161.157,162.657,,hip_rotation_r,6.996051404960425,43.34094927466506,-0.43499933326202167,16.14189703281364,4.81290145,-2.996747116025909
jung-hee,rgs,rgs_abduction,161.157,162.657,,knee_angle_r,2.366967825178612,9.248002446001559,0.9970020925008862,25.59436850281098,22.69126484,-2.2759228855523075
jung-hee,rgs,rgs_abduction,161.157,162.657,,ankle_angle_r,7.994238704156668,20.98785810451371,0.962178907008087,38.0898263383885,22.32622355,5.224126157027648
jung-hee,rgs,rgs_abduction,161.157,162.657,,hip_flexion_l,7.499906311027934,59.64193341273491,0.9907053384164133,12.57488797206989,11.22495724,-7.474037074436773
jung-hee,rgs,rgs_abduction,161.157,162.657,,hip_adduction_l,5.041314661428337,116.51768919916796,0.4177771353995571,4.3266517694244975,3.1008946699999997,4.893484311283806
jung-hee,rgs,rgs_abduction,161.157,162.657,,hip_rotation_l,7.333083484407236,183.77247372281568,-0.18575290042288786,3.9903056947841593,7.36558641,6.77267603810715
jung-hee,rgs,rgs_abduction,161.157,162.657,,knee_angle_l,0.7333938127585378,17.81885170758922,0.9352174935358051,4.115830945751561,3.6999494700000017,-0.5940964675703131
jung-hee,rgs,rgs_abduction,161.157,162.657,,ankle_angle_l,1.6057716373141018,12.691764631913538,0.947147423452558,12.652075451166002,8.270960929999998,-0.0387190475539182
jung-hee,rgs,rgs_stork,235.729,237.229,,pelvis_tilt,10.507838383221582,158.38658927601122,0.6965490829782933,6.634298037007524,11.467684160000001,10.113675128150325
jung-hee,rgs,rgs_stork,235.729,237.229,,pelvis_list,4.997191079952954,72.11512024285102,0.9149511921458696,6.929463700711696,6.91686206,4.913093415269823
jung-hee,rgs,rgs_stork,235.729,237.229,,pelvis_rotation,3.232068800917999,56.41272881959915,0.2674166603050069,5.729325399687276,6.74313815,2.1659745407501054
jung-hee,rgs,rgs_stork,235.729,237.229,,hip_flexion_r,10.86246289268147,13.896372175522126,0.9974779466572902,78.16761637843322,71.9526206,-10.458639392470547
jung-hee,rgs,rgs_stork,235.729,237.229,,hip_adduction_r,3.220744391513425,60.303516808681266,-0.12183271759793692,5.340889821951094,4.451345239999999,-2.196805299624745
jung-hee,rgs,rgs_stork,235.729,237.229,,hip_rotation_r,2.908143121728019,24.22058480887367,0.8961475467467617,12.006907119197905,6.7539057499999995,-0.41043769900176735
jung-hee,rgs,rgs_stork,235.729,237.229,,knee_angle_r,1.32127349643622,1.7040480932322484,0.9991171184866086,77.5373360460749,76.65997540000001,-0.5993509331004743
jung-hee,rgs,rgs_stork,235.729,237.229,,ankle_angle_r,6.92537289725706,16.966682974921326,0.9966594441588003,40.81748275425163,32.07934667,5.658747898384893
jung-hee,rgs,rgs_stork,235.729,237.229,,hip_flexion_l,10.16281116279453,93.69701067547517,0.8347447006062013,10.8464625386972,14.84751481,-9.709995336135112
jung-hee,rgs,rgs_stork,235.729,237.229,,hip_adduction_l,6.118934405132095,90.32416161971508,0.8123113422090622,6.774415942983426,7.971263700000001,5.944309981798767
jung-hee,rgs,rgs_stork,235.729,237.229,,hip_rotation_l,10.431747940094896,86.39030819324731,0.4850865459703983,12.07513685072175,2.537873490000001,9.65307540587508
jung-hee,rgs,rgs_stork,235.729,237.229,,knee_angle_l,0.7019591655476352,34.847372933183266,0.23919868631796998,2.01438187863854,2.0014672200000003,-0.14986545421104816
jung-hee,rgs,rgs_stork,235.729,237.229,,ankle_angle_l,1.123686007064607,15.62374142046566,0.9654393313647323,7.192169767944842,6.280452729999999,1.003150869052924
katee,ng,ng_v0,5.43,6.93,3.05,pelvis_tilt,6.479484694982272,485.9548284738081,0.7575044902265962,1.3333512325274697,3.815736189999999,6.424758459829349
katee,ng,ng_v0,5.43,6.93,3.05,pelvis_list,0.8844135056895022,90.92718297870749,0.9576847301358994,0.972661284246105,1.0045817699999997,-0.8797905141515457
katee,ng,ng_v0,5.43,6.93,3.05,pelvis_rotation,1.7250877026971012,219.08035720591647,0.5754048432359032,0.7874223525551718,0.49551248999999986,-1.7153670991223255
katee,ng,ng_v0,5.43,6.93,3.05,hip_flexion_r,8.16786562217603,1197.7868038109614,-0.5081293063262147,0.68191314148633,3.211649610000002,-8.103889384638059
katee,ng,ng_v0,5.43,6.93,3.05,hip_adduction_r,1.5526546702187416,239.156467716795,0.9748368790932715,0.6492212755280232,0.7707072399999999,1.5508892775289687
katee,ng,ng_v0,5.43,6.93,3.05,hip_rotation_r,2.4991162006461414,129.51260033518892,-0.12705005404291841,1.9296317070140123,0.66793551,-2.4154733335918697
katee,ng,ng_v0,5.43,6.93,3.05,knee_angle_r,1.6470656855966666,158.98457337319937,0.6054486207468242,1.035990883046467,1.33892239,-1.605762935441403
katee,ng,ng_v0,5.43,6.93,3.05,ankle_angle_r,1.5474650043513907,189.57411326911998,0.8441890831365112,0.8162849756573065,1.2108619900000006,1.5390710990212606
katee,ng,ng_v0,5.43,6.93,3.05,hip_flexion_l,7.862389529241112,771.2973097729822,0.8655158948576543,1.0193720929164485,4.334418310000004,-7.789207199409064
katee,ng,ng_v0,5.43,6.93,3.05,hip_adduction_l,0.20478251426498356,45.69159694730261,0.42815808221417023,0.44818419128831266,0.47108890999999975,0.1663268732954157
katee,ng,ng_v0,5.43,6.93,3.05,hip_rotation_l,3.4671531131172526,117.80121172293639,0.047375486538621586,2.9432236412574895,1.2218747699999994,-3.348961114876766
katee,ng,ng_v0,5.43,6.93,3.05,knee_angle_l,1.621385098354086,59.17425129464245,0.977774680622581,2.740017934964365,3.29682877,-1.6003801235616388
katee,ng,ng_v0,5.43,6.93,3.05,ankle_angle_l,1.414268953211296,53.998649956022014,0.9458345363652029,2.6190820592053976,0.8913147499999998,-1.3152255612874824
katee,ng,ng_v1,36.57,38.07,3.57,pelvis_tilt,2.048039767680329,35.65491989108031,0.6995318019442558,5.744059372273842,6.46682332,1.594200351219166
katee,ng,ng_v1,36.57,38.07,3.57,pelvis_list,4.332145601235994,112.95971367688713,0.5883527026758917,3.835124452977789,15.12362182,0.11785240998494415
katee,ng,ng_v1,36.57,38.07,3.57,pelvis_rotation,2.069832043073643,22.098453728846298,0.9559688277522794,9.366411190896041,12.16082613,-1.4682233789080466
katee,ng,ng_v1,36.57,38.07,3.57,hip_flexion_r,3.135885872368082,9.608050642558453,0.9951539901599229,32.6381072397538,42.56727333,-1.0395351969393456
katee,ng,ng_v1,36.57,38.07,3.57,hip_adduction_r,5.991978529650467,80.95448266065186,0.6001429252250152,7.401663666690176,22.427261369999997,-0.5196488003847205
katee,ng,ng_v1,36.57,38.07,3.57,hip_rotation_r,4.207350574566838,24.201827072135533,0.5099355430048793,17.384433671170708,14.78926522,-0.2596940611627552
katee,ng,ng_v1,36.57,38.07,3.57,knee_angle_r,2.440198853237014,5.309757006594619,0.991409476687866,45.956883718150046,50.346792119999996,0.7611441023040338
katee,ng,ng_v1,36.57,38.07,3.57,ankle_angle_r,3.8449078024458454,14.39127083245269,0.832752983991785,26.71694423105066,16.68709982,-1.2475427620570143
katee,ng,ng_v1,36.57,38.07,3.57,hip_flexion_l,1.7031622909688902,5.257548089854388,0.9892903587550195,32.39461174412312,37.467557670000005,-0.29778671488433467
katee,ng,ng_v1,36.57,38.07,3.57,hip_adduction_l,5.738701857025992,56.72882906632126,0.8628524004495315,10.116023812719487,24.85338106,0.9167200683486935
katee,ng,ng_v1,36.57,38.07,3.57,hip_rotation_l,3.6066324741899387,18.844518924526447,0.6440426412327883,19.138893853617287,11.05579538,-0.5532858155482228
katee,ng,ng_v1,36.57,38.07,3.57,knee_angle_l,2.722995397019385,5.775289796274315,0.9953700683788134,47.14906945061027,48.356830099999996,2.298819739404357
katee,ng,ng_v1,36.57,38.07,3.57,ankle_angle_l,1.9050164021303173,6.6214607371324075,0.9646106516668908,28.77033448899273,22.29489278,-0.5113024436447261
katee,ng,ng_v2,68.29,69.79,4.05,pelvis_tilt,3.1490392513922174,70.79149332069674,0.7163796293546789,4.448330023392172,6.424986290000003,2.971058103760406
katee,ng,ng_v2,68.29,69.79,4.05,pelvis_list,4.0627560457578635,117.85515911318869,0.756511031412591,3.447244971139509,15.40579764,-0.7675291745047199
katee,ng,ng_v2,68.29,69.79,4.05,pelvis_rotation,2.068648886939044,29.531076462417015,0.9574036534153688,7.00498977601351,10.407964849999999,-1.6842269229214513
katee,ng,ng_v2,68.29,69.79,4.05,hip_flexion_r,3.246896181845362,10.346531617537567,0.9942512347157999,31.38149383646411,39.51254854,-2.2995338741431937
katee,ng,ng_v2,68.29,69.79,4.05,hip_adduction_r,5.724817606876755,62.715701705799546,0.7766633558511962,9.128204661939325,25.42486163,0.7028302958817149
katee,ng,ng_v2,68.29,69.79,4.05,hip_rotation_r,4.151590187966612,21.075928484974604,0.7163511710759196,19.698255243778952,16.84318502,1.5347127491366266
katee,ng,ng_v2,68.29,69.79,4.05,knee_angle_r,2.5488036985891895,5.314803918542217,0.9919187300170544,47.95668358896473,48.90097405,1.5654733680239752
katee,ng,ng_v2,68.29,69.79,4.05,ankle_angle_r,3.351418550077102,12.889222668979539,0.9023290912027684,26.001711942978165,18.95876349,-1.6773399261898845
katee,ng,ng_v2,68.29,69.79,4.05,hip_flexion_l,2.4422259433019606,6.641884211494159,0.9954431079728391,36.77007706752173,43.02544606,-1.4524018006638357
katee,ng,ng_v2,68.29,69.79,4.05,hip_adduction_l,5.135443725186537,58.409657524646775,0.8493533233321874,8.792114083222565,24.409731569999998,0.13948709493732336
katee,ng,ng_v2,68.29,69.79,4.05,hip_rotation_l,4.46790081021692,30.814646660256212,0.21300960635449465,14.49927646251249,11.65990982,-0.33564061758903696
katee,ng,ng_v2,68.29,69.79,4.05,knee_angle_l,3.2827375190991996,6.623423947414079,0.9942344958343422,49.56254567368964,52.25265063,2.7621776141086194
katee,ng,ng_v2,68.29,69.79,4.05,ankle_angle_l,2.1391410173118643,6.829264645672476,0.978588883623178,31.32315305231847,25.255336370000002,-1.0074929865534654
katee,gwo,gwo_v0,5.88,7.38,3.04,pelvis_tilt,7.647953898097454,425.0235866036844,-0.4111201623504313,1.7994187003152913,2.8633944100000015,7.5765577321995154
katee,gwo,gwo_v0,5.88,7.38,3.04,pelvis_list,2.511766685582681,210.5383771165648,0.45958678237056194,1.193020825933335,1.05683536,-2.48719964014806
katee,gwo,gwo_v0,5.88,7.38,3.04,pelvis_rotation,0.8447287995755876,34.01581625088136,0.7847902376140345,2.4833412590935557,2.8960233499999997,-0.7171161020310309
katee,gwo,gwo_v0,5.88,7.38,3.04,hip_flexion_r,8.354544665702141,238.36189125330534,0.27308409153009683,3.504983377071728,3.64372659,-8.263151690791291
katee,gwo,gwo_v0,5.88,7.38,3.04,hip_adduction_r,2.6500887383221206,108.31314676605328,0.8321533670366117,2.446691668968011,2.79145545,2.617443453640642
katee,gwo,gwo_v0,5.88,7.38,3.04,hip_rotation_r,4.803138629778744,378.8397441405313,-0.369682492148687,1.267854997810634,1.17154147,4.768780564665221
katee,gwo,gwo_v0,5.88,7.38,3.04,knee_angle_r,0.5644386376818721,133.4174638878621,0.6945421559880597,0.42306203493441075,2.20176998,-0.2939977366661853
katee,gwo,gwo_v0,5.88,7.38,3.04,ankle_angle_r,0.9157770739451562,37.043929650483456,0.882321880670157,2.472138033371966,2.220923619999999,0.884985395455864
katee,gwo,gwo_v0,5.88,7.38,3.04,hip_flexion_l,10.409211450796796,190.05692351761178,0.2610345975795302,5.476891479742498,3.6954495600000037,-10.343388063354363
katee,gwo,gwo_v0,5.88,7.38,3.04,hip_adduction_l,1.1764042227169746,56.99731080148106,0.8662790172667307,2.0639644330139277,2.18639975,-1.1262238659576491
katee,gwo,gwo_v0,5.88,7.38,3.04,hip_rotation_l,3.3740596076526095,91.55251792577965,0.011314375454253034,3.6853815537743184,1.4008557800000005,3.2280167384967884
katee,gwo,gwo_v0,5.88,7.38,3.04,knee_angle_l,3.0934204810518184,24.24167621779098,0.9854588150174564,12.760753230346156,11.907507460000001,-3.063493394341177
katee,gwo,gwo_v0,5.88,7.38,3.04,ankle_angle_l,1.6474004947599579,25.701160136342338,0.9563593057883769,6.409829307395645,3.09213843,-1.417353184822266
katee,gwo,gwo_v1,40.62,42.12,3.57,pelvis_tilt,3.2244771518080237,34.10189593585814,0.8131049210160586,9.45541901210685,8.75111941,2.9331069433852734
katee,gwo,gwo_v1,40.62,42.12,3.57,pelvis_list,4.329451122793173,59.90009335615076,0.24155451369285202,7.2277869369106895,10.55250881,-3.2739198516328956
katee,gwo,gwo_v1,40.62,42.12,3.57,pelvis_rotation,0.8117513603792653,6.82628011894868,0.9815214457453878,11.891562406382523,12.28348556,-0.020523099605762055
katee,gwo,gwo_v1,40.62,42.12,3.57,hip_flexion_r,4.300527141555804,12.76068521647703,0.9509607675243342,33.70138098856022,29.4463604,1.4499773663843798
katee,gwo,gwo_v1,40.62,42.12,3.57,hip_adduction_r,4.558757284573887,84.69771515025403,0.37313182941307443,5.382385199514103,14.66235962,3.178944613922109
katee,gwo,gwo_v1,40.62,42.12,3.57,hip_rotation_r,4.559976863712727,35.872491851142144,0.6516044470857479,12.711625617297457,5.47606282,4.0151901807510875
katee,gwo,gwo_v1,40.62,42.12,3.57,knee_angle_r,7.357126540657368,130.4103338851605,0.9478224670233436,5.641521129097072,26.94796451,4.925358910104692
katee,gwo,gwo_v1,40.62,42.12,3.57,ankle_angle_r,2.050262213524909,7.542544386048585,0.9692350959724064,27.182633718633078,20.35387513,1.0278570734052925
katee,gwo,gwo_v1,40.62,42.12,3.57,hip_flexion_l,2.9715140472378483,7.125370113901554,0.993764491021997,41.70329400069257,46.44695403,-1.3628276449504888
katee,gwo,gwo_v1,40.62,42.12,3.57,hip_adduction_l,4.6111125058800955,58.79009048883255,0.5553208139310355,7.843349903936613,16.24773572,-3.2440038583600312
katee,gwo,gwo_v1,40.62,42.12,3.57,hip_rotation_l,7.425048926701037,31.15081106569389,0.8728991580754519,23.835812528419773,10.63675762,6.491238239206147
katee,gwo,gwo_v1,40.62,42.12,3.57,knee_angle_l,3.1331138756743,6.584838461590619,0.9885583711697902,47.580724932733915,49.60851087,2.368880191330545
katee,gwo,gwo_v1,40.62,42.12,3.57,ankle_angle_l,1.8298647537669035,6.402320922314344,0.9780805204433174,28.58127194763356,24.953879989999997,1.2271076700038515
katee,gwo,gwo_v2,70.46,71.96,4.06,pelvis_tilt,2.462809023415864,23.214160625716413,0.6305591459915565,10.609080651779365,8.083637359999999,1.4275390227501965
katee,gwo,gwo_v2,70.46,71.96,4.06,pelvis_list,4.775492482175068,60.959226369184584,0.4998647532895735,7.833912545499627,10.93329183,-3.792530443667945
katee,gwo,gwo_v2,70.46,71.96,4.06,pelvis_rotation,0.8229118171432889,4.228182554138664,0.9934540767102891,19.46254227688915,20.325652159999997,-0.34274643318621856
katee,gwo,gwo_v2,70.46,71.96,4.06,hip_flexion_r,4.596578709252584,14.554019553632823,0.9583649582924719,31.582881226136823,28.65426041,3.6584511762032372
katee,gwo,gwo_v2,70.46,71.96,4.06,hip_adduction_r,4.898997996284625,59.89049013841884,0.7334731459733694,8.17992637055076,15.17288125,3.4479789595296246
katee,gwo,gwo_v2,70.46,71.96,4.06,hip_rotation_r,4.295559745713745,31.044699906253243,0.7691080342546044,13.836692764578803,11.816649439999999,3.632804506563172
katee,gwo,gwo_v2,70.46,71.96,4.06,knee_angle_r,8.273394727472603,197.9575346681916,0.9328481100343265,4.179378542645589,20.22604227,7.181034022787258
katee,gwo,gwo_v2,70.46,71.96,4.06,ankle_angle_r,2.1056049494013918,8.301612433056873,0.95637149731652,25.363806927638667,19.1601623,1.2930244125891717
katee,gwo,gwo_v2,70.46,71.96,4.06,hip_flexion_l,3.1587950692462616,8.996861490449565,0.9825632839312705,35.1099666544763,43.16100874,0.5668298318801205
katee,gwo,gwo_v2,70.46,71.96,4.06,hip_adduction_l,5.483917257769711,76.17633077382078,0.5500816421006263,7.198977952944864,15.154348950000001,-3.9694525168699912
katee,gwo,gwo_v2,70.46,71.96,4.06,hip_rotation_l,7.783362956384376,42.127804482465486,0.19867768135895963,18.475595991773037,9.03795219,6.081223907559462
katee,gwo,gwo_v2,70.46,71.96,4.06,knee_angle_l,4.126628312302078,8.945040541627531,0.9942065176791536,46.1331426403043,46.967281029999995,3.7589040711464294
katee,gwo,gwo_v2,70.46,71.96,4.06,ankle_angle_l,1.9955851585986268,7.4183405507711475,0.968533593306162,26.900694905293648,22.47981441,1.3742951498871658
katee,rd,rd_correct,48.917,50.417,,pelvis_tilt,9.864677452443955,178.15452719494402,0.9216154638298863,5.537146660129281,6.124781300000002,-9.833746843171165
katee,rd,rd_correct,48.917,50.417,,pelvis_list,1.9346498966935732,82.20597159206697,0.9632092817378611,2.3534177131242258,3.07856937,1.8857922989148337
katee,rd,rd_correct,48.917,50.417,,pelvis_rotation,354.21833520131895,11005.924593930406,0.505741486559926,3.2184332372826248,2.5319516899999996,-354.2174940566476
katee,rd,rd_correct,48.917,50.417,,hip_flexion_r,9.450723749352004,249.70645952606515,0.6572833898581253,3.784733389472253,4.354608280000001,-9.378107329428444
katee,rd,rd_correct,48.917,50.417,,hip_adduction_r,2.3210126906780824,85.20821497998524,0.9651308869390369,2.723930657652282,3.7645118,2.2545071468166853
katee,rd,rd_correct,48.917,50.417,,hip_rotation_r,2.7583344557806075,46.30489365223529,0.739235934432865,5.95689621165441,4.736945369999997,2.466078800054897
katee,rd,rd_correct,48.917,50.417,,knee_angle_r,1.5075368576438177,26.396930703826328,0.9568626249598626,5.711030856421861,7.4668702300000005,1.1290656764986178
katee,rd,rd_correct,48.917,50.417,,ankle_angle_r,6.2391251214711225,24.13142134785059,0.9755821256908844,25.85477677230499,22.66475668,5.755004869657995
katee,rd,rd_correct,48.917,50.417,,hip_flexion_l,12.019514588315399,189.14737351113052,0.9265150439513977,6.3545765215757015,7.7249101499999995,-11.987083218051687
katee,rd,rd_correct,48.917,50.417,,hip_adduction_l,4.164501914824978,136.73757563987235,0.9639279148682056,3.045616316756328,3.73222268,-4.126871613929572
katee,rd,rd_correct,48.917,50.417,,hip_rotation_l,6.122065514972388,125.0531238435951,0.7984049675556055,4.895571839236341,2.55130359,6.046805193365039
katee,rd,rd_correct,48.917,50.417,,knee_angle_l,2.4670512224019165,97.80643953259087,0.916095691861616,2.5223811787769357,2.42840334,-2.4456285681452696
katee,rd,rd_correct,48.917,50.417,,ankle_angle_l,1.9700598385478956,59.49001411174688,0.9544635589542256,3.3115807215095083,1.3886181199999998,1.897612601147332
katee,rd,rd_toes,97.308,98.808,,pelvis_tilt,9.404896132572443,171.00018749885103,0.9899957874604476,5.499933228222709,4.88936992,-9.386462445739722
katee,rd,rd_toes,97.308,98.808,,pelvis_list,2.5719540016069447,122.48536802351144,0.959609140270841,2.099805097628682,2.72838577,2.547588832663728
katee,rd,rd_toes,97.308,98.808,,pelvis_rotation,352.65624874645556,18114.697681528174,0.23554235358456543,1.9467962145791944,1.9392485200000067,-352.65556393526924
katee,rd,rd_toes,97.308,98.808,,hip_flexion_r,8.52297517771481,153.85377531146136,0.9858464047530582,5.53965943342041,4.906621939999999,-8.503480773058413
katee,rd,rd_toes,97.308,98.808,,hip_adduction_r,3.092340828852477,151.8798593079992,0.9745433679154327,2.0360440435893987,2.32269471,3.083230455595411
katee,rd,rd_toes,97.308,98.808,,hip_rotation_r,1.720561513924511,42.736331858164874,-0.2120322360636395,4.02599249658296,1.5616488000000004,-1.1734944710080648
katee,rd,rd_toes,97.308,98.808,,knee_angle_r,1.1731382084091593,45.96367888653784,0.8787145979791638,2.5523157345717946,3.90012709,0.8952131983991367
katee,rd,rd_toes,97.308,98.808,,ankle_angle_r,2.9337758311717885,10.234662082030399,0.9703546769153963,28.665097173289112,21.896318949999998,1.2174604419000885
katee,rd,rd_toes,97.308,98.808,,hip_flexion_l,11.922325289454115,186.0989862880808,0.9920161958775361,6.4064428975439895,6.181050389999996,-11.912159227929166
katee,rd,rd_toes,97.308,98.808,,hip_adduction_l,6.30051699189631,276.16311061869266,0.9789345284606853,2.2814477204363612,2.35268229,-6.297584581057761
katee,rd,rd_toes,97.308,98.808,,hip_rotation_l,4.021857738668559,160.32914403375284,0.834985681036877,2.5085007238745494,2.41610018,3.9895472367757745
katee,rd,rd_toes,97.308,98.808,,knee_angle_l,2.5881347830222117,122.15859150057695,0.9544285929315728,2.118667832716447,2.3218760200000004,-2.576202251911464
katee,rd,rd_toes,97.308,98.808,,ankle_angle_l,1.650694232970254,45.86650579335142,0.9926471475662533,3.5989099331162273,2.5306404700000007,1.5862366946625348
katee,rd,rd_supination,147.473,148.973,,pelvis_tilt,9.275826523195327,485.5274542939914,0.8318546820552482,1.9104638555781293,2.3736542299999996,-9.267142653830378
katee,rd,rd_supination,147.473,148.973,,pelvis_list,2.660210356912959,142.9737509282778,0.952712006266789,1.8606284997359008,1.8045599499999998,2.6528711645867706
katee,rd,rd_supination,147.473,148.973,,pelvis_rotation,351.7313199455091,27108.428695633815,0.1869229566915029,1.2974979992188196,2.0178036800000143,-351.730586307356
katee,rd,rd_supination,147.473,148.973,,hip_flexion_r,9.879079688806849,1197.1336539170131,0.10507927074424249,0.825227797788707,1.92831084,-9.869623986068161
katee,rd,rd_supination,147.473,148.973,,hip_adduction_r,2.278605970598247,84.10851509142006,0.9579421589494617,2.7091263805116066,3.54620073,2.2402434518069585
katee,rd,rd_supination,147.473,148.973,,hip_rotation_r,6.110591967498158,103.06623812773483,0.14804716241592,5.928800816349787,6.09671125,-5.707407158223574
katee,rd,rd_supination,147.473,148.973,,knee_angle_r,1.9202257006042491,77.23270806677897,0.8582141253039429,2.4862856018772943,3.10766499,-1.8475158334483959
katee,rd,rd_supination,147.473,148.973,,ankle_angle_r,2.8041209556554576,10.301470020320872,0.9822393974850221,27.22059036355002,20.9148088,-0.9871754385023258
katee,rd,rd_supination,147.473,148.973,,hip_flexion_l,11.724365593894966,448.11993488877533,0.9393962949351536,2.6163454649267024,3.6981092099999984,-11.717131069838873
katee,rd,rd_supination,147.473,148.973,,hip_adduction_l,7.111250208515322,316.83471523328734,0.988095732411211,2.244466867615585,3.10759741,-7.09694830738055
katee,rd,rd_supination,147.473,148.973,,hip_rotation_l,4.482281324228652,158.5506511529278,-0.5672385168646467,2.827034320978809,2.91902631,4.2311017031914355
katee,rd,rd_supination,147.473,148.973,,knee_angle_l,2.380871992281247,372.7084223130058,0.6879174167382912,0.6388028415096445,1.62682635,-2.3473416360020725
katee,rd,rd_supination,147.473,148.973,,ankle_angle_l,0.32934745718582614,24.31523839964623,0.8353680083680656,1.3544899366095375,0.68896918,0.060684636282372716
katee,rd,rd_pronation,186.39,187.89,,pelvis_tilt,9.335291756345605,187.77475087750955,0.9845317649069532,4.971537287478689,5.309825160000003,-9.330617133544253
katee,rd,rd_pronation,186.39,187.89,,pelvis_list,1.4296681842455539,46.32339930839743,0.9890447199765416,3.086276494364234,3.62528953,1.402071195929139
katee,rd,rd_pronation,186.39,187.89,,pelvis_rotation,353.7573996383445,14068.761468012088,0.727063965366747,2.514488574155422,2.700927010000015,-353.75697847479785
katee,rd,rd_pronation,186.39,187.89,,hip_flexion_r,8.091007814108595,202.54834992958672,0.9486636909183584,3.994605642021437,4.550246959999999,-8.082085041425014
katee,rd,rd_pronation,186.39,187.89,,hip_adduction_r,3.0497178350546177,136.3621007055032,0.9835030309619516,2.2364849318660722,3.2396530400000003,3.0261005243504604
katee,rd,rd_pronation,186.39,187.89,,hip_rotation_r,2.409336160454532,39.39117972984764,0.914058209237044,6.116435651275811,3.9863944400000015,2.3326261414909246
katee,rd,rd_pronation,186.39,187.89,,knee_angle_r,2.3144697095052122,48.76685516814449,0.9495379782673232,4.745989261610356,5.830109779999999,2.2076694274994644
katee,rd,rd_pronation,186.39,187.89,,ankle_angle_r,7.371395776091149,32.72410243960384,0.9898051557244476,22.52589139670346,22.15600656,7.246844089064152
katee,rd,rd_pronation,186.39,187.89,,hip_flexion_l,12.106953068939076,220.36386876578322,0.9886866082590362,5.494073568751471,6.5788509600000005,-12.100909604987208
katee,rd,rd_pronation,186.39,187.89,,hip_adduction_l,4.9742378528828235,170.01049084246006,0.9934946596656214,2.925841710257864,3.31255218,-4.9710155342987585
katee,rd,rd_pronation,186.39,187.89,,hip_rotation_l,4.065299522285884,93.69887782070082,0.9714391514142358,4.338685389664017,2.1190782300000004,3.967827224777588
katee,rd,rd_pronation,186.39,187.89,,knee_angle_l,2.815480213893941,101.93010505878044,0.9831400251855476,2.76216747963747,2.58086963,-2.8035515205811015
katee,rd,rd_pronation,186.39,187.89,,ankle_angle_l,1.3150034878163712,39.065819860796346,0.983563712801694,3.3661228472924343,2.0104357999999998,1.2376994016172456
katee,rgs,rgs_correct,19.536,21.036,,pelvis_tilt,3.9726946217008408,54.00950974582209,0.9139186236872303,7.355546533188349,7.462634489999999,3.8692468263250777
katee,rgs,rgs_correct,19.536,21.036,,pelvis_list,2.3116807678880624,60.82755484051109,0.3443823396718063,3.8003841744900875,7.448919109999999,-0.97832110816916
katee,rgs,rgs_correct,19.536,21.036,,pelvis_rotation,0.9930997227440204,13.30310375239177,0.9843480044241414,7.465173099664584,8.85723397,-0.8884618666745117
katee,rgs,rgs_correct,19.536,21.036,,hip_flexion_r,3.4768482568422683,12.39019283449948,0.995394406347145,28.06129253421519,37.78353505,-1.68871923063832
katee,rgs,rgs_correct,19.536,21.036,,hip_adduction_r,3.0832185182364276,61.338852670088784,0.8974454727554351,5.026534380777431,11.77001473,1.5796346345144128
katee,rgs,rgs_correct,19.536,21.036,,hip_rotation_r,3.896797471043502,72.72118610275525,0.40963121282934856,5.358544985139978,7.643459140000001,3.3381239886113043
katee,rgs,rgs_correct,19.536,21.036,,knee_angle_r,5.139704368028797,16.845474891863006,0.9629105797166946,30.510890319343062,38.27160123,3.7730541829165545
katee,rgs,rgs_correct,19.536,21.036,,ankle_angle_r,5.077799831902595,25.209023250907332,0.928426545443508,20.142786895639972,10.89961298,3.8836051777024747
katee,rgs,rgs_correct,19.536,21.036,,hip_flexion_l,3.2824075725010213,14.44117469834011,0.9951128624498079,22.72950532811092,23.78732566,-3.1560712199516034
katee,rgs,rgs_correct,19.536,21.036,,hip_adduction_l,2.031629551600544,75.56385240937244,-0.04311455102981861,2.6886262238114185,7.35032056,0.17802198468627406
katee,rgs,rgs_correct,19.536,21.036,,hip_rotation_l,3.7132895508931054,53.1966914121567,0.5894518105740467,6.980301692305117,1.6743326099999996,3.152280030456411
katee,rgs,rgs_correct,19.536,21.036,,knee_angle_l,1.75273329729482,11.378660811503812,0.9655243593502038,15.403687009659421,18.431277180000002,0.4977006232051807
katee,rgs,rgs_correct,19.536,21.036,,ankle_angle_l,1.8157697875422407,16.49908368806842,0.9806387147555914,11.00527654669298,7.832817909999999,1.5297709043059837
katee,rgs,rgs_flexion,117.015,118.515,,pelvis_tilt,9.17896633821044,79.56523730035742,0.4691873768392533,11.53640289359032,36.30906048,5.853529146755482
katee,rgs,rgs_flexion,117.015,118.515,,pelvis_list,4.290337910684705,32.01147992489094,0.8480954368803031,13.402497856241554,25.228591,1.4533349228048908
katee,rgs,rgs_flexion,117.015,118.515,,pelvis_rotation,1.5911748990727372,24.245453577258207,0.4942998981570148,6.562776373733136,6.278162290000001,0.5887975803913994
katee,rgs,rgs_flexion,117.015,118.515,,hip_flexion_r,8.75288579003895,19.035747868645764,0.9301114667928958,45.98130764515976,56.23100372,-3.258355908506219
katee,rgs,rgs_flexion,117.015,118.515,,hip_adduction_r,7.41385614791876,57.108076684527866,0.7685919472959892,12.982149948550756,41.081773250000005,-2.490638710706006
katee,rgs,rgs_flexion,117.015,118.515,,hip_rotation_r,34.31658845766505,660.8173697105508,0.2478093623521519,5.193051821972581,132.12273083,12.970545250657512
katee,rgs,rgs_flexion,117.015,118.515,,knee_angle_r,15.90904094017244,27.867414514986105,0.8922378996948146,57.08832777298778,115.91785816000001,-1.2799809005223037
katee,rgs,rgs_flexion,117.015,118.515,,ankle_angle_r,7.514400933104352,22.386723691755105,0.9499633583770666,33.56632724185478,22.340856600000002,5.021734791060478
katee,rgs,rgs_flexion,117.015,118.515,,hip_flexion_l,11.776698183295752,92.3149417091245,0.4007585486832275,12.75708781835447,52.97565873,-4.603741073648746
katee,rgs,rgs_flexion,117.015,118.515,,hip_adduction_l,3.5343991921659947,36.8323355114494,0.8909650248107566,9.595913870482963,14.89162724,2.75382657164717
katee,rgs,rgs_flexion,117.015,118.515,,hip_rotation_l,7.739618142835435,64.75872812398266,-0.21575209502177478,11.951467187585413,8.80385191,6.897384492960904
katee,rgs,rgs_flexion,117.015,118.515,,knee_angle_l,4.08540225074894,41.37127642443758,0.7166617837769254,9.874972695635119,21.965323820000002,1.4281371521138433
katee,rgs,rgs_flexion,117.015,118.515,,ankle_angle_l,2.869921556885235,21.39807453156612,0.716110771114968,13.412055148474082,11.14530108,1.7183927675851778
katee,rgs,rgs_abduction,215.945,217.445,,pelvis_tilt,7.3854324479792846,77.09294472188012,0.970466273370935,9.579907051965534,8.419415760000001,7.350938489758006
katee,rgs,rgs_abduction,215.945,217.445,,pelvis_list,2.5260452365360164,12.76392645504267,0.9892030575371031,19.790502910160896,26.93836022,0.05174004819451569
katee,rgs,rgs_abduction,215.945,217.445,,pelvis_rotation,3.451401942845079,26.33778386188131,0.9264339702738058,13.104374919866721,8.14532899,2.349384569434239
katee,rgs,rgs_abduction,215.945,217.445,,hip_flexion_r,7.60259843893862,38.92402599148364,0.9912040659671114,19.53189128124112,19.847353090000002,-7.519724924421975
katee,rgs,rgs_abduction,215.945,217.445,,hip_adduction_r,3.017768349173625,22.479915716745253,0.7833765021634137,13.424286759783953,17.03001252,-0.7039016738247701
katee,rgs,rgs_abduction,215.945,217.445,,hip_rotation_r,3.0976419692990955,17.977738330935132,0.9230911686563952,17.230431950212775,15.09878733,2.360475017996095
katee,rgs,rgs_abduction,215.945,217.445,,knee_angle_r,4.39462086616963,48.3076946472968,0.977584463736769,9.097144664541643,10.16378878,-4.348673148288338
katee,rgs,rgs_abduction,215.945,217.445,,ankle_angle_r,7.8560891018776795,21.738160631643595,0.965607555190068,36.13962209130888,26.233705190000002,6.24168476682128
katee,rgs,rgs_abduction,215.945,217.445,,hip_flexion_l,7.355803744578917,42.14395423413339,0.9931935843263487,17.453995189234703,15.100534620000001,-7.317729355872097
katee,rgs,rgs_abduction,215.945,217.445,,hip_adduction_l,3.8302799649455244,31.634251640200766,0.8986324611197242,12.108015098666058,18.33763781,2.4620976563166552
katee,rgs,rgs_abduction,215.945,217.445,,hip_rotation_l,6.785292973518577,147.90728863494255,0.824411621869255,4.5875311731700394,4.43382267,6.713772425334595
katee,rgs,rgs_abduction,215.945,217.445,,knee_angle_l,0.8108576858994324,14.7073479727408,0.8961176373321883,5.513282798518871,5.557724780000001,0.15047970550324902
katee,rgs,rgs_abduction,215.945,217.445,,ankle_angle_l,1.324729233736444,10.50715933477223,0.9708206073936729,12.607872323325351,11.74999198,0.9664863063599821
katee,rgs,rgs_stork,286.172,287.672,,pelvis_tilt,7.5975048192738095,79.96905596872112,0.8435209682702964,9.500555842806843,11.07374409,7.423703040081153
katee,rgs,rgs_stork,286.172,287.672,,pelvis_list,1.4194789875660878,13.324022972065979,0.9885480167028363,10.65353152379013,14.65244605,-0.18568961430507586
katee,rgs,rgs_stork,286.172,287.672,,pelvis_rotation,2.2813841071179253,23.61425109429871,0.9780865787858132,9.66104789013923,5.61642767,1.8763082269014917
katee,rgs,rgs_stork,286.172,287.672,,hip_flexion_r,5.901702462666718,9.69779847223987,0.9983510366717477,60.85610543011852,71.14823773,-4.149480296084366
katee,rgs,rgs_stork,286.172,287.672,,hip_adduction_r,1.8892062086769432,11.618242476951082,0.9897345737762954,16.260688416727884,21.29314998,-0.6303507158004428
katee,rgs,rgs_stork,286.172,287.672,,hip_rotation_r,7.16594721611025,75.77757348905321,0.20752058969672044,9.456554078160657,5.28827171,6.557881161394911
katee,rgs,rgs_stork,286.172,287.672,,knee_angle_r,8.756387041533618,11.091516081434714,0.9990522926919244,78.94671005517722,96.25571049000001,5.481179792166954
katee,rgs,rgs_stork,286.172,287.672,,ankle_angle_r,9.421413002043753,25.70743619343184,0.9786410870239876,36.64859043567671,25.14714561,7.251517608863018
katee,rgs,rgs_stork,286.172,287.672,,hip_flexion_l,6.629051661789162,57.489785997641754,0.8274558565332976,11.530833776387839,9.999457569999999,-6.294345917736736
katee,rgs,rgs_stork,286.172,287.672,,hip_adduction_l,2.4022497214438,45.16220915293981,0.8209472656417184,5.319159019233733,8.096195400000001,1.641196559142096
katee,rgs,rgs_stork,286.172,287.672,,hip_rotation_l,11.419024145875715,124.85660756351567,-0.045955190389199166,9.145710722651788,2.9001490499999996,10.983950597857486
katee,rgs,rgs_stork,286.172,287.672,,knee_angle_l,2.7549284163361754,37.605411598880906,0.9527056818469493,7.325882896115299,7.768324510000001,2.648484214283065
katee,rgs,rgs_stork,286.172,287.672,,ankle_angle_l,2.4692391551765662,60.71920103594892,0.930758484422402,4.066652908879101,5.93385339,2.3086533373750617
latifah,ng,ng_v0,9.42,10.92,3.58,pelvis_tilt,3.203891793755309,50.255344634743906,0.7101332906570071,6.3752259924615196,14.03844172,-1.7049700783444235
latifah,ng,ng_v0,9.42,10.92,3.58,pelvis_list,6.437624023814452,154.0277570851744,0.471315146685236,4.179522019693223,21.30842328,-2.052104598164085
latifah,ng,ng_v0,9.42,10.92,3.58,pelvis_rotation,2.5806522784114247,27.258812270290466,0.9701766116365336,9.467222022817525,15.3250157,1.423986233897221
latifah,ng,ng_v0,9.42,10.92,3.58,hip_flexion_r,2.635581805453173,5.94639066199656,0.9819060733440733,44.32237899028737,45.20772217,-0.04299447676279587
latifah,ng,ng_v0,9.42,10.92,3.58,hip_adduction_r,8.153678910866878,58.590404586163224,0.9149474379462867,13.916406565986506,37.98222861,0.7315172345662047
latifah,ng,ng_v0,9.42,10.92,3.58,hip_rotation_r,2.9834818347018626,16.810957681403394,0.7700956542789723,17.747244929432235,10.264052020000001,-1.006683225469522
latifah,ng,ng_v0,9.42,10.92,3.58,knee_angle_r,1.8578360420386806,3.0463551611367903,0.9977291878194211,60.985536609113,62.672535,1.2751801105308374
latifah,ng,ng_v0,9.42,10.92,3.58,ankle_angle_r,5.775760071250226,22.910901046597584,0.7724444965271142,25.20965919019568,28.92349432,3.4218469637258706
latifah,ng,ng_v0,9.42,10.92,3.58,hip_flexion_l,4.825494168514269,11.547308451301772,0.9870912742014842,41.78890854838361,56.5458254,0.2454910422336233
latifah,ng,ng_v0,9.42,10.92,3.58,hip_adduction_l,8.322642382547253,55.49754852755764,0.9227800962376028,14.996414442368739,36.95595618,-3.3883664898101244
latifah,ng,ng_v0,9.42,10.92,3.58,hip_rotation_l,2.165299079381548,18.64978820264843,0.8444295905033695,11.610314582950906,13.985224299999999,-0.23886435647626897
latifah,ng,ng_v0,9.42,10.92,3.58,knee_angle_l,2.9726575176831553,5.087445891596239,0.9964938353241473,58.431236047022665,66.3279762,0.5765258877250891
latifah,ng,ng_v0,9.42,10.92,3.58,ankle_angle_l,4.804481234826157,13.289704364236629,0.9672136986467893,36.15190453562907,28.30314825,4.133434177959576
latifah,ng,ng_v1,84.35,85.85,4.08,pelvis_tilt,1.588401881214918,27.594425810153584,0.7912398730040268,5.75624182993673,9.207094990000002,-1.0156606186965633
latifah,ng,ng_v1,84.35,85.85,4.08,pelvis_list,7.337850746502324,116.55594816909374,0.5982439871781643,6.295560940276445,25.399498440000002,-2.316607508803801
latifah,ng,ng_v1,84.35,85.85,4.08,pelvis_rotation,2.7509990244410485,28.292348782235894,0.9533720186784953,9.723473457842909,16.09964232,1.2637905796821516
latifah,ng,ng_v1,84.35,85.85,4.08,hip_flexion_r,2.7323770058520087,6.0766390406205435,0.9879343517915313,44.96526760248342,48.08070807,-1.2194871533922205
latifah,ng,ng_v1,84.35,85.85,4.08,hip_adduction_r,9.502094327796167,56.89675902185402,0.9109521610193414,16.700589789563264,42.750441089999995,1.4458765352731764
latifah,ng,ng_v1,84.35,85.85,4.08,hip_rotation_r,3.9880624921584116,25.839811712436834,0.6062783473540838,15.433790836172914,7.853850039999999,-0.04384093030716586
latifah,ng,ng_v1,84.35,85.85,4.08,knee_angle_r,1.815689162561012,3.1221597872539792,0.9982607774911912,58.15490834176549,63.259206840000004,0.2862949699208715
latifah,ng,ng_v1,84.35,85.85,4.08,ankle_angle_r,3.8446803104605625,13.316676477557285,0.8494250467712842,28.871170047121268,26.89013681,-0.9530041338606008
latifah,ng,ng_v1,84.35,85.85,4.08,hip_flexion_l,3.352664249144378,7.3862788708266445,0.9896444830274753,45.3904368867833,53.42802697,1.3168212484527566
latifah,ng,ng_v1,84.35,85.85,4.08,hip_adduction_l,9.724087727667408,60.08459245824527,0.9400525950518114,16.183995480080842,39.68866678,-4.51276874208875
latifah,ng,ng_v1,84.35,85.85,4.08,hip_rotation_l,3.046750698561431,21.278310648055577,0.7798696288811857,14.318574199591568,11.746612690000001,1.5031902762134617
latifah,ng,ng_v1,84.35,85.85,4.08,knee_angle_l,4.779058479008832,7.64168118672244,0.996738339784569,62.53935962825213,65.95134788,4.176617089325966
latifah,ng,ng_v1,84.35,85.85,4.08,ankle_angle_l,4.711322888818283,11.237325564498022,0.9619839868533998,41.92565981805067,32.656135219999996,3.9169437933486573
latifah,ng,ng_v2,148.16,149.66,4.6,pelvis_tilt,2.1120793122826154,28.22668410238008,0.607630438346475,7.482562615651069,9.706157159999998,-0.2919242012848624
latifah,ng,ng_v2,148.16,149.66,4.6,pelvis_list,6.728317301514109,101.56975585425731,0.6567069423815644,6.62433147045129,25.961965300000003,-0.44569610855748953
latifah,ng,ng_v2,148.16,149.66,4.6,pelvis_rotation,2.4166917352973956,19.838981352830793,0.9485989850102227,12.181531361500886,17.99938032,0.7972001100112719
latifah,ng,ng_v2,148.16,149.66,4.6,hip_flexion_r,3.424942146823242,6.865234001639737,0.9830777047032787,49.88820695704191,51.45787611,-1.5905735533793157
latifah,ng,ng_v2,148.16,149.66,4.6,hip_adduction_r,9.171630262708028,53.97234181863099,0.9094298912807787,16.993204211016884,42.950567819999996,-1.136238701930442
latifah,ng,ng_v2,148.16,149.66,4.6,hip_rotation_r,2.929956877899257,15.112349888575721,0.9101281467800435,19.387831141430738,13.14564553,1.2916310576786016
latifah,ng,ng_v2,148.16,149.66,4.6,knee_angle_r,2.0056271208517487,3.2238072927887678,0.9984787356441648,62.21299658134258,66.34372442,0.04411179225743917
latifah,ng,ng_v2,148.16,149.66,4.6,ankle_angle_r,4.1316472531124795,12.818944294444362,0.8937295619901249,32.23079185158099,30.61787047,-1.0227007560127956
latifah,ng,ng_v2,148.16,149.66,4.6,hip_flexion_l,4.4755845482481265,9.134851874709927,0.9756450908721767,48.994604506274456,57.0133813,-0.06733638704158933
latifah,ng,ng_v2,148.16,149.66,4.6,hip_adduction_l,8.45478076193893,59.418932745172185,0.8940273597430529,14.229102360688033,39.17141884,-2.0894750587645645
latifah,ng,ng_v2,148.16,149.66,4.6,hip_rotation_l,3.319556246840966,18.978248288490434,0.815273686009583,17.49137326259003,13.31434474,2.2137398659019114
latifah,ng,ng_v2,148.16,149.66,4.6,knee_angle_l,4.57191705686011,6.834408404641222,0.9944208724222857,66.89557875639007,71.68244052,3.678885127895773
latifah,ng,ng_v2,148.16,149.66,4.6,ankle_angle_l,4.981600850521516,12.0260335025502,0.9468622325774182,41.42347391153645,31.489162410000002,3.977280179640565
latifah,gwo,gwo_v0,17.19,18.69,3.57,pelvis_tilt,3.904890843920006,39.350204988275586,0.76221333577106,9.92343202553448,15.667028679999998,-3.0270678136109685
latifah,gwo,gwo_v0,17.19,18.69,3.57,pelvis_list,5.768692751926738,62.670178030319725,-0.4024040751667192,9.204845004805723,11.19634778,-3.2468360341985516
latifah,gwo,gwo_v0,17.19,18.69,3.57,pelvis_rotation,3.528949424209819,25.15879160794428,0.9790322659540636,14.026704776613748,16.98312622,3.2757277937626443
latifah,gwo,gwo_v0,17.19,18.69,3.57,hip_flexion_r,5.032151373293132,14.760286396705041,0.9522197364870368,34.092504969391825,28.17578435,3.7710372779062773
latifah,gwo,gwo_v0,17.19,18.69,3.57,hip_adduction_r,7.032297058336952,76.36182962756804,0.7130517565941127,9.209178319370915,26.73480626,2.146180056222167
latifah,gwo,gwo_v0,17.19,18.69,3.57,hip_rotation_r,4.9776900878010215,21.23377919674625,0.7518012175552768,23.442318212312273,16.48281909,3.3551501675490543
latifah,gwo,gwo_v0,17.19,18.69,3.57,knee_angle_r,2.3407102532736577,19.204724734007847,0.9319545230904032,12.188199964817581,14.05202427,1.885588380870164
latifah,gwo,gwo_v0,17.19,18.69,3.57,ankle_angle_r,2.6692282330688144,12.248656734074602,0.8265174980505903,21.79200781783095,16.36205178,-0.1419575983798157
latifah,gwo,gwo_v0,17.19,18.69,3.57,hip_flexion_l,4.9516085560921805,11.067622097407128,0.9904128757131753,44.73958825583881,56.30761311,2.6510313764858116
latifah,gwo,gwo_v0,17.19,18.69,3.57,hip_adduction_l,8.475606430916228,89.19472634720034,0.6110012504633803,9.502362727056298,21.91394846,-6.361760239338653
latifah,gwo,gwo_v0,17.19,18.69,3.57,hip_rotation_l,3.289050364057323,24.643138483874758,0.5314804020687215,13.346718666575338,10.232845150000001,0.9918239668662089
latifah,gwo,gwo_v0,17.19,18.69,3.57,knee_angle_l,3.5728256031766485,6.538402528982272,0.994668187305947,54.64370826573709,60.04127952,2.2760122089999557
latifah,gwo,gwo_v0,17.19,18.69,3.57,ankle_angle_l,4.827232520485715,15.44337009027318,0.9478370780149352,31.25763672222094,24.59694493,4.25952147972763
latifah,gwo,gwo_v1,86.88,88.38,4.09,pelvis_tilt,3.7429892036507155,31.566340493216817,0.7307914023268957,11.85753288207429,15.281283209999998,-2.7941602941933654
latifah,gwo,gwo_v1,86.88,88.38,4.09,pelvis_list,6.198562368524227,84.47349849819304,-0.5447622721381182,7.337878125950732,11.93149324,-4.108712344687446
latifah,gwo,gwo_v1,86.88,88.38,4.09,pelvis_rotation,3.9004331102947787,21.113090148880804,0.9860066934239211,18.474003960531277,20.8781606,3.7168608958365685
latifah,gwo,gwo_v1,86.88,88.38,4.09,hip_flexion_r,4.308320321175044,12.388185611621623,0.9512973961899122,34.77765393774304,27.375697180000003,2.6972429378923155
latifah,gwo,gwo_v1,86.88,88.38,4.09,hip_adduction_r,7.3752295915910295,68.92357093916861,0.9313429049194946,10.70059123619748,25.16693183,4.44007495742253
latifah,gwo,gwo_v1,86.88,88.38,4.09,hip_rotation_r,4.070431683211341,23.0057009004317,0.41896299159637396,17.693143542238086,10.19432075,1.1868171091272124
latifah,gwo,gwo_v1,86.88,88.38,4.09,knee_angle_r,1.9569003806960754,18.189659146318267,0.8153049408782768,10.758312538760066,13.5717017,-0.06171632349554872
latifah,gwo,gwo_v1,86.88,88.38,4.09,ankle_angle_r,9.09622728125844,56.38076505249147,0.6654311002277676,16.133564829760104,15.99966106,-8.657867556804154
latifah,gwo,gwo_v1,86.88,88.38,4.09,hip_flexion_l,4.6157053378728214,9.430053535891862,0.9903122485012259,48.94675645588776,59.336428979999994,1.6714761512084848
latifah,gwo,gwo_v1,86.88,88.38,4.09,hip_adduction_l,9.33217439351443,62.41147737024614,0.8412350878262458,14.952657406510014,26.746380180000003,-7.627290088523787
latifah,gwo,gwo_v1,86.88,88.38,4.09,hip_rotation_l,4.127292537098949,23.068575588694607,0.42537339363208626,17.891406087169262,6.9589015000000005,1.1501110452848062
latifah,gwo,gwo_v1,86.88,88.38,4.09,knee_angle_l,3.6182379649502208,5.739763611116074,0.9948579949069221,63.038100697088964,65.16229442,2.6714240269576384
latifah,gwo,gwo_v1,86.88,88.38,4.09,ankle_angle_l,3.5364948349473484,10.579370025526169,0.9595354909647796,33.42821761989991,25.043745379999997,2.117789844209592
latifah,gwo,gwo_v2,148.26,149.76,4.61,pelvis_tilt,3.5982920046966016,30.80841182993106,0.7508884097051092,11.67957642399723,13.05752472,-2.6774191583463094
latifah,gwo,gwo_v2,148.26,149.76,4.61,pelvis_list,4.949299790395554,82.423694110379,-0.6480316183602057,6.004705132200967,11.84640287,-2.326514999574748
latifah,gwo,gwo_v2,148.26,149.76,4.61,pelvis_rotation,3.724827219048089,23.712624289604072,0.9805510178213542,15.708203248853827,19.03328066,3.5437665496315436
latifah,gwo,gwo_v2,148.26,149.76,4.61,hip_flexion_r,4.515215374788088,12.234666644118532,0.9691857111584791,36.90509521939978,31.78727045,2.9412733135180678
latifah,gwo,gwo_v2,148.26,149.76,4.61,hip_adduction_r,5.989832759696986,51.432169842625285,0.9188054387765229,11.646082166132548,25.94982103,2.1728324263598497
latifah,gwo,gwo_v2,148.26,149.76,4.61,hip_rotation_r,3.2335518655297344,15.439638932728053,0.8777920398970387,20.943183189831196,17.93114858,1.2000764466456433
latifah,gwo,gwo_v2,148.26,149.76,4.61,knee_angle_r,2.8334127627372463,20.844231452063752,0.8165189467544398,13.593270489503775,18.45659924,-0.1930477779551053
latifah,gwo,gwo_v2,148.26,149.76,4.61,ankle_angle_r,9.400761557253459,51.09474077948701,0.5141161122974462,18.39868725007326,14.66302469,-8.679800226501662
latifah,gwo,gwo_v2,148.26,149.76,4.61,hip_flexion_l,4.580687736142635,9.274129038204732,0.9888485697492647,49.39210698139429,58.55272477,1.90984520511946
latifah,gwo,gwo_v2,148.26,149.76,4.61,hip_adduction_l,7.588836420068502,56.91040058830793,0.7778637152549399,13.334709194838466,24.43739504,-5.852238231451596
latifah,gwo,gwo_v2,148.26,149.76,4.61,hip_rotation_l,3.6162473052457558,21.487511081172084,0.5934134834520397,16.829530845079613,9.21289322,1.009936076386638
latifah,gwo,gwo_v2,148.26,149.76,4.61,knee_angle_l,4.47244154276957,7.900243836507714,0.9909687562472825,56.611436752142104,60.43977873000001,3.7987176768498667
latifah,gwo,gwo_v2,148.26,149.76,4.61,ankle_angle_l,3.8029263403217413,10.418606454783532,0.946257248413551,36.50129560825949,28.80605973,2.6708121572857193
latifah,rd,rd_correct,39.703,41.203,,pelvis_tilt,3.480664240862989,110.22178596769187,0.8864510666330336,3.1578732011140143,6.659980340000001,3.2499623990970226
latifah,rd,rd_correct,39.703,41.203,,pelvis_list,1.1984945200565955,59.74866221592634,0.8473434696898979,2.0058934804688064,5.272802209999999,0.6503564964277979
latifah,rd,rd_correct,39.703,41.203,,pelvis_rotation,355.6877954267727,10048.86670859726,0.9800294784577376,3.5395811860303183,3.839651559999993,-355.6877190880142
latifah,rd,rd_correct,39.703,41.203,,hip_flexion_r,3.929848920288024,102.20461506722029,0.7373507936068857,3.845079713575899,7.8876064700000015,3.698310951867302
latifah,rd,rd_correct,39.703,41.203,,hip_adduction_r,3.7523578979079524,164.59037384187897,0.38133757410121716,2.2798161340303054,5.30366506,-3.5388949667776606
latifah,rd,rd_correct,39.703,41.203,,hip_rotation_r,2.693589250277677,54.43721595497334,-0.8245717574743675,4.948065772697902,3.574315200000001,1.310490102734311
latifah,rd,rd_correct,39.703,41.203,,knee_angle_r,1.9163010531809492,10.690987131862412,0.9964554945897078,17.924453837099716,21.15011172,1.4643696062440268
latifah,rd,rd_correct,39.703,41.203,,ankle_angle_r,8.282211802176025,72.57928246552167,0.9935018038795663,11.411261617404993,11.34170117,8.264356491996557
latifah,rd,rd_correct,39.703,41.203,,hip_flexion_l,3.3086303088390556,68.9757187887072,0.8968365643805477,4.796804392824608,9.52751563,2.841095779360321
latifah,rd,rd_correct,39.703,41.203,,hip_adduction_l,2.008444464500743,138.85248716283445,0.6993044768639032,1.4464591204228192,5.750769950000002,-1.571759300404469
latifah,rd,rd_correct,39.703,41.203,,hip_rotation_l,8.689747707128483,138.39778271491755,0.9393270129800939,6.278820033575463,6.69421054,8.65653625249818
latifah,rd,rd_correct,39.703,41.203,,knee_angle_l,0.6249858180993257,15.539083678611181,0.9462759757987835,4.022024921325247,4.59557909,0.42960970858400227
latifah,rd,rd_correct,39.703,41.203,,ankle_angle_l,1.0309961947675754,49.96471747128627,0.9695396702125397,2.063448463128143,3.5787552,0.9695049846819253
latifah,rd,rd_toes,77.509,79.009,,pelvis_tilt,0.6330620352323154,89.31773089706296,0.062403649893191825,0.7087753225190055,2.77768214,0.057012999146315434
latifah,rd,rd_toes,77.509,79.009,,pelvis_list,0.49669601260466284,69.70890490563202,0.8266317794456103,0.7125287842020498,1.8405307400000002,0.34950901346221075
latifah,rd,rd_toes,77.509,79.009,,pelvis_rotation,356.06347528777883,41038.55186778031,0.6702779492444423,0.8676316757836844,0.5805303699999911,-356.06341507062814
latifah,rd,rd_toes,77.509,79.009,,hip_flexion_r,1.8748588937316004,126.76436210303062,0.3301530265571068,1.479011026938128,3.95176893,1.674790362883439
latifah,rd,rd_toes,77.509,79.009,,hip_adduction_r,4.887998491493213,224.42844112097765,0.9459995470230164,2.1779764040059204,3.259689739999999,-4.8735628738198065
latifah,rd,rd_toes,77.509,79.009,,hip_rotation_r,3.42951449978899,158.4747928491617,-0.4431901265159708,2.164075710799789,6.63976516,2.8364379725453923
latifah,rd,rd_toes,77.509,79.009,,knee_angle_r,2.5553688091468527,146.00878517657637,0.922967846868438,1.7501472983673594,2.216584349999998,2.541026907777148
latifah,rd,rd_toes,77.509,79.009,,ankle_angle_r,4.6742857668663795,22.05365828861575,0.9601259435385833,21.195058460116243,13.77714821,3.4330685570774926
latifah,rd,rd_toes,77.509,79.009,,hip_flexion_l,1.5864822257253743,126.67620700968578,0.27674749692719414,1.2523916394213401,3.4860011900000014,-1.3549476561313345
latifah,rd,rd_toes,77.509,79.009,,hip_adduction_l,1.2653751289790633,239.32455554463766,0.6999221704519651,0.5287276627755197,2.304713249999999,-1.149993606091706
latifah,rd,rd_toes,77.509,79.009,,hip_rotation_l,7.951547767030874,622.7266630615,0.15260455373058293,1.2768921324066682,2.9867826199999996,7.908882428123748
latifah,rd,rd_toes,77.509,79.009,,knee_angle_l,0.7474678556236233,114.42362243017945,0.6244600448665555,0.65324610403741,1.6131183999999994,-0.6488731704056468
latifah,rd,rd_toes,77.509,79.009,,ankle_angle_l,0.38296019059790054,52.86932980172332,0.4762856227202151,0.7243522700857419,1.9711862999999994,0.07960355827585627
latifah,rd,rd_supination,127.598,129.098,,pelvis_tilt,0.2484534374394339,135.56927145723301,0.6974615437753076,0.18326677924046497,0.76643963,-0.20709951082318587
latifah,rd,rd_supination,127.598,129.098,,pelvis_list,0.618927017351594,323.1547784245455,0.7580542256783706,0.19152649401287114,0.6203025699999998,0.6141800535855161
latifah,rd,rd_supination,127.598,129.098,,pelvis_rotation,356.57848180326044,82520.50242556688,0.6389228354572406,0.43210895634680924,0.9135807600000021,-356.57844886106307
latifah,rd,rd_supination,127.598,129.098,,hip_flexion_r,0.5704519402562903,41.421978613050356,0.7933590197820803,1.3771721181772918,0.9027369499999978,0.531132394768796
latifah,rd,rd_supination,127.598,129.098,,hip_adduction_r,6.142156646542628,160.2776421357942,0.9968752681436871,3.8321980313004147,4.505422900000001,-6.137838921436647
latifah,rd,rd_supination,127.598,129.098,,hip_rotation_r,1.2069619143420098,20.113598480717663,0.9808784525566556,6.000725904412828,9.022954339999998,0.5811033863902485
latifah,rd,rd_supination,127.598,129.098,,knee_angle_r,0.9906788396541889,178.43827654035303,0.2248166126999854,0.5551941314733284,1.2162935599999969,0.9388736910758112
latifah,rd,rd_supination,127.598,129.098,,ankle_angle_r,6.987933242096566,122.99030839697214,-0.33317114869394276,5.681694218980103,0.9536557800000003,6.725815126479362
latifah,rd,rd_supination,127.598,129.098,,hip_flexion_l,1.7722010011810847,325.7449711658344,0.7205727147918402,0.5440455442300198,0.9590578100000009,-1.7665380606454382
latifah,rd,rd_supination,127.598,129.098,,hip_adduction_l,1.5260660481125012,624.1935025825626,0.7819159127435774,0.24448605148860025,0.720060179999999,-1.52328442049363
latifah,rd,rd_supination,127.598,129.098,,hip_rotation_l,6.495631514478614,1288.1215525251107,0.9071289160370356,0.504271627296756,2.89887025,6.455486567718136
latifah,rd,rd_supination,127.598,129.098,,knee_angle_l,1.12625989337438,1415.354353212232,0.37964704522234183,0.0795744112291219,0.6729774900000001,-1.114463556490232
latifah,rd,rd_supination,127.598,129.098,,ankle_angle_l,1.6549903490942235,120.72569065209981,-0.1206473738776206,1.3708684043593315,1.2130398299999996,1.568313632125192
latifah,rd,rd_pronation,185.522,187.022,,pelvis_tilt,1.210634017384163,234.3695597913052,-0.07712029039200172,0.5165491706611449,1.2188349600000001,-1.1561286958543757
latifah,rd,rd_pronation,185.522,187.022,,pelvis_list,0.6171894481521111,233.57550845851708,0.43773738141171836,0.26423551519817146,0.56844714,0.6006606781432744
latifah,rd,rd_pronation,185.522,187.022,,pelvis_rotation,356.5160772834603,13296.589834742545,0.9977702431431211,2.6812594937080974,3.3872234600000013,-356.5160413957673
latifah,rd,rd_pronation,185.522,187.022,,hip_flexion_r,0.4405587700281917,44.85518640071875,0.42181887716904154,0.9821802234693919,1.4523486100000014,0.04675417876732939
latifah,rd,rd_pronation,185.522,187.022,,hip_adduction_r,4.349378919811943,333.19474088212394,0.9057319193348424,1.305356413578762,2.2605915700000008,-4.335429942951471
latifah,rd,rd_pronation,185.522,187.022,,hip_rotation_r,3.1359275401642273,55.93996401702189,-0.0799840482405389,5.605880510058963,1.7992335599999976,2.7161158314356557
latifah,rd,rd_pronation,185.522,187.022,,knee_angle_r,1.7351668015942727,85.37758623477747,0.9638710636578806,2.0323446446738203,3.6157536199999996,1.6696163401695814
latifah,rd,rd_pronation,185.522,187.022,,ankle_angle_r,7.3717103918961016,58.23996624656388,0.9759322173331766,12.657477102042497,8.62241702,7.274145735857639
latifah,rd,rd_pronation,185.522,187.022,,hip_flexion_l,2.4724085666674576,502.84445126944297,0.7064340041113943,0.49168456774770064,1.9113314799999976,-2.4264064461287806
latifah,rd,rd_pronation,185.522,187.022,,hip_adduction_l,1.6064096843120121,471.70747987752975,0.2668856958132191,0.34055209061537184,0.9616045599999996,-1.581401214770012
latifah,rd,rd_pronation,185.522,187.022,,hip_rotation_l,7.253894751398794,643.3919639575258,0.16909146389700141,1.127445656420674,0.8876652199999988,7.2457757919510835
latifah,rd,rd_pronation,185.522,187.022,,knee_angle_l,0.5946072455587886,72.97150810484754,0.9559094726732748,0.8148485086870343,1.0739463099999997,-0.5753866900211303
latifah,rd,rd_pronation,185.522,187.022,,ankle_angle_l,0.6321008217011398,90.94312117075688,0.4871544887463515,0.6950507235333312,1.4182355099999988,0.5740658361468249
latifah,rgs,rgs_correct,9.238,10.738,,pelvis_tilt,7.524703030423167,134.77772404357765,0.8430589543528654,5.583046518867025,11.279167939999999,7.280330010769412
latifah,rgs,rgs_correct,9.238,10.738,,pelvis_list,4.082947942738014,44.76822666336462,0.7061277524737779,9.12019136571972,12.58699097,2.9577740379996382
latifah,rgs,rgs_correct,9.238,10.738,,pelvis_rotation,2.7858639980432747,39.18153871855955,0.6447161918207318,7.110144443417848,6.0757067,2.195143982814093
latifah,rgs,rgs_correct,9.238,10.738,,hip_flexion_r,8.073985457100004,15.988889837034112,0.9892827812682723,50.49747380458344,49.13499468,-7.66246206985205
latifah,rgs,rgs_correct,9.238,10.738,,hip_adduction_r,9.041383754438648,52.53133481555253,0.8749678163259557,17.211410648872068,18.976106029999997,-8.333798660706144
latifah,rgs,rgs_correct,9.238,10.738,,hip_rotation_r,4.05264332407644,23.5523007121904,0.880998575778103,17.206995501627738,12.494810769999999,-3.1307191869413695
latifah,rgs,rgs_correct,9.238,10.738,,knee_angle_r,1.8745031122299114,2.6020460259122897,0.9970110302622935,72.03958321885186,70.05719308,0.02733416092223838
latifah,rgs,rgs_correct,9.238,10.738,,ankle_angle_r,3.027972556266912,10.683549721204946,0.9583800244295887,28.342382778047313,26.70766005,0.5520596267553539
latifah,rgs,rgs_correct,9.238,10.738,,hip_flexion_l,6.966407469985904,31.84280980815751,0.9609594460968768,21.877489806823657,25.562218280000003,-6.551700426939311
latifah,rgs,rgs_correct,9.238,10.738,,hip_adduction_l,4.518073568329077,136.41171949738063,0.37545884633794546,3.312086076604168,12.064949610000001,2.494534690019967
latifah,rgs,rgs_correct,9.238,10.738,,hip_rotation_l,10.883531302900554,128.12532743099814,-0.4046774747887743,8.494441747875241,8.34617082,9.931358066021083
latifah,rgs,rgs_correct,9.238,10.738,,knee_angle_l,1.8198494983006337,33.11196213473473,0.8546898015523207,5.496048500223416,7.5462749,1.6391811524154392
latifah,rgs,rgs_correct,9.238,10.738,,ankle_angle_l,1.6329547410261913,14.425736276499258,0.9068149656320527,11.319732384726958,11.22306777,0.3179136280089994
latifah,rgs,rgs_flexion,115.853,117.353,,pelvis_tilt,8.82077492061211,154.50259253630446,0.9518139113586993,5.7091436304147685,10.01613819,8.701926927569188
latifah,rgs,rgs_flexion,115.853,117.353,,pelvis_list,5.358222214491424,71.62359267957913,0.9556959743571719,7.48108551111417,9.79333081,5.302345104919801
latifah,rgs,rgs_flexion,115.853,117.353,,pelvis_rotation,2.0228786281322737,64.12528977600796,-0.1656348222323165,3.154572299319449,5.6840727399999995,-0.4520631484173641
latifah,rgs,rgs_flexion,115.853,117.353,,hip_flexion_r,8.534310504867879,17.462447007875614,0.9957757255290915,48.872363083013965,48.46559633,-8.40466514990414
latifah,rgs,rgs_flexion,115.853,117.353,,hip_adduction_r,10.191853902638165,77.40077391428994,0.9714502715000687,13.167638238248308,14.84839751,-10.1430960382175
latifah,rgs,rgs_flexion,115.853,117.353,,hip_rotation_r,1.1333600752422264,6.907797432021785,0.9880600915857334,16.40696743637013,15.66801399,-0.7023079628010782
latifah,rgs,rgs_flexion,115.853,117.353,,knee_angle_r,2.5090224785424233,4.4665197275456165,0.9985185411537982,56.17399298762637,60.97740759,-0.01278734726203603
latifah,rgs,rgs_flexion,115.853,117.353,,ankle_angle_r,7.333634186007212,9.434075199539164,0.9925805824513343,77.73559178715732,64.96601534999999,1.42622361674111
latifah,rgs,rgs_flexion,115.853,117.353,,hip_flexion_l,8.758090900132288,87.94168463405218,0.951204122307539,9.958975583168485,15.57337569,-8.499147836682928
latifah,rgs,rgs_flexion,115.853,117.353,,hip_adduction_l,5.939197035660095,367.0592084922677,0.9063677923637586,1.6180487774863188,6.736678650000002,5.81610590554891
latifah,rgs,rgs_flexion,115.853,117.353,,hip_rotation_l,11.52179290785241,284.0513445320182,-0.7247425227153629,4.056236004386761,3.78021163,11.291110574847284
latifah,rgs,rgs_flexion,115.853,117.353,,knee_angle_l,1.3367466259662546,14.751847578480614,0.9773401439942114,9.061553943359916,11.41404347,0.3436892718514253
latifah,rgs,rgs_flexion,115.853,117.353,,ankle_angle_l,1.3639078747499342,13.133189978720708,0.9432239885677444,10.38519869856319,10.796051840000002,-0.7612183401241194
latifah,rgs,rgs_abduction,200.145,201.645,,pelvis_tilt,7.919539375302552,216.87806851793744,0.808376564862701,3.6516091412200797,8.329771910000002,7.633997140783997
latifah,rgs,rgs_abduction,200.145,201.645,,pelvis_list,4.082179883611326,36.95801297508109,0.9796841958255922,11.045452812530081,11.675546820000001,3.999290012594088
latifah,rgs,rgs_abduction,200.145,201.645,,pelvis_rotation,2.006233387160549,70.77912569317515,0.2522722646583317,2.8344986851879117,5.731759899999999,0.9789781149920995
latifah,rgs,rgs_abduction,200.145,201.645,,hip_flexion_r,8.945847956311646,22.491635082020647,0.9982746086062002,39.77411123597134,34.94918212,-8.625758606306709
latifah,rgs,rgs_abduction,200.145,201.645,,hip_adduction_r,8.47103831739388,198.2899996805693,0.9154935598614157,4.272045151565941,6.287298410000002,-8.429259688059421
latifah,rgs,rgs_abduction,200.145,201.645,,hip_rotation_r,2.4682798809488515,15.043235748414407,0.9467206990679163,16.40790533518704,14.68397903,-1.618476094781805
latifah,rgs,rgs_abduction,200.145,201.645,,knee_angle_r,1.7725293221691798,5.296451960796007,0.9977020019612572,33.46635323588936,33.328731270000006,-1.5945906828367453
latifah,rgs,rgs_abduction,200.145,201.645,,ankle_angle_r,3.331686574182608,8.76266910099492,0.9835463164589795,38.02136695774951,32.65212794,-0.8901221183318292
latifah,rgs,rgs_abduction,200.145,201.645,,hip_flexion_l,7.420822363052831,50.58565144136678,0.973676456670058,14.669816739741341,20.53289531,-6.79014475055829
latifah,rgs,rgs_abduction,200.145,201.645,,hip_adduction_l,4.635624880496103,81.22294310953606,0.9481936509564791,5.707285039209387,9.13507627,4.465516086024858
latifah,rgs,rgs_abduction,200.145,201.645,,hip_rotation_l,10.165588881686704,121.13586188338199,0.7629458808636888,8.391890496864718,3.440297469999999,9.887124559950943
latifah,rgs,rgs_abduction,200.145,201.645,,knee_angle_l,1.5949731377026892,40.230995431083535,0.49861803598035276,3.9645380896301923,2.5356977700000005,1.313486908358964
latifah,rgs,rgs_abduction,200.145,201.645,,ankle_angle_l,1.0827906109596899,12.469099394178697,0.9440833119211929,8.683791641481339,6.03973366,0.27787709662869814
latifah,rgs,rgs_stork,308.083,309.583,,pelvis_tilt,8.763531991852883,115.7956753966235,0.8458542293768884,7.568099552799378,12.14649293,8.415177079227181
latifah,rgs,rgs_stork,308.083,309.583,,pelvis_list,2.958319155112307,23.340530222301943,0.968987211809087,12.674601334830108,17.1225169,2.0919838831302586
latifah,rgs,rgs_stork,308.083,309.583,,pelvis_rotation,4.569037489289484,63.097682382951724,0.6476453300245784,7.241212857168247,8.31103903,4.08186163296833
latifah,rgs,rgs_stork,308.083,309.583,,hip_flexion_r,8.726227827097796,10.950468648228165,0.9960426884933044,79.68816776174907,82.35101789000001,-8.35842211374936
latifah,rgs,rgs_stork,308.083,309.583,,hip_adduction_r,10.409654961656974,54.783682588372415,0.9299095258987714,19.001378640190893,20.14534453,-10.057864489545873
latifah,rgs,rgs_stork,308.083,309.583,,hip_rotation_r,2.956004146638889,15.173735316811243,0.9657043632317456,19.48105779441059,19.726241719999997,-2.2173747748303216
latifah,rgs,rgs_stork,308.083,309.583,,knee_angle_r,5.044727754720437,5.064834477480919,0.996688416930866,99.60301323074073,104.56957688,3.4623522571595293
latifah,rgs,rgs_stork,308.083,309.583,,ankle_angle_r,3.7154558086898364,7.982985191288227,0.9954474975176433,46.54218590740323,41.648045870000004,1.679633582919648
latifah,rgs,rgs_stork,308.083,309.583,,hip_flexion_l,9.677722551542066,43.25766592052376,0.9545230817100175,22.372271701674116,28.41693622,-8.88659657382756
latifah,rgs,rgs_stork,308.083,309.583,,hip_adduction_l,2.992939782377226,45.63956414406473,0.8952013445813396,6.557774681918051,12.397166559999999,1.4852273318822693
latifah,rgs,rgs_stork,308.083,309.583,,hip_rotation_l,12.78059762775317,157.08770457784286,-0.550056293400682,8.135963067319445,6.4235243,12.278096564228537
latifah,rgs,rgs_stork,308.083,309.583,,knee_angle_l,1.4861173375397339,25.514082584135494,0.9471040618275719,5.824694392358018,9.8331037,0.40890007906179365
latifah,rgs,rgs_stork,308.083,309.583,,ankle_angle_l,1.7963563177532695,12.45845018271198,0.9619842408672118,14.41877835050455,11.274066000000001,0.6845428208476655
laurel,ng,ng_v0,3.89,5.390000000000001,3.06,pelvis_tilt,2.0251500965258975,30.285632961516225,0.8097428306106098,6.686834312161293,7.6833874699999996,1.5434279150942973
laurel,ng,ng_v0,3.89,5.390000000000001,3.06,pelvis_list,1.39152112182865,35.483809006822746,0.3206477665397951,3.921566372880351,5.072260569999999,-0.4614182482081545
laurel,ng,ng_v0,3.89,5.390000000000001,3.06,pelvis_rotation,0.8309154275426487,6.23468868198545,0.976983182005624,13.32729619593519,12.63790008,0.06715719577612006
laurel,ng,ng_v0,3.89,5.390000000000001,3.06,hip_flexion_r,3.349848964874915,16.346853144341374,0.9896629515798606,20.492316993956102,19.82143862,-3.132821219282887
laurel,ng,ng_v0,3.89,5.390000000000001,3.06,hip_adduction_r,1.743927720546293,17.999071306815765,0.8813690584550279,9.688987230612918,13.677872829999998,0.6211673450814212
laurel,ng,ng_v0,3.89,5.390000000000001,3.06,hip_rotation_r,3.2125838074825617,25.36774695448878,0.7475073217044864,12.66404861750681,7.54866124,-1.3021055905576562
laurel,ng,ng_v0,3.89,5.390000000000001,3.06,knee_angle_r,2.42065993001084,7.444223426485951,0.9949698985489576,32.51729282329606,33.29592564,-2.06129932479507
laurel,ng,ng_v0,3.89,5.390000000000001,3.06,ankle_angle_r,2.6669615004882923,22.399007987686474,0.9417561967257005,11.906605426251087,12.754859869999999,-2.4197876008568278
laurel,ng,ng_v0,3.89,5.390000000000001,3.06,hip_flexion_l,3.2986577083342805,14.121588984644024,0.9829693260617188,23.358969815091477,26.55516095,-2.626257806156986
laurel,ng,ng_v0,3.89,5.390000000000001,3.06,hip_adduction_l,1.9661840177090282,8.281181166283202,0.9809201155285806,23.74279680915977,26.63097586,-1.0214567226305775
laurel,ng,ng_v0,3.89,5.390000000000001,3.06,hip_rotation_l,5.247993311989783,30.08715290736181,0.4603783886200125,17.442638484765666,7.2416685099999984,4.391014565284261
laurel,ng,ng_v0,3.89,5.390000000000001,3.06,knee_angle_l,1.5899644215312085,6.966855105094466,0.9767544608400374,22.821838513170135,22.12574538,-0.5350084490883479
laurel,ng,ng_v0,3.89,5.390000000000001,3.06,ankle_angle_l,2.0461821861861607,6.298706097383028,0.9570157511950701,32.48575428906429,27.70631506,0.0025658747311622593
laurel,ng,ng_v1,31.84,33.34,3.56,pelvis_tilt,3.0037608124572626,41.77300962987402,0.03936432971780285,7.190673688756961,6.909650130000001,2.183015819199764
laurel,ng,ng_v1,31.84,33.34,3.56,pelvis_list,3.843055733655731,64.72431866088156,0.8346675313657589,5.937576189548084,16.95777109,0.06454677769029041
laurel,ng,ng_v1,31.84,33.34,3.56,pelvis_rotation,1.621940015127233,17.359029166714876,0.9715425382510308,9.343494959022403,14.7114319,0.42200179730559423
laurel,ng,ng_v1,31.84,33.34,3.56,hip_flexion_r,4.082176378607667,12.514610779456648,0.9704740845101436,32.61928357619209,33.0014961,-3.1768610441188145
laurel,ng,ng_v1,31.84,33.34,3.56,hip_adduction_r,5.353091726537891,37.32286323751967,0.8323540801184183,14.342660938072328,26.535688,0.4889576730482337
laurel,ng,ng_v1,31.84,33.34,3.56,hip_rotation_r,4.592502492393524,21.29897421783088,0.7320428322451994,21.562082968994883,7.4153082900000005,3.304068823688808
laurel,ng,ng_v1,31.84,33.34,3.56,knee_angle_r,2.739909466267735,4.616470962220109,0.9967198442886792,59.350735414353906,62.09795186,-1.5362426523691168
laurel,ng,ng_v1,31.84,33.34,3.56,ankle_angle_r,6.062508219109744,22.724684185964964,0.9786402853497298,26.67807468520958,24.000130640000002,-5.922217788506699
laurel,ng,ng_v1,31.84,33.34,3.56,hip_flexion_l,3.5005287166857078,9.12541770529965,0.9871658271956598,38.360202565333,39.099931229999996,-2.507964404481949
laurel,ng,ng_v1,31.84,33.34,3.56,hip_adduction_l,5.375150788510061,37.15688189983367,0.8767428289550354,14.466097567067711,28.30903578,0.023733730975111004
laurel,ng,ng_v1,31.84,33.34,3.56,hip_rotation_l,7.930279413005964,39.22989325633352,0.22153611985530955,20.214889092836493,11.91351237,6.288679946480514
laurel,ng,ng_v1,31.84,33.34,3.56,knee_angle_l,1.6316252717819555,2.756225564291222,0.9965632980234588,59.19781359409663,58.673089479999994,-0.3606616077825883
laurel,ng,ng_v1,31.84,33.34,3.56,ankle_angle_l,4.0899873315438064,10.923482473317486,0.9600480708046949,37.442155846675405,25.64148505,2.1717980890111224
laurel,ng,ng_v2,62.1,63.6,4.12,pelvis_tilt,7.869139959119214,104.85643504656915,0.17957359980244195,7.50468004717531,4.90199679,7.638177597855667
laurel,ng,ng_v2,62.1,63.6,4.12,pelvis_list,3.9274029872382963,86.24353237881373,0.7078212612246003,4.5538521891562596,15.973352479999999,-0.7543837339591201
laurel,ng,ng_v2,62.1,63.6,4.12,pelvis_rotation,1.726696352577813,20.18609967413202,0.9714377010321384,8.553887974656792,12.68422366,1.047951029815374
laurel,ng,ng_v2,62.1,63.6,4.12,hip_flexion_r,8.682375386740814,27.18438537909674,0.9738101147979141,31.93883277352694,34.54214209,-8.335468373564678
laurel,ng,ng_v2,62.1,63.6,4.12,hip_adduction_r,5.608949113093234,59.33646873183021,0.6295347011035393,9.452785501009084,23.13407436,1.0070902328198565
laurel,ng,ng_v2,62.1,63.6,4.12,hip_rotation_r,5.139267234185477,26.035170417651184,0.5724632035651056,19.739710367715453,6.64583324,3.8490157802691005
laurel,ng,ng_v2,62.1,63.6,4.12,knee_angle_r,2.1226927156259467,3.514953018353121,0.9974302456288753,60.390358122638666,62.38960469,-0.8402078260569801
laurel,ng,ng_v2,62.1,63.6,4.12,ankle_angle_r,6.37699296160058,26.538088771180984,0.9641668864268313,24.029586367672678,20.52835027,-6.2122625098383155
laurel,ng,ng_v2,62.1,63.6,4.12,hip_flexion_l,8.820230298587216,23.831761581835796,0.9884055819842728,37.01040004239494,38.65149263,-8.509169526491794
laurel,ng,ng_v2,62.1,63.6,4.12,hip_adduction_l,5.554911468888741,42.54218702344928,0.7450316854916497,13.05741866497571,24.86378159,-0.9701036486829908
laurel,ng,ng_v2,62.1,63.6,4.12,hip_rotation_l,9.211035039411406,40.38641817076284,0.009201165139508279,22.807259114846687,9.595950349999999,7.744769345692584
laurel,ng,ng_v2,62.1,63.6,4.12,knee_angle_l,1.9662675516126964,3.3406431535196934,0.9942140416442179,58.858952041646276,58.863546289999995,-0.4801352138013955
laurel,ng,ng_v2,62.1,63.6,4.12,ankle_angle_l,3.69816249135538,10.377534404256792,0.9678633623737506,35.63623445891366,26.96571633,1.5821608929808306
laurel,gwo,gwo_v0,5.06,6.56,3.04,pelvis_tilt,20.813600676644388,420.0703455269781,-0.8799053719738942,4.954789334280127,37.277758739999996,-9.587126072983153
laurel,gwo,gwo_v0,5.06,6.56,3.04,pelvis_list,15.109947728311527,402.30686879849446,0.563621947620487,3.755826435039001,26.310219410000002,10.50924256190287
laurel,gwo,gwo_v0,5.06,6.56,3.04,pelvis_rotation,1.0850865755162065,9.94844769721416,0.9583223317066011,10.907094338145445,10.97599485,0.765349887106334
laurel,gwo,gwo_v0,5.06,6.56,3.04,hip_flexion_r,11.782277869314212,72.97531394322706,-0.7006709773292897,16.14556653840575,15.99559232,-6.546928372955496
laurel,gwo,gwo_v0,5.06,6.56,3.04,hip_adduction_r,22.780730497788905,497.5325439429273,0.8081132058532025,4.578741787874305,40.0722879,-15.745620326705124
laurel,gwo,gwo_v0,5.06,6.56,3.04,hip_rotation_r,121.87447137062551,1854.8878316294356,-0.05876361763784467,6.570449667760464,113.20301351,109.2648209014146
laurel,gwo,gwo_v0,5.06,6.56,3.04,knee_angle_r,20.85697638514362,213.502165803053,0.6686781113559337,9.76897649103163,42.14187061,-17.015772854628356
laurel,gwo,gwo_v0,5.06,6.56,3.04,ankle_angle_r,34.180150506911204,284.95694771386235,-0.36711696397665466,11.994847215037192,48.608046349999995,-26.585250174856228
laurel,gwo,gwo_v0,5.06,6.56,3.04,hip_flexion_l,31.54664499644189,464.45310313037817,0.4070792612133482,6.792213203834776,58.643095419999995,16.58225662761541
laurel,gwo,gwo_v0,5.06,6.56,3.04,hip_adduction_l,11.090840091121699,343.29154482159635,0.943834345252504,3.2307350001543,24.42936545,7.126476721365336
laurel,gwo,gwo_v0,5.06,6.56,3.04,hip_rotation_l,4.380623307022286,53.93560009959478,0.624486625850731,8.12195154764802,13.26043628,-1.731735698595778
laurel,gwo,gwo_v0,5.06,6.56,3.04,knee_angle_l,11.57045118082639,65.15922110894537,-0.19358985448523286,17.757196884660033,21.87388518,7.6346729023326505
laurel,gwo,gwo_v0,5.06,6.56,3.04,ankle_angle_l,6.888710439749386,61.865840532338744,-0.17879357683456867,11.134917719494158,5.871664770000001,5.537269590101855
laurel,gwo,gwo_v1,33.16,34.66,3.52,pelvis_tilt,19.17557754926002,157.75102763974746,0.42651769057192696,12.155595964199271,38.8777665,-14.76455039745877
laurel,gwo,gwo_v1,33.16,34.66,3.52,pelvis_list,16.83945451209465,399.8458363042566,0.16332855116234066,4.211486773937775,36.28849795,12.991555238173468
laurel,gwo,gwo_v1,33.16,34.66,3.52,pelvis_rotation,4.8813329728024195,24.374841840613655,0.8770368915281254,20.02611136811187,27.98846951,-2.9825777729009952
laurel,gwo,gwo_v1,33.16,34.66,3.52,hip_flexion_r,9.075826832988321,33.70277527811885,0.4756364586552044,26.92901922198882,17.171102060000003,-3.5890948392128763
laurel,gwo,gwo_v1,33.16,34.66,3.52,hip_adduction_r,25.50317713212094,209.77841694363084,0.24938429966911552,12.157197820295234,53.35140258999999,-19.438497417207316
laurel,gwo,gwo_v1,33.16,34.66,3.52,hip_rotation_r,145.41836902416898,905.8125254062522,0.4450104882582588,16.053914573432245,126.59618411,138.01407708162003
laurel,gwo,gwo_v1,33.16,34.66,3.52,knee_angle_r,27.744242086073374,180.1001160354718,-0.5389021478789274,15.40489961739335,42.29581105,-23.709469303198446
laurel,gwo,gwo_v1,33.16,34.66,3.52,ankle_angle_r,39.27201007425475,133.1730019046336,0.01808759134911726,29.489468219975848,58.09390512,-34.35414376996748
laurel,gwo,gwo_v1,33.16,34.66,3.52,hip_flexion_l,29.07023174454555,66.60565889968007,0.7900509551084905,43.64528814035227,84.8175193,23.085654605134877
laurel,gwo,gwo_v1,33.16,34.66,3.52,hip_adduction_l,11.41737587486659,107.91391215597226,0.7147415303863415,10.58007781088003,47.20059887,4.588792267436368
laurel,gwo,gwo_v1,33.16,34.66,3.52,hip_rotation_l,8.34152797507309,63.651691470626425,0.3515535730469383,13.104958850814647,25.08104492,-4.902541478440026
laurel,gwo,gwo_v1,33.16,34.66,3.52,knee_angle_l,10.408995871225876,19.285394575092344,0.9127646531679325,53.97346593400481,58.47502471,8.164832953720344
laurel,gwo,gwo_v1,33.16,34.66,3.52,ankle_angle_l,6.119901627058324,17.146302649099447,0.9328388347939154,35.69225244825451,35.188994369999996,5.10683536228201
laurel,gwo,gwo_v2,63.43,64.93,4.04,pelvis_tilt,15.805791319994157,157.4358160306501,0.7412992245344684,10.039514335744947,38.40908976,-5.810280119538259
laurel,gwo,gwo_v2,63.43,64.93,4.04,pelvis_list,11.88106277557381,201.64634180468443,0.031200995441862986,5.8920299119940704,27.786618249999997,6.0384165781067995
laurel,gwo,gwo_v2,63.43,64.93,4.04,pelvis_rotation,4.63562640309001,27.44535418282506,0.7821008592814592,16.890386519372825,23.151317310000003,-2.487381658090077
laurel,gwo,gwo_v2,63.43,64.93,4.04,hip_flexion_r,12.359645487572669,43.75816283456211,-0.052702641740504756,28.24534826633645,17.69134103,-8.280056299075374
laurel,gwo,gwo_v2,63.43,64.93,4.04,hip_adduction_r,20.25370627378735,189.0802030202206,-0.47042891079522947,10.711701146005952,46.25629726,-10.65506403351013
laurel,gwo,gwo_v2,63.43,64.93,4.04,hip_rotation_r,126.76213537422144,789.87333554552,-0.03662234828397544,16.04841303912027,130.45794587,111.68490772721299
laurel,gwo,gwo_v2,63.43,64.93,4.04,knee_angle_r,21.422974218894822,99.45275068299694,-0.02377943673431199,21.540856408466766,70.45105126,-14.40223250825787
laurel,gwo,gwo_v2,63.43,64.93,4.04,ankle_angle_r,32.267689363475434,100.68678165893226,0.023879479562028738,32.047592376901505,60.36309768,-24.069943868604707
laurel,gwo,gwo_v2,63.43,64.93,4.04,hip_flexion_l,23.67464207476985,58.26782115408078,0.923525930558612,40.63073169007934,79.97617424,10.13211150206912
laurel,gwo,gwo_v2,63.43,64.93,4.04,hip_adduction_l,6.627577053336956,55.09957868902803,0.4261543157599957,12.028362486656734,27.35921113,-0.7069965313539375
laurel,gwo,gwo_v2,63.43,64.93,4.04,hip_rotation_l,10.220445197538732,64.07203724624942,0.32261775330918385,15.951490910548507,29.730543509999997,-1.8483613764997586
laurel,gwo,gwo_v2,63.43,64.93,4.04,knee_angle_l,8.383973286015793,14.815734767591396,0.9396246630465447,56.58830572720074,64.66087904,4.120445296743821
laurel,gwo,gwo_v2,63.43,64.93,4.04,ankle_angle_l,4.4811912719529845,12.171034042027223,0.9675043248253443,36.81849263159724,25.3549501,2.9426516477205076
laurel,rd,rd_correct,19.355,20.855,,pelvis_tilt,12.057075955567559,518.4138823856084,0.952308048423728,2.325762554830509,4.556393310000001,-12.03054793351036
laurel,rd,rd_correct,19.355,20.855,,pelvis_list,0.2462280501673107,13.392052298225007,0.9927454508661657,1.8386132661679193,2.5075019100000002,0.09641980783925047
laurel,rd,rd_correct,19.355,20.855,,pelvis_rotation,355.1328117118522,11223.688233668508,0.9682138728669435,3.1641364613686846,2.594508300000001,-355.132747360347
laurel,rd,rd_correct,19.355,20.855,,hip_flexion_r,12.192361939787752,467.3197864170493,0.8715989089991771,2.608997584559141,3.4925090799999996,-12.176203937039931
laurel,rd,rd_correct,19.355,20.855,,hip_adduction_r,1.5250338748135612,52.530732629701994,0.9812378398239312,2.9031269858042577,2.43676448,-1.515130833992575
laurel,rd,rd_correct,19.355,20.855,,hip_rotation_r,0.6035404424405326,19.211110650793557,0.7168558174182785,3.1416218115197942,1.871127509999999,-0.12655595016762394
laurel,rd,rd_correct,19.355,20.855,,knee_angle_r,1.1276820567473298,46.486190045482054,0.9058039547614329,2.4258431496407997,3.529897300000001,-0.9704290267576013
laurel,rd,rd_correct,19.355,20.855,,ankle_angle_r,2.007214114526608,7.329375369601736,0.9803681293049233,27.385882333867645,23.07491891,-0.6359864213812104
laurel,rd,rd_correct,19.355,20.855,,hip_flexion_l,13.594578575139945,599.4282459098265,0.8164153600862614,2.267924254137502,5.33430414,-13.540508229363432
laurel,rd,rd_correct,19.355,20.855,,hip_adduction_l,3.321716933011936,137.90129554838646,0.97765374618131,2.4087641235005077,1.90100003,-3.3139437457982006
laurel,rd,rd_correct,19.355,20.855,,hip_rotation_l,5.635809980870168,133.2179199865535,0.9129594800022417,4.230519423692416,3.286118929999999,5.585582733976954
laurel,rd,rd_correct,19.355,20.855,,knee_angle_l,3.628476898119516,109.41921656810163,0.9817239224835029,3.316123997160208,2.4458930799999994,-3.603326704743239
laurel,rd,rd_correct,19.355,20.855,,ankle_angle_l,0.29481879183895005,13.612825455805153,0.9789178315384647,2.165742834183078,2.374143159999999,-0.2514985252841189
laurel,rd,rd_toes,58.709,60.209,,pelvis_tilt,14.79648303038864,641.4492376485211,0.7754113749774149,2.3067270427556883,2.2407367899999997,-14.789066696638482
laurel,rd,rd_toes,58.709,60.209,,pelvis_list,0.5550596999194367,31.602249943220613,0.842226140530626,1.7563929812488221,4.78854055,-0.14251833297751582
laurel,rd,rd_toes,58.709,60.209,,pelvis_rotation,353.18246048904075,18044.886184337745,0.7946015038122864,1.9572440462139866,1.0228575300000102,-353.18230936040044
laurel,rd,rd_toes,58.709,60.209,,hip_flexion_r,15.198411435376155,785.1826003435021,0.4488153458610625,1.935653111610872,3.1269544699999994,-15.186741543077806
laurel,rd,rd_toes,58.709,60.209,,hip_adduction_r,2.633045893932049,114.79625874410561,0.7705649689732162,2.2936687334048216,6.633036969999999,-2.5389711128537846
laurel,rd,rd_toes,58.709,60.209,,hip_rotation_r,5.186253673893501,240.33971359936282,0.1310170971025745,2.157884602683179,15.22866199,-4.7995118501794405
laurel,rd,rd_toes,58.709,60.209,,knee_angle_r,1.614027064428151,66.38531114560764,0.8000018702992356,2.4313014981401384,7.774449829999998,-1.4248514834358812
laurel,rd,rd_toes,58.709,60.209,,ankle_angle_r,11.669022190370853,47.204299588682645,0.5995833099824684,24.720252799108437,81.81328924,-3.9770953854934903
laurel,rd,rd_toes,58.709,60.209,,hip_flexion_l,17.20518443604769,703.5087977914525,0.8490052506591905,2.445624630432551,2.7690697600000007,-17.19934646653413
laurel,rd,rd_toes,58.709,60.209,,hip_adduction_l,4.366936985019397,266.4041440995821,0.7457507006147156,1.639215110477798,5.64813056,-4.3283207826049015
laurel,rd,rd_toes,58.709,60.209,,hip_rotation_l,6.408848361663089,295.72793135566263,0.1602689967090147,2.1671434051846017,3.4008037700000013,6.341553993550926
laurel,rd,rd_toes,58.709,60.209,,knee_angle_l,4.7873849486115185,218.65883070783724,0.9864587128980435,2.189431331501183,2.0236604099999997,-4.785582452769988
laurel,rd,rd_toes,58.709,60.209,,ankle_angle_l,0.7075877676994801,34.23697777176209,0.975402982868855,2.066735482368081,2.774738320000001,-0.6729161839468689
laurel,rd,rd_supination,107.76,109.26,,pelvis_tilt,15.87631175908975,845.8828473926632,0.8622392198397564,1.8768925044439264,3.0799256600000007,-15.866869659957787
laurel,rd,rd_supination,107.76,109.26,,pelvis_list,0.279647805105374,21.7372278338474,0.97260027008061,1.286492496848792,1.65798305,-0.22970658908542446
laurel,rd,rd_supination,107.76,109.26,,pelvis_rotation,354.17494308243903,32889.222808062,0.4757573833245779,1.0768723394571111,1.1306188599999984,-354.1747924723157
laurel,rd,rd_supination,107.76,109.26,,hip_flexion_r,15.883542668794714,784.3693922773598,0.8613346641724394,2.025007965019899,3.2923294599999995,-15.871149789622832
laurel,rd,rd_supination,107.76,109.26,,hip_adduction_r,4.480997643826525,203.90005569046056,0.9470880970446457,2.1976441490673744,2.38034386,-4.474955812116388
laurel,rd,rd_supination,107.76,109.26,,hip_rotation_r,5.733729672470147,168.34531261098047,0.3647377501959807,3.4059336631010897,1.0285240200000008,-5.705840094159078
laurel,rd,rd_supination,107.76,109.26,,knee_angle_r,0.34946934240727584,16.702520675678144,0.9464258725328747,2.0923149816312794,2.6637552199999988,-0.23437890930547117
laurel,rd,rd_supination,107.76,109.26,,ankle_angle_r,1.7622512764479168,7.033912024109705,0.9749466543288258,25.053643980868074,20.1314392,-0.1159646486744671
laurel,rd,rd_supination,107.76,109.26,,hip_flexion_l,17.848222250286494,1026.4548846003831,0.834751703054886,1.7388218925213765,3.7733754899999994,-17.829560698850322
laurel,rd,rd_supination,107.76,109.26,,hip_adduction_l,2.3058195027253228,126.562360671517,0.9172179261581992,1.8218840818795266,2.1305257799999997,-2.290360466006102
laurel,rd,rd_supination,107.76,109.26,,hip_rotation_l,7.496646867323322,314.09673941524414,0.8338330719950668,2.3867318334089926,2.6815475099999997,7.480806113184177
laurel,rd,rd_supination,107.76,109.26,,knee_angle_l,3.9986478826510705,336.44955719447904,0.5538096107789862,1.1884836217334414,0.5960072500000013,-3.9836833005219585
laurel,rd,rd_supination,107.76,109.26,,ankle_angle_l,1.0741644336457117,100.80269727313058,0.8777432088470302,1.065610804773609,1.7657302600000016,-1.056593257154502
laurel,rd,rd_pronation,190.182,191.682,,pelvis_tilt,13.34191276708116,1202.7089444066112,0.4976161035621329,1.1093218213043017,1.9912549300000002,-13.331846825781701
laurel,rd,rd_pronation,190.182,191.682,,pelvis_list,1.7005004837046651,101.00787058207436,0.9279546466043972,1.683532653351915,2.1951479799999998,-1.6863351986080426
laurel,rd,rd_pronation,190.182,191.682,,pelvis_rotation,354.122821405978,12037.203322957856,0.8609887318356124,2.94190279838989,2.598024879999997,-354.1227073326258
laurel,rd,rd_pronation,190.182,191.682,,hip_flexion_r,13.40111071572933,585.8243696025237,0.8992304745691637,2.2875645690229405,3.9908266699999997,-13.383526689768093
laurel,rd,rd_pronation,190.182,191.682,,hip_adduction_r,4.073188416619975,123.95790163420992,0.9698938682582183,3.2859449562478362,2.49428027,-4.061640240005562
laurel,rd,rd_pronation,190.182,191.682,,hip_rotation_r,3.8961488679279266,53.63888063153425,0.9614133792346826,7.26366550169465,4.352493769999999,-3.8086645511193185
laurel,rd,rd_pronation,190.182,191.682,,knee_angle_r,0.7265019516402961,10.291122736264061,0.9827940152358176,7.0595013805465,8.71665527,-0.33146760672383424
laurel,rd,rd_pronation,190.182,191.682,,ankle_angle_r,3.176518684627934,16.095629377356836,0.9848254122023615,19.73528720223036,21.82189058,2.687205603982598
laurel,rd,rd_pronation,190.182,191.682,,hip_flexion_l,15.092858695540261,1405.1033602677012,0.6891639970968433,1.0741457975493534,2.7536575400000025,-15.073974629306974
laurel,rd,rd_pronation,190.182,191.682,,hip_adduction_l,2.0681736294338133,102.65600113555111,0.9159702049162942,2.014664127334274,2.00353321,-2.0476002420265753
laurel,rd,rd_pronation,190.182,191.682,,hip_rotation_l,9.007997049254984,484.15209447876987,0.6288050995740847,1.8605717401579858,1.4313383600000016,8.996253478976417
laurel,rd,rd_pronation,190.182,191.682,,knee_angle_l,3.23318425919813,248.6204401922014,0.9148721633427133,1.300449897320851,0.9745006599999986,-3.2256897614656292
laurel,rd,rd_pronation,190.182,191.682,,ankle_angle_l,0.7789958263810332,70.31922587149144,0.9136187717699944,1.107799206727119,1.3315107099999999,-0.7614096317874947
laurel,rgs,rgs_correct,9.586,11.086,,pelvis_tilt,11.310941699464706,189.26124973873868,-0.08466572783783798,5.976364266366535,5.45251798,11.092638825815332
laurel,rgs,rgs_correct,9.586,11.086,,pelvis_list,2.9759011347180984,47.90653051362148,0.4235179873529384,6.2118903264596605,6.14249348,2.234053152556484
laurel,rgs,rgs_correct,9.586,11.086,,pelvis_rotation,1.348972601808451,9.500161684376105,0.9592676839429839,14.199469931411391,14.27437194,0.5397518261036259
laurel,rgs,rgs_correct,9.586,11.086,,hip_flexion_r,12.324269794854365,23.29260570200903,0.9955109271771385,52.91065307386959,52.94215173,-12.188784319769459
laurel,rgs,rgs_correct,9.586,11.086,,hip_adduction_r,6.871321435098915,73.84562753239908,0.8814039269160905,9.304980761500317,16.00822703,-6.216743514646645
laurel,rgs,rgs_correct,9.586,11.086,,hip_rotation_r,3.9624998252050734,29.059704946769884,0.7876927253822654,13.635719400673143,6.810317750000001,-3.222215790460334
laurel,rgs,rgs_correct,9.586,11.086,,knee_angle_r,2.7374975450150454,5.230473108462556,0.995712123925296,52.33747479909527,57.15402838,-0.4062869440342222
laurel,rgs,rgs_correct,9.586,11.086,,ankle_angle_r,1.5313994378700317,5.0965663951053,0.9946681191763778,30.047669728010902,30.64075919,-0.9831467189319225
laurel,rgs,rgs_correct,9.586,11.086,,hip_flexion_l,12.404310657686434,123.9603495416136,0.835849122494975,10.00667608921375,13.444724150000003,-12.182964759829538
laurel,rgs,rgs_correct,9.586,11.086,,hip_adduction_l,5.486415428999994,93.23641343380976,-0.6367527042093953,5.884412781380636,7.933849240000001,4.4699105838901705
laurel,rgs,rgs_correct,9.586,11.086,,hip_rotation_l,9.945504952987967,133.64347834378412,0.7228308802990083,7.441818393415484,11.7812997,9.48768391293385
laurel,rgs,rgs_correct,9.586,11.086,,knee_angle_l,1.507618190576823,8.312904459972145,0.9979122675873618,18.135877752910858,19.13436752,-1.4479952990024219
laurel,rgs,rgs_correct,9.586,11.086,,ankle_angle_l,2.5327060585802923,12.657080682096883,0.9838436795208219,20.01019130866994,16.15435081,1.8348304328457083
laurel,rgs,rgs_flexion,65.752,67.252,,pelvis_tilt,11.987285578596124,285.91097229892716,-0.3955947054789406,4.192663710038771,6.437142810000001,11.75113439039975
laurel,rgs,rgs_flexion,65.752,67.252,,pelvis_list,3.2718612541868786,54.735134768880954,0.9756917160622285,5.977625282192707,11.339558539999999,2.9096823812149792
laurel,rgs,rgs_flexion,65.752,67.252,,pelvis_rotation,3.0270462073269795,97.03960944685328,-0.5676354411973655,3.119392405412384,5.65951396,1.9103192756626517
laurel,rgs,rgs_flexion,65.752,67.252,,hip_flexion_r,12.239947467299059,18.29812571139218,0.9983543961496731,66.89180990640273,70.8464358,-12.163373093816492
laurel,rgs,rgs_flexion,65.752,67.252,,hip_adduction_r,6.960020282352563,67.22218806963141,0.9831296742955001,10.353754440636619,17.514552300000002,-6.681720997670256
laurel,rgs,rgs_flexion,65.752,67.252,,hip_rotation_r,0.9834199167790836,25.00664354972568,0.6852931772779021,3.9326346009753532,3.7512768299999983,0.4990229784707023
laurel,rgs,rgs_flexion,65.752,67.252,,knee_angle_r,3.056838559654284,4.6956057230413135,0.9993454860851034,65.0999836859043,70.38431674,-0.5904711904184107
laurel,rgs,rgs_flexion,65.752,67.252,,ankle_angle_r,2.015835922389597,16.897296761677477,0.9059901795022108,11.92993146076151,7.29670869,-0.2666460772333077
laurel,rgs,rgs_flexion,65.752,67.252,,hip_flexion_l,13.955778203489558,319.80436754511203,-0.0688986744210122,4.36384853359482,7.806208,-13.7756030977302
laurel,rgs,rgs_flexion,65.752,67.252,,hip_adduction_l,5.432008812542523,132.1627076584611,0.9359875642756316,4.110091953155262,10.54106844,5.168220747742232
laurel,rgs,rgs_flexion,65.752,67.252,,hip_rotation_l,10.83701405074189,202.13808173717726,-0.2929620848119213,5.361193673952208,6.3567680100000015,10.366242477165914
laurel,rgs,rgs_flexion,65.752,67.252,,knee_angle_l,2.9128272735194347,60.713300827254656,0.9839173555113779,4.797675688573079,7.16277376,-2.83592509640313
laurel,rgs,rgs_flexion,65.752,67.252,,ankle_angle_l,4.359888478295846,73.08689499254353,0.8326916926930477,5.965349162446497,6.414633189999999,4.16586685819698
laurel,rgs,rgs_abduction,126.252,127.752,,pelvis_tilt,10.113310684583022,122.2976967745028,0.8741662426960354,8.269420399004188,5.454085379999999,9.934651163277413
laurel,rgs,rgs_abduction,126.252,127.752,,pelvis_list,3.3906346034964177,35.86468117887952,0.9894032572157396,9.453965550635203,14.42390201,2.803140998084494
laurel,rgs,rgs_abduction,126.252,127.752,,pelvis_rotation,2.7921484393709837,29.553403458346644,0.5362971440135491,9.44780672488809,9.33880713,1.6228127225909879
laurel,rgs,rgs_abduction,126.252,127.752,,hip_flexion_r,11.093720113927064,32.19136047420251,0.9928890921169038,34.46179332127743,30.32044013,-10.91444732309178
laurel,rgs,rgs_abduction,126.252,127.752,,hip_adduction_r,7.685908055959671,103.684142430036,0.3759195537772267,7.412809592504436,12.18363381,-7.199552783856737
laurel,rgs,rgs_abduction,126.252,127.752,,hip_rotation_r,3.5756303541496584,30.510134891427665,0.8723396552107627,11.719483925173638,3.6043555000000005,-2.396981479673519
laurel,rgs,rgs_abduction,126.252,127.752,,knee_angle_r,4.37274917083815,23.56348223573997,0.9054528786659124,18.557313079158444,20.93119317,-3.660988138233685
laurel,rgs,rgs_abduction,126.252,127.752,,ankle_angle_r,2.0860690152874106,11.273015034472754,0.9387212811187015,18.504978560821883,16.25080212,0.7134872327414747
laurel,rgs,rgs_abduction,126.252,127.752,,hip_flexion_l,11.274886497681255,230.36218671084382,0.028064821469489448,4.894417203911059,5.006258730000001,-11.120703671907446
laurel,rgs,rgs_abduction,126.252,127.752,,hip_adduction_l,5.896120253931977,118.15798183378861,0.8667479487007392,4.990031280515587,10.80886271,5.347686385797292
laurel,rgs,rgs_abduction,126.252,127.752,,hip_rotation_l,8.688226995709023,131.29208353790807,0.5076004052939209,6.617479715142508,5.747504640000001,8.529213729862251
laurel,rgs,rgs_abduction,126.252,127.752,,knee_angle_l,2.677116500077871,27.911832987148156,0.9933391896543523,9.59133175277501,11.10187314,-2.5614995264838742
laurel,rgs,rgs_abduction,126.252,127.752,,ankle_angle_l,2.6898812353351786,20.57269678574387,0.9872613062509042,13.075005495629375,11.549216480000002,2.580891075639331
laurel,rgs,rgs_stork,199.164,200.664,,pelvis_tilt,12.718808703955899,257.7001965999465,-0.5200891029657032,4.935506015038307,5.952575489999999,12.520324403638647
laurel,rgs,rgs_stork,199.164,200.664,,pelvis_list,2.4976698992593858,35.02990107630934,0.981918275718155,7.130108343207841,11.38846543,1.4904388736282024
laurel,rgs,rgs_stork,199.164,200.664,,pelvis_rotation,3.7065515170194807,91.43434188213485,-0.7827435794156523,4.053784869800321,2.73706429,3.110126189147103
laurel,rgs,rgs_stork,199.164,200.664,,hip_flexion_r,12.172695630118596,18.332138663383837,0.9939425883896984,66.40084855146792,73.97866336,-11.74649536114818
laurel,rgs,rgs_stork,199.164,200.664,,hip_adduction_r,6.3127929817531765,61.78119826769607,0.9938710763458118,10.217984044919353,16.90926911,-5.7517933987731125
laurel,rgs,rgs_stork,199.164,200.664,,hip_rotation_r,1.8555936920934974,23.180045402195425,0.9496181344688994,8.00513398441295,6.135076659999999,-1.5873206632863326
laurel,rgs,rgs_stork,199.164,200.664,,knee_angle_r,4.871109850404308,9.08623735548702,0.997257081703081,53.609757921002696,64.71745408999999,1.6833474675443525
laurel,rgs,rgs_stork,199.164,200.664,,ankle_angle_r,7.163714261252612,22.23558264069809,0.9706965062134357,32.21734450142434,17.90579936,5.1089237183961504
laurel,rgs,rgs_stork,199.164,200.664,,hip_flexion_l,14.652414881358792,299.6671420044246,-0.45123777744617,4.889563394688914,6.705731030000001,-14.435117354733475
laurel,rgs,rgs_stork,199.164,200.664,,hip_adduction_l,4.241551993803743,80.32595724976245,0.9878960741175251,5.28042508178922,10.95750873,3.6007368256400665
laurel,rgs,rgs_stork,199.164,200.664,,hip_rotation_l,13.012669931367995,165.67580587425556,0.7138111627033553,7.8542970488064725,4.213233980000002,12.87563020496208
laurel,rgs,rgs_stork,199.164,200.664,,knee_angle_l,2.787134536964335,46.700659329701026,0.9847578879294037,5.968083913521438,9.123960040000002,-2.663748596642345
laurel,rgs,rgs_stork,199.164,200.664,,ankle_angle_l,2.298969542527916,29.715330990388022,0.9640916707641012,7.736644573373794,7.57174266,2.191942924527504
marquise,ng,ng_v0,7.24,8.74,4.05,pelvis_tilt,14.396425054991967,268.1589990158986,0.42990122060116076,5.368615302050122,5.8396602699999995,14.33833425527651
marquise,ng,ng_v0,7.24,8.74,4.05,pelvis_list,3.2440589002972344,86.31969259073216,0.2482621836592253,3.7581909792917143,7.73378203,2.4058400588986273
marquise,ng,ng_v0,7.24,8.74,4.05,pelvis_rotation,1.609755777005611,14.699769830724636,0.9820799699407653,10.950891038041899,15.04342843,-1.1298643061538716
marquise,ng,ng_v0,7.24,8.74,4.05,hip_flexion_r,17.941276960350063,292.746012428434,0.5942026378832177,6.128615317940861,9.38725655,-17.814549825561873
marquise,ng,ng_v0,7.24,8.74,4.05,hip_adduction_r,5.207677204380988,65.85266097820096,0.8157623670525196,7.908074065685626,23.254249419999997,2.9357803191627836
marquise,ng,ng_v0,7.24,8.74,4.05,hip_rotation_r,2.91079652311806,50.150390892131526,0.5937375597301316,5.804135264626137,3.5396914,-2.694576803225301
marquise,ng,ng_v0,7.24,8.74,4.05,knee_angle_r,6.391036449136311,26.78897772755005,0.9777692598588601,23.856962793185293,24.57302507,-6.282694229779373
marquise,ng,ng_v0,7.24,8.74,4.05,ankle_angle_r,3.217862849680259,51.26332767055241,0.34944951294723137,6.277124400429278,10.90162256,-2.4212439316466448
marquise,ng,ng_v0,7.24,8.74,4.05,hip_flexion_l,11.109123709638954,47.68698733431588,0.9764877324618263,23.29592270477685,32.850966220000004,-10.182169128856868
marquise,ng,ng_v0,7.24,8.74,4.05,hip_adduction_l,4.151856932344019,50.368817241210316,0.941275859281438,8.242911308521037,21.71425694,0.7275177900929201
marquise,ng,ng_v0,7.24,8.74,4.05,hip_rotation_l,8.680566304194189,68.33208819216269,0.1973947753014174,12.703499240039033,7.83770763,8.235078919251416
marquise,ng,ng_v0,7.24,8.74,4.05,knee_angle_l,7.797998793995152,18.86155701014987,0.9790644963448458,41.34334609703142,47.793748259999994,6.456407403000293
marquise,ng,ng_v0,7.24,8.74,4.05,ankle_angle_l,2.1617539295573227,14.429762575149073,0.8620240054091519,14.981216207121063,8.60017942,-0.46117794375666415
marquise,ng,ng_v1,37.38,38.88,4.61,pelvis_tilt,10.786394089644533,66.26120271530232,0.17394425252992368,16.278596897779416,51.893188910000006,9.270064287887461
marquise,ng,ng_v1,37.38,38.88,4.61,pelvis_list,6.764815801522659,78.44841840381099,0.29809732737701783,8.623266012452875,58.88219185,-0.5303195557487063
marquise,ng,ng_v1,37.38,38.88,4.61,pelvis_rotation,4.6264480073533205,101.28823746349454,0.28760981287250775,4.567606390644073,48.77244904,2.2585893559064316
marquise,ng,ng_v1,37.38,38.88,4.61,hip_flexion_r,12.613357877082366,35.90530412578198,0.715382607163332,35.129511319262946,125.05015089,-6.900516358733872
marquise,ng,ng_v1,37.38,38.88,4.61,hip_adduction_r,9.676795188448374,53.92381743771022,0.7746366074752228,17.945308118488583,47.59501247,5.331255378841411
marquise,ng,ng_v1,37.38,38.88,4.61,hip_rotation_r,10.097476941732543,33.94892802972225,-0.006496675920534793,29.743139261693955,72.64642083000001,5.486023849638492
marquise,ng,ng_v1,37.38,38.88,4.61,knee_angle_r,5.06888902469317,7.879283502460669,0.9625991021091242,64.33185229482066,61.163996,-0.9906517207835678
marquise,ng,ng_v1,37.38,38.88,4.61,ankle_angle_r,6.52222686061296,17.330739571325378,0.7700059844841605,37.63386342383408,31.37482119,-3.711856479380684
marquise,ng,ng_v1,37.38,38.88,4.61,hip_flexion_l,8.568840737838915,19.417741240859513,0.923662165805112,44.12892638515571,113.38239792000002,-4.2631740330749315
marquise,ng,ng_v1,37.38,38.88,4.61,hip_adduction_l,9.036346514626041,56.0125395948276,0.7812302027204241,16.132720601478475,48.61876667,-4.0594018669990675
marquise,ng,ng_v1,37.38,38.88,4.61,hip_rotation_l,11.331105278876748,54.90677321048246,0.1642159360065305,20.63698996741168,62.008829479999996,9.319660689606415
marquise,ng,ng_v1,37.38,38.88,4.61,knee_angle_l,9.25912150409189,14.237405503270548,0.9818823128286186,65.03376968482726,71.54902275,7.921705406760706
marquise,ng,ng_v1,37.38,38.88,4.61,ankle_angle_l,3.8098331664305385,7.698140057924989,0.9618504642522936,49.49030723997334,42.8673731,-0.008232409795016084
marquise,ng,ng_v2,72.41,73.91,7.2,pelvis_tilt,6.9189275660662934,42.567831482416665,0.48712496668019456,16.253887795351446,10.718325980000001,6.190637995238729
marquise,ng,ng_v2,72.41,73.91,7.2,pelvis_list,4.87102870986379,45.13557274234961,0.3356631531068905,10.79199490315412,15.16981045,1.4150056393697432
marquise,ng,ng_v2,72.41,73.91,7.2,pelvis_rotation,2.5817986160917514,30.82406807821791,0.9413452617167366,8.375917836478571,12.41861253,2.288215514890134
marquise,ng,ng_v2,72.41,73.91,7.2,hip_flexion_r,5.947368679693644,19.134329130577147,0.9238331149172296,31.08219075310875,42.04026443,-2.9099728010242396
marquise,ng,ng_v2,72.41,73.91,7.2,hip_adduction_r,6.756825940088922,38.790863442553906,0.8473102905104198,17.418601548004283,31.85797999,0.9471075330765473
marquise,ng,ng_v2,72.41,73.91,7.2,hip_rotation_r,8.104979879940105,28.081385463257657,-0.1370064928229939,28.862464391384286,7.881920350000001,4.330684930234093
marquise,ng,ng_v2,72.41,73.91,7.2,knee_angle_r,2.572583667801064,4.03950868669134,0.992780068919227,63.68555850063545,59.06908578000001,0.08629455217817837
marquise,ng,ng_v2,72.41,73.91,7.2,ankle_angle_r,7.257707461473179,17.858969447473726,0.7880783506908288,40.63900485870326,34.35543422,-4.691386122502853
marquise,ng,ng_v2,72.41,73.91,7.2,hip_flexion_l,5.2008612298412835,12.513589083785991,0.9750383430978762,41.56170699723632,48.0625417,-2.7132299992671483
marquise,ng,ng_v2,72.41,73.91,7.2,hip_adduction_l,6.8459829148410085,40.33206760692125,0.7520729349204867,16.974044032560812,29.639181999999998,-0.5655404657439671
marquise,ng,ng_v2,72.41,73.91,7.2,hip_rotation_l,12.053426196917346,50.907648789243545,0.6376861616840683,23.67704359480094,7.52592666,10.99945626176288
marquise,ng,ng_v2,72.41,73.91,7.2,knee_angle_l,6.793885871344438,10.665338994515206,0.9790298438362235,63.70060881176195,64.80070683,5.287355535503008
marquise,ng,ng_v2,72.41,73.91,7.2,ankle_angle_l,2.885056217424101,5.835098218311434,0.9751214406101454,49.443147475570356,41.83530881,-1.201040741820288
marquise,ng,ng_v3,120.19,121.69,5.07,pelvis_tilt,9.416801843312566,40.65641868689221,0.2523533901571471,23.16190689552442,9.223072080000001,7.73743960685925
marquise,ng,ng_v3,120.19,121.69,5.07,pelvis_list,4.9478151227630045,46.70388424870941,0.505405332933323,10.594012044939774,17.45390438,-0.48491403000403627
marquise,ng,ng_v3,120.19,121.69,5.07,pelvis_rotation,2.9316362382911985,37.00148554096311,0.8666094780382165,7.923023077129382,10.217401859999999,2.5718092076900456
marquise,ng,ng_v3,120.19,121.69,5.07,hip_flexion_r,6.640463467596448,13.94086798761329,0.864307379750067,47.63307043361015,45.71282072,0.9423465359348278
marquise,ng,ng_v3,120.19,121.69,5.07,hip_adduction_r,7.1971719469080915,36.28260521968848,0.7692416293124036,19.836425480832347,31.32410076,1.033508686240069
marquise,ng,ng_v3,120.19,121.69,5.07,hip_rotation_r,9.439384931921268,23.9986945232476,-0.040560481823435156,39.33291005799215,6.91770309,4.494531830933452
marquise,ng,ng_v3,120.19,121.69,5.07,knee_angle_r,7.645192540983119,11.950212423843006,0.988630438441604,63.97536938949695,62.02615906999999,7.166510098901298
marquise,ng,ng_v3,120.19,121.69,5.07,ankle_angle_r,6.540107069429042,15.253006301162111,0.7942642057841967,42.87749536254212,36.720124580000004,-3.0623185681653
marquise,ng,ng_v3,120.19,121.69,5.07,hip_flexion_l,7.324734542811456,14.315042725510052,0.9302017862679859,51.16809417381932,52.5138891,-3.0802302302961
marquise,ng,ng_v3,120.19,121.69,5.07,hip_adduction_l,8.181611187198769,44.75853812449241,0.758739972757649,18.27944238134465,31.031423320000002,-3.195430432003126
marquise,ng,ng_v3,120.19,121.69,5.07,hip_rotation_l,12.313301170107335,44.168876311379066,0.5620074920197096,27.877777743997317,8.89552213,11.341091904235133
marquise,ng,ng_v3,120.19,121.69,5.07,knee_angle_l,7.794376714859658,11.991651121192675,0.9842841210990306,64.99836124388882,64.41630995,6.258570982043415
marquise,ng,ng_v3,120.19,121.69,5.07,ankle_angle_l,3.712093041666822,7.121962845662594,0.974905586177844,52.12176926656609,43.36744037,-0.9703030388603876
marquise,gwo,gwo_v0,6.96,8.46,4.07,pelvis_tilt,7.984221596455116,61.43751574231623,0.889982776614278,12.99567780367759,11.263653689999998,7.707821802713995
marquise,gwo,gwo_v0,6.96,8.46,4.07,pelvis_list,3.386852836202979,50.854124845834434,0.21831577298875895,6.659937313778005,7.04674301,1.8615691457961443
marquise,gwo,gwo_v0,6.96,8.46,4.07,pelvis_rotation,1.3604983094987864,10.360509513280093,0.9826515903645449,13.13157724294255,17.0202907,0.36362525247028243
marquise,gwo,gwo_v0,6.96,8.46,4.07,hip_flexion_r,8.049335520282005,40.40832633087444,0.7479979846086651,19.91999236586005,21.24364319,-7.028617149911265
marquise,gwo,gwo_v0,6.96,8.46,4.07,hip_adduction_r,4.919454890137989,40.04527404152195,0.9682077109390338,12.284732737843493,27.418695370000002,-0.6562847839187373
marquise,gwo,gwo_v0,6.96,8.46,4.07,hip_rotation_r,6.012466436520467,38.9996053863776,0.27593868529907917,15.416736597597975,5.00947137,4.771414851822131
marquise,gwo,gwo_v0,6.96,8.46,4.07,knee_angle_r,5.537342907613831,94.92929212155906,0.9578367007931363,5.8331235637185,20.86544602,2.8063484277965323
marquise,gwo,gwo_v0,6.96,8.46,4.07,ankle_angle_r,5.512846364723218,36.49425849261674,0.9635756529265269,15.106064878228828,8.896391259999998,4.964414180172339
marquise,gwo,gwo_v0,6.96,8.46,4.07,hip_flexion_l,5.482941875686546,13.640019761269729,0.9789126220124923,40.19746284572939,43.32854669,-4.64092377020514
marquise,gwo,gwo_v0,6.96,8.46,4.07,hip_adduction_l,4.783396799241478,48.438657169199864,0.970333861804178,9.875163926474498,21.99909184,2.6932744549875234
marquise,gwo,gwo_v0,6.96,8.46,4.07,hip_rotation_l,5.062518518071668,60.86178430468061,0.07063411907045448,8.318057999627744,5.45113074,4.209184422409977
marquise,gwo,gwo_v0,6.96,8.46,4.07,knee_angle_l,4.852427657100564,11.254840306693158,0.9872752699787277,43.114140448664266,46.674636220000004,3.943256366491852
marquise,gwo,gwo_v0,6.96,8.46,4.07,ankle_angle_l,2.0368058359804406,16.136773122950935,0.8796394004866407,12.622138394469598,9.0623422,-1.0866261210141233
marquise,gwo,gwo_v1,38.87,40.37,4.61,pelvis_tilt,6.655539323298515,34.299150783881075,0.20700444740201288,19.404385155874742,9.204280939999999,4.940483442467324
marquise,gwo,gwo_v1,38.87,40.37,4.61,pelvis_list,4.360218047326347,49.02966830568242,-0.02170525578173656,8.893019671562836,15.300865369999999,-0.6070245161301384
marquise,gwo,gwo_v1,38.87,40.37,4.61,pelvis_rotation,3.019139244793167,26.590145684449368,0.9774620253668821,11.354353904720579,15.256817909999999,2.766739738117062
marquise,gwo,gwo_v1,38.87,40.37,4.61,hip_flexion_r,7.275605807759856,16.103307202931564,0.8146117292591187,45.180817307114104,32.47614358,-0.27984627828927094
marquise,gwo,gwo_v1,38.87,40.37,4.61,hip_adduction_r,6.519627473658788,39.182069995907334,0.8631354076860441,16.63931352871295,36.42861619,-1.9042178996167167
marquise,gwo,gwo_v1,38.87,40.37,4.61,hip_rotation_r,9.786169098952762,39.813880949996076,0.7882662259883109,24.579791935490096,21.726600750000003,8.908518104312325
marquise,gwo,gwo_v1,38.87,40.37,4.61,knee_angle_r,14.990370817007658,166.0602096416356,0.9130676770506096,9.027069669102227,37.3279439,12.868590581598113
marquise,gwo,gwo_v1,38.87,40.37,4.61,ankle_angle_r,66.76879188211167,137.85648576458703,0.19750463763140025,48.43355139353438,118.29050636,49.73113827674734
marquise,gwo,gwo_v1,38.87,40.37,4.61,hip_flexion_l,5.486560487525576,10.778344161064062,0.9505112941155088,50.90355629341799,52.69836341,-0.24600295052007617
marquise,gwo,gwo_v1,38.87,40.37,4.61,hip_adduction_l,5.941971620614822,34.951056544400046,0.8751283876257572,17.00083547708048,33.139882760000006,-1.1219906286132821
marquise,gwo,gwo_v1,38.87,40.37,4.61,hip_rotation_l,10.704801287253982,59.210110040292264,-0.13560921615913937,18.079347057401858,8.88935302,9.01860981500862
marquise,gwo,gwo_v1,38.87,40.37,4.61,knee_angle_l,7.970894056481627,11.962207827086429,0.9887849548336668,66.63397068250949,65.20689825999999,7.166066028687287
marquise,gwo,gwo_v1,38.87,40.37,4.61,ankle_angle_l,4.508786989915452,8.742912711919452,0.9463350602465267,51.57076524129651,37.48771017,0.8094984205525277
marquise,gwo,gwo_v2,69.32,70.82,5.14,pelvis_tilt,5.5417977334725625,32.00761156168935,0.11274052209726791,17.313999586603543,11.128020840000001,2.9287407964743255
marquise,gwo,gwo_v2,69.32,70.82,5.14,pelvis_list,4.387925681461797,51.84500362495743,-0.3369574441827166,8.463545905413948,11.53117834,0.8995246258211934
marquise,gwo,gwo_v2,69.32,70.82,5.14,pelvis_rotation,2.949006396874823,26.657461382984753,0.9496444192282332,11.062592774708662,12.69728151,2.650905830188617
marquise,gwo,gwo_v2,69.32,70.82,5.14,hip_flexion_r,10.193465029614414,22.74414183448753,0.7401497526662618,44.81798040037633,34.86482955,4.363351222987961
marquise,gwo,gwo_v2,69.32,70.82,5.14,hip_adduction_r,6.313706408409423,39.26166735708513,0.8483751332946822,16.081095973296858,28.459320430000002,-2.57707035042066
marquise,gwo,gwo_v2,69.32,70.82,5.14,hip_rotation_r,8.411981746298524,33.85162668798634,0.8008620680994792,24.849564317344512,12.44777141,6.7139811573342065
marquise,gwo,gwo_v2,69.32,70.82,5.14,knee_angle_r,17.603708648985897,175.81797252565488,0.9794366542130212,10.012462546408452,38.33392515,14.823642922676612
marquise,gwo,gwo_v2,69.32,70.82,5.14,ankle_angle_r,8.899592669284775,20.802986108493965,0.9652892635699397,42.780361544591074,25.86793229,7.730207297233541
marquise,gwo,gwo_v2,69.32,70.82,5.14,hip_flexion_l,6.623055984656863,13.316953619340058,0.9348785513363009,49.73401705806255,54.07796327,1.995026004062276
marquise,gwo,gwo_v2,69.32,70.82,5.14,hip_adduction_l,5.755165838081491,37.08116725986789,0.8160596709641038,15.520454892233602,27.27930021,0.3889892540577761
marquise,gwo,gwo_v2,69.32,70.82,5.14,hip_rotation_l,12.020614935690398,72.66905919071324,-0.24780348757065537,16.54158601963375,7.2447151000000005,10.767770087616263
marquise,gwo,gwo_v2,69.32,70.82,5.14,knee_angle_l,8.73205296643532,13.454792053498968,0.9744572809376203,64.89920417732891,65.10067946000001,7.647050009380606
marquise,gwo,gwo_v2,69.32,70.82,5.14,ankle_angle_l,4.430259897922163,8.635292322689695,0.9387232932994959,51.30411029956005,37.481604950000005,-0.7418216223074519
marquise,rd,rd_correct,38.151,39.651,,pelvis_tilt,9.703523311333804,554.3662940323151,-0.07066856180542135,1.7503811858316491,2.0995473900000006,9.6657449059538
marquise,rd,rd_correct,38.151,39.651,,pelvis_list,4.0597328952735,507.7152976726942,0.965877188342147,0.7996081492684635,2.166548250000001,-4.041359047709245
marquise,rd,rd_correct,38.151,39.651,,pelvis_rotation,347.70056761870137,62005.402562817995,0.013539294575560828,0.5607585036907778,0.4242088400000057,-347.70052296986023
marquise,rd,rd_correct,38.151,39.651,,hip_flexion_r,18.148478972764323,973.7744918233982,-0.43259794736280943,1.8637250333782305,2.434293690000004,18.115270077650116
marquise,rd,rd_correct,38.151,39.651,,hip_adduction_r,6.953239101901477,269.7844858400176,0.9935002507154497,2.5773309685512285,2.79471676,-6.951923985619366
marquise,rd,rd_correct,38.151,39.651,,hip_rotation_r,0.6922653221017014,56.04020800173471,-0.852798014851457,1.23530112893277,1.94170233,0.18510415613008901
marquise,rd,rd_correct,38.151,39.651,,knee_angle_r,8.756309998361974,216.54772129255608,0.974173149697944,4.043593692002972,2.625631410000004,8.731833098871691
marquise,rd,rd_correct,38.151,39.651,,ankle_angle_r,2.6500892474299174,10.258270897128655,0.9980329186572617,25.833683610087657,21.678808420000003,2.0843793290866217
marquise,rd,rd_correct,38.151,39.651,,hip_flexion_l,11.469404704567637,948.6110838987106,-0.029474506607742187,1.2090734442432787,2.88817232,11.43560850071656
marquise,rd,rd_correct,38.151,39.651,,hip_adduction_l,4.676496825698946,581.0153882046809,0.9750637987172285,0.8048834713567867,2.9406963600000005,4.640975909602215
marquise,rd,rd_correct,38.151,39.651,,hip_rotation_l,18.129713048875807,751.5994029912023,0.9475609883057596,2.4121510709991902,0.8196869700000002,18.118251958816135
marquise,rd,rd_correct,38.151,39.651,,knee_angle_l,3.638931079912182,258.2323413701236,0.9064262274199725,1.4091693784770798,1.9101144799999998,3.6306613662867457
marquise,rd,rd_correct,38.151,39.651,,ankle_angle_l,2.0574533551869782,237.46711074196355,0.9574231131150787,0.8664161317996779,2.1457919400000023,-2.0446971167123236
marquise,rd,rd_toes,84.796,86.296,,pelvis_tilt,9.124307983228809,960.0479289703316,0.09572046249820257,0.9504012985075434,2.37881257,9.09976952954396
marquise,rd,rd_toes,84.796,86.296,,pelvis_list,4.516704409585125,340.5191096728386,0.9648532424143565,1.3264173085394972,2.1805752300000005,-4.510827191054432
marquise,rd,rd_toes,84.796,86.296,,pelvis_rotation,347.1971114162209,75900.93231013184,0.5252717870630665,0.45743458064200127,0.4442002399999865,-347.1970937462367
marquise,rd,rd_toes,84.796,86.296,,hip_flexion_r,17.10588985273775,3505.040022296832,0.6977150264275764,0.48803693378452095,3.0113434800000007,17.087360414011233
marquise,rd,rd_toes,84.796,86.296,,hip_adduction_r,7.97468068475285,280.1176016469915,0.9892462607994781,2.8469045279070557,3.254903369999999,-7.973440499430969
marquise,rd,rd_toes,84.796,86.296,,hip_rotation_r,2.7944332072653557,505.33236563386276,-0.8958450452030688,0.5529891606606601,2.07890145,-2.6987629312898713
marquise,rd,rd_toes,84.796,86.296,,knee_angle_r,8.621834983875203,363.5643711416724,0.8679557287631002,2.371474123495858,1.9181219799999951,8.612902146965514
marquise,rd,rd_toes,84.796,86.296,,ankle_angle_r,4.504431831370676,16.84605364220117,0.9881905705949271,26.738795489090638,18.3354021,-2.884832942396798
marquise,rd,rd_toes,84.796,86.296,,hip_flexion_l,9.175937943873684,1438.6869946534425,0.36768216909368334,0.6377994642319003,2.92142082,9.145962596331763
marquise,rd,rd_toes,84.796,86.296,,hip_adduction_l,4.586988246838181,345.50747372549296,0.9513764113300688,1.3276089797358654,2.8399585400000014,4.57052495080835
marquise,rd,rd_toes,84.796,86.296,,hip_rotation_l,16.541223678787972,755.3425502465444,0.8572563229883636,2.1898969776545627,2.0655806100000005,16.537012087107705
marquise,rd,rd_toes,84.796,86.296,,knee_angle_l,2.115518915457894,183.61245664075577,0.8570916420220747,1.152165247479359,1.36548742,2.1007805197333287
marquise,rd,rd_toes,84.796,86.296,,ankle_angle_l,2.7409272866675085,342.95162771757026,0.8896468163127185,0.7992168764175496,1.589122419999999,-2.734591727384169
marquise,rd,rd_supination,135.406,136.906,,pelvis_tilt,6.371969556144304,294.4949909009421,0.7794546882712661,2.163693697013547,1.5305144800000001,6.359679210650566
marquise,rd,rd_supination,135.406,136.906,,pelvis_list,4.278071628914926,242.74604755687216,0.6884749200073438,1.762365102118761,1.803258360000001,-4.260951799432368
marquise,rd,rd_supination,135.406,136.906,,pelvis_rotation,348.10426259304745,32681.42393130401,0.8942430206649314,1.0651441116052922,1.598535379999987,-348.1041577891622
marquise,rd,rd_supination,135.406,136.906,,hip_flexion_r,12.848191024379629,851.1459696283206,-0.4305647606648866,1.50951675539158,1.3991605200000024,12.827280219429316
marquise,rd,rd_supination,135.406,136.906,,hip_adduction_r,9.334066236524526,249.08647059046345,0.9251484728235029,3.7473196414072483,5.793304240000001,-9.28632492685281
marquise,rd,rd_supination,135.406,136.906,,hip_rotation_r,6.295630295194554,128.97128139375354,0.9666971673143587,4.881420287648217,6.9982047000000005,-6.225501812249458
marquise,rd,rd_supination,135.406,136.906,,knee_angle_r,7.919902725432438,332.10629594673975,0.7460538252171309,2.3847493474506614,1.727239560000001,7.903562764506989
marquise,rd,rd_supination,135.406,136.906,,ankle_angle_r,4.36974491178499,17.26429243203189,0.9883954932405021,25.31088331009405,14.607132620000002,-2.884172162338237
marquise,rd,rd_supination,135.406,136.906,,hip_flexion_l,7.072211585668384,356.2830483876924,0.8068507292359414,1.9849980563691307,2.1918556899999997,7.0626343985487585
marquise,rd,rd_supination,135.406,136.906,,hip_adduction_l,4.439837243588311,230.57571903644688,0.46706805833103043,1.9255441388806904,1.7034099499999993,4.407860219750022
marquise,rd,rd_supination,135.406,136.906,,hip_rotation_l,15.339495891306957,1255.6226537369685,0.004799355690069741,1.2216644742473974,0.7133995799999999,15.33377051080411
marquise,rd,rd_supination,135.406,136.906,,knee_angle_l,1.7871611595852193,129.22228516011128,0.967189622391807,1.3830131214371109,1.0737363100000006,1.7835370364835463
marquise,rd,rd_supination,135.406,136.906,,ankle_angle_l,3.0246318244846133,231.50075447926653,0.8823094528220706,1.3065321671577976,1.7717954400000018,-3.017268976748094
marquise,rd,rd_pronation,185.249,186.749,,pelvis_tilt,53.10980754995395,4553.832560033534,0.7189934235868193,1.1662661472463727,66.26282714,42.07264409582123
marquise,rd,rd_pronation,185.249,186.749,,pelvis_list,25.366142500022907,1660.2336874042567,0.6615722203767138,1.5278657873568617,32.44491124,-20.10886678065696
marquise,rd,rd_pronation,185.249,186.749,,pelvis_rotation,326.17160773638545,6738.268746488138,0.8976645419767854,4.840584725956205,46.124174929999995,-325.53461099802496
marquise,rd,rd_pronation,185.249,186.749,,hip_flexion_r,87.23147746040794,2660.9917349303046,0.8840813313496965,3.2781566479646607,110.60874572,69.19390117736116
marquise,rd,rd_pronation,185.249,186.749,,hip_adduction_r,22.868915426421008,424.0384851337769,-0.8579112550970669,5.393122612256823,20.9681693,-20.076540514509553
marquise,rd,rd_pronation,185.249,186.749,,hip_rotation_r,49.354784054735326,363.8854776691977,0.9141508171484238,13.56327390993134,89.39806937,34.15752439242751
marquise,rd,rd_pronation,185.249,186.749,,knee_angle_r,18.681588954401345,229.78546026615675,0.9461148359183358,8.130013505973253,26.61449466,16.27658613012491
marquise,rd,rd_pronation,185.249,186.749,,ankle_angle_r,5.448722712315589,29.35766015926357,0.9682515871890874,18.55979898519361,18.24500026,5.148981336613198
marquise,rd,rd_pronation,185.249,186.749,,hip_flexion_l,12.605576415234921,1308.1943305877057,-0.24790235076989722,0.9635859230158772,15.42534955,11.493581249501327
marquise,rd,rd_pronation,185.249,186.749,,hip_adduction_l,54.860696023501404,7239.174487415723,0.2613939684519634,0.7578308289000208,72.46227916000001,41.562691164169934
marquise,rd,rd_pronation,185.249,186.749,,hip_rotation_l,32.43438045786902,2410.431271968354,-0.4814145411886,1.3455841216075477,33.9366462,29.462850875452162
marquise,rd,rd_pronation,185.249,186.749,,knee_angle_l,1.721334895604212,111.69881991793436,0.9283074180059854,1.5410502070378942,5.103887009999999,-0.48968055023615953
marquise,rd,rd_pronation,185.249,186.749,,ankle_angle_l,4.439105719630339,899.1069084009359,0.8458441535361902,0.4937239029255487,3.3547284600000005,-4.309208531505725
marquise,rgs,rgs_correct,36.016,37.516,,pelvis_tilt,9.401935041634163,162.00987007721022,0.8342191214702223,5.803310031144037,8.646444259999999,9.294139235531041
marquise,rgs,rgs_correct,36.016,37.516,,pelvis_list,4.52327316536813,77.82413752037269,-0.6787901337396686,5.812172559167823,9.17347376,1.3352036464803458
marquise,rgs,rgs_correct,36.016,37.516,,pelvis_rotation,3.307374577787977,33.136547292481644,0.9867676897715422,9.981047658934543,13.95169808,3.106487288458015
marquise,rgs,rgs_correct,36.016,37.516,,hip_flexion_r,10.397719036061003,29.7952553059,0.9948288547972914,34.89723088226758,44.900597069999996,-9.962899744659248
marquise,rgs,rgs_correct,36.016,37.516,,hip_adduction_r,6.000821033725799,67.9863820184113,0.8234458008554344,8.826504449230324,26.66592538,-0.9549250899485628
marquise,rgs,rgs_correct,36.016,37.516,,hip_rotation_r,4.6212958778488264,31.228694262102792,0.3578599314941591,14.798236003920742,11.285659859999999,0.042314536069674634
marquise,rgs,rgs_correct,36.016,37.516,,knee_angle_r,2.977007909964843,6.217141911988302,0.9824119787172642,47.88386612543588,44.343076319999994,-0.6881434393782269
marquise,rgs,rgs_correct,36.016,37.516,,ankle_angle_r,4.913558903680595,22.068177606592563,0.7286266670487934,22.265358704620617,22.0264667,-0.04191244461530884
marquise,rgs,rgs_correct,36.016,37.516,,hip_flexion_l,10.072693366070721,62.396669262191374,0.9811770125528504,16.142998472795355,21.666949839999997,-9.793062365271139
marquise,rgs,rgs_correct,36.016,37.516,,hip_adduction_l,6.968472998955898,108.67433641726996,0.13105397679558461,6.412252633592805,23.53313437,0.9773786881385281
marquise,rgs,rgs_correct,36.016,37.516,,hip_rotation_l,7.45869267210902,69.10410518683263,0.19891926121968637,10.793414735555002,6.155477149999999,6.6954773729433965
marquise,rgs,rgs_correct,36.016,37.516,,knee_angle_l,0.8851444413603426,5.14079183802487,0.9911056763173101,17.21805646385444,17.39708489,-0.37064455916240957
marquise,rgs,rgs_correct,36.016,37.516,,ankle_angle_l,1.9833414652500863,6.603880043209083,0.9902048901538579,30.03297231738182,24.10370786,1.375580211037001
marquise,rgs,rgs_flexion,154.975,156.475,,pelvis_tilt,10.74156270908008,151.3288469485946,0.7728948583409798,7.098159356708056,8.133374749999998,10.634723282213088
marquise,rgs,rgs_flexion,154.975,156.475,,pelvis_list,3.835236940295063,141.927131979286,-0.515818268211294,2.70225776200058,9.036192609999999,2.585487221952925
marquise,rgs,rgs_flexion,154.975,156.475,,pelvis_rotation,3.3771982321558993,46.47597053401511,0.955063402094808,7.266546977613249,10.77395604,3.1734156200441497
marquise,rgs,rgs_flexion,154.975,156.475,,hip_flexion_r,10.054600850302897,22.59005297182812,0.9917050150037371,44.50897420577948,55.42788569,-9.275800353770103
marquise,rgs,rgs_flexion,154.975,156.475,,hip_adduction_r,5.038952856459639,46.45173783841411,0.9454840838039943,10.847716556887534,26.43610575,-2.673467159536257
marquise,rgs,rgs_flexion,154.975,156.475,,hip_rotation_r,3.066522515820889,19.035953127339976,0.8332866953918842,16.109109406329974,16.25116052,0.7720886819726758
marquise,rgs,rgs_flexion,154.975,156.475,,knee_angle_r,3.3151295131505103,5.742830968917552,0.9892671306953462,57.72639889791791,61.75124914,0.614894734595108
marquise,rgs,rgs_flexion,154.975,156.475,,ankle_angle_r,4.314202200224435,8.579137159773568,0.9827756248992692,50.28713400752182,43.36215696,2.1846997946099522
marquise,rgs,rgs_flexion,154.975,156.475,,hip_flexion_l,11.959869180093902,76.16671874533073,0.941495645781809,15.70222451105271,18.063879329999995,-11.816110610163573
marquise,rgs,rgs_flexion,154.975,156.475,,hip_adduction_l,5.053271871232412,115.58769268874522,0.6637294968644438,4.37180789207366,20.22790628,2.209184053009075
marquise,rgs,rgs_flexion,154.975,156.475,,hip_rotation_l,7.903777802558593,100.32679368130933,-0.4180532654053846,7.878032888866308,6.614487779999999,7.155014523875477
marquise,rgs,rgs_flexion,154.975,156.475,,knee_angle_l,1.0185662784868628,5.47591827148438,0.9936652823843072,18.600830545463122,18.56689154,-0.8911155165054482
marquise,rgs,rgs_flexion,154.975,156.475,,ankle_angle_l,1.4953235485217165,12.92668043734829,0.956129734720525,11.567730445330472,10.691120510000001,0.7566166992691181
marquise,rgs,rgs_abduction,249.839,251.339,,pelvis_tilt,9.406497976293489,147.7749305459584,0.9421665976658213,6.365422024927321,6.918855610000001,9.380479419061949
marquise,rgs,rgs_abduction,249.839,251.339,,pelvis_list,3.430210429200304,41.60539486146689,0.808357187842808,8.244628949254887,10.95517987,2.8012255498820693
marquise,rgs,rgs_abduction,249.839,251.339,,pelvis_rotation,3.9422759571512263,26.422107146392232,0.9175498043527301,14.920369277548398,16.058048199999998,3.6098618248454515
marquise,rgs,rgs_abduction,249.839,251.339,,hip_flexion_r,8.872258302227571,21.07136541318729,0.9984450718185087,42.1057588260273,52.15183054,-8.001206152297268
marquise,rgs,rgs_abduction,249.839,251.339,,hip_adduction_r,5.532023311125985,34.803239476984,0.9676838604611935,15.895139056766284,23.34118698,-4.93330635602388
marquise,rgs,rgs_abduction,249.839,251.339,,hip_rotation_r,3.8268717850505305,25.872546528541058,0.8564748594161801,14.791245155667042,19.79011625,0.4258499990358052
marquise,rgs,rgs_abduction,249.839,251.339,,knee_angle_r,2.962590240906876,8.51853380532427,0.976434468673746,34.77817085206838,35.28610107,-0.3015912594645051
marquise,rgs,rgs_abduction,249.839,251.339,,ankle_angle_r,6.66227799947604,11.934755528751394,0.9644349386461599,55.822492412402546,39.80125146,1.7496607717242332
marquise,rgs,rgs_abduction,249.839,251.339,,hip_flexion_l,9.144774215178543,66.37285576842245,0.986719049994341,13.77788270416603,15.476238770000002,-9.067651072778947
marquise,rgs,rgs_abduction,249.839,251.339,,hip_adduction_l,5.019760117817696,293.28355985728496,-0.22099881580737074,1.7115722818764088,10.87594165,3.801171377150396
marquise,rgs,rgs_abduction,249.839,251.339,,hip_rotation_l,7.0948282881228675,110.96339596642572,0.45042395589756884,6.3938456698545485,2.33799011,6.8941114816464335
marquise,rgs,rgs_abduction,249.839,251.339,,knee_angle_l,0.8761811419942782,11.598503952823897,0.9540936803375478,7.554259976614947,6.610813889999999,-0.4295612658217891
marquise,rgs,rgs_abduction,249.839,251.339,,ankle_angle_l,1.7592436436997114,13.631627375339095,0.9485941184176431,12.905602502620852,12.16124099,1.0226726675173772
marquise,rgs,rgs_stork,344.681,346.181,,pelvis_tilt,10.255679067050478,62.3208202176813,0.9528205297983836,16.45626458578091,18.169379590000002,10.036598713424684
marquise,rgs,rgs_stork,344.681,346.181,,pelvis_list,2.74924907558801,20.545801128316057,0.972887251905489,13.381075083993766,17.28356124,1.8779815036471161
marquise,rgs,rgs_stork,344.681,346.181,,pelvis_rotation,5.10354007765492,87.41553206137877,0.3625064761226208,5.838253176874186,9.06661579,4.481494887036656
marquise,rgs,rgs_stork,344.681,346.181,,hip_flexion_r,10.396628734659616,17.43791206345606,0.9976241453830569,59.62083474688129,76.3054971,-7.950017800723599
marquise,rgs,rgs_stork,344.681,346.181,,hip_adduction_r,4.204297089129678,66.38683292817825,0.8282004692830036,6.333028559561156,14.424108659999998,-3.484728501851763
marquise,rgs,rgs_stork,344.681,346.181,,hip_rotation_r,4.72494953440088,39.53938248912342,0.9239529361535227,11.94998312303089,19.24252087,2.8510935234235375
marquise,rgs,rgs_stork,344.681,346.181,,knee_angle_r,4.292444281976825,5.203753749963399,0.999449889971353,82.48745978817726,91.54658184,0.9106294052775281
marquise,rgs,rgs_stork,344.681,346.181,,ankle_angle_r,4.553553795235134,7.176918903777462,0.9959565138347155,63.44719588288004,57.58391239,1.0606362253539112
marquise,rgs,rgs_stork,344.681,346.181,,hip_flexion_l,8.72104878938259,40.9211099465853,0.9715855649359241,21.311857866920658,23.03472421,-8.476639577794206
marquise,rgs,rgs_stork,344.681,346.181,,hip_adduction_l,4.345707367497974,48.985604191479595,0.9446011658711677,8.871396891443982,17.02529105,2.831299244978156
marquise,rgs,rgs_stork,344.681,346.181,,hip_rotation_l,13.112892334077538,256.5335480045752,-0.3782219887616331,5.111570177107469,13.94395619,12.884224571875595
marquise,rgs,rgs_stork,344.681,346.181,,knee_angle_l,3.756121256262909,66.51323895642727,0.23178837367962019,5.6471783891377445,13.51954946,1.7780203135792298
marquise,rgs,rgs_stork,344.681,346.181,,ankle_angle_l,2.3634188094056316,20.828523955648365,0.8094569999882565,11.347029748426845,9.95952963,1.2153413786853584
neves,ng,ng_v0,32.37,33.87,3.49,pelvis_tilt,10.31793687000286,257.38693772872006,-0.495833058400308,4.00872591323097,36.75639524,5.539738034737558
neves,ng,ng_v0,32.37,33.87,3.49,pelvis_list,5.862003712042031,92.83468467979449,0.6652221944105036,6.3144542713332426,30.697670799999997,2.2838622306392957
neves,ng,ng_v0,32.37,33.87,3.49,pelvis_rotation,3.385720275323943,53.29054902374932,0.4516895717318738,6.353322188170874,17.88359607,-0.41944215093819126
neves,ng,ng_v0,32.37,33.87,3.49,hip_flexion_r,7.511700405318792,17.735637014825016,0.949036753675952,42.35371077475169,46.35559691,-5.792106479073833
neves,ng,ng_v0,32.37,33.87,3.49,hip_adduction_r,4.923689434843158,33.154917775025226,0.8571837765386003,14.850555408561595,33.190261220000004,0.36612403430013407
neves,ng,ng_v0,32.37,33.87,3.49,hip_rotation_r,12.87623414860676,73.60286626903476,0.19580798334989288,17.49420206210622,16.49373887,11.967787886668203
neves,ng,ng_v0,32.37,33.87,3.49,knee_angle_r,5.263555793550121,8.168862302563284,0.9769433182526319,64.43438019390392,81.21662226,0.8240761566297957
neves,ng,ng_v0,32.37,33.87,3.49,ankle_angle_r,6.7755495403854145,18.992532409307742,0.9460325966122974,35.67480836344339,32.45743392,6.315110057871521
neves,ng,ng_v0,32.37,33.87,3.49,hip_flexion_l,10.420482458765232,26.443137654814418,0.9259230298482803,39.40713312766803,52.96086331,-7.911564828550451
neves,ng,ng_v0,32.37,33.87,3.49,hip_adduction_l,6.192544850153764,37.582406887603724,0.8654447886751617,16.47724391009222,37.29998742,3.551387190389317
neves,ng,ng_v0,32.37,33.87,3.49,hip_rotation_l,2.798851777068775,19.731283272636702,0.83347508688883,14.184844129982242,17.27483715,1.2111158595297062
neves,ng,ng_v0,32.37,33.87,3.49,knee_angle_l,3.413048056487801,5.627508263883266,0.985121822188088,60.649365517459486,64.20456254,-0.6301254125053939
neves,ng,ng_v0,32.37,33.87,3.49,ankle_angle_l,5.548258969552535,13.739138377044762,0.9543167336410484,40.3828742188267,33.01240265,4.820745796366927
neves,ng,ng_v1,91.24,92.74,4.03,pelvis_tilt,2.436097260768632,73.24372929221913,0.27457978719382176,3.326014778752432,11.403675080000001,1.4202193246300427
neves,ng,ng_v1,91.24,92.74,4.03,pelvis_list,2.1092273537178747,38.79206984758286,0.8038849541596989,5.437264270778016,14.00972945,0.770741232966314
neves,ng,ng_v1,91.24,92.74,4.03,pelvis_rotation,1.1788150782884081,19.520640608493455,0.9016738693979603,6.03881348942772,9.52429943,-0.0031225747419347423
neves,ng,ng_v1,91.24,92.74,4.03,hip_flexion_r,3.691188869032895,9.650080630677907,0.9931345849007416,38.250342254120554,42.5119829,-3.173720686587166
neves,ng,ng_v1,91.24,92.74,4.03,hip_adduction_r,2.717431883299248,17.180273042486803,0.9354959467718942,15.817163537384074,22.55226019,1.1578109673478119
neves,ng,ng_v1,91.24,92.74,4.03,hip_rotation_r,12.605891924762261,68.11985739432868,0.25178490515925184,18.50545847709271,13.17412845,11.744610183136329
neves,ng,ng_v1,91.24,92.74,4.03,knee_angle_r,2.7823317410149406,4.660631719766353,0.989251784496519,59.698596849322065,59.77928343,-0.2831333649404537
neves,ng,ng_v1,91.24,92.74,4.03,ankle_angle_r,18.04022511171084,53.547835628089466,0.552971352475431,33.68992397191777,123.51042816,2.198343725219796
neves,ng,ng_v1,91.24,92.74,4.03,hip_flexion_l,5.129708779203968,13.51857432416675,0.9912450657802442,37.94563432649656,55.89284533,-2.680379682172067
neves,ng,ng_v1,91.24,92.74,4.03,hip_adduction_l,2.876997464093277,18.917524739063634,0.9057556714567869,15.208107317298431,19.87579072,1.0249838439724472
neves,ng,ng_v1,91.24,92.74,4.03,hip_rotation_l,3.276787336950835,19.79033535431348,0.6814426712739408,16.557512938943855,7.967762969999999,1.1786768686915037
neves,ng,ng_v1,91.24,92.74,4.03,knee_angle_l,2.7968846347419425,4.916495857192911,0.989538571549655,56.887765513929125,60.674348959999996,-0.13392078292701223
neves,ng,ng_v1,91.24,92.74,4.03,ankle_angle_l,5.399894321750405,16.28115985930465,0.944351970044271,33.166521110376394,27.56281379,4.787845567175048
neves,ng,ng_v2,160.53,162.03,4.48,pelvis_tilt,4.218265806805579,133.77170704187756,0.5577494210282183,3.1533318218665185,6.652925300000001,3.986230158069896
neves,ng,ng_v2,160.53,162.03,4.48,pelvis_list,1.5938164001463468,21.510326613247095,0.9215655707777328,7.409540676917468,11.35861208,0.36430406025693063
neves,ng,ng_v2,160.53,162.03,4.48,pelvis_rotation,1.1505300169480346,24.71834881109681,0.8837602290627637,4.654558545721011,8.25627232,-0.1568344846603638
neves,ng,ng_v2,160.53,162.03,4.48,hip_flexion_r,5.171151937508778,12.346638394124662,0.9947257924514411,41.88307596316703,46.793048,-4.772263947295466
neves,ng,ng_v2,160.53,162.03,4.48,hip_adduction_r,2.326146294778204,14.672217431946544,0.9666143075277055,15.854088215141708,20.265977409999998,1.151593686904801
neves,ng,ng_v2,160.53,162.03,4.48,hip_rotation_r,13.455529559658899,74.50858346174176,0.27937023973961334,18.059032844944593,9.74233057,12.79300623009846
neves,ng,ng_v2,160.53,162.03,4.48,knee_angle_r,2.688033661984212,4.013756768573645,0.9928269804024783,66.97051707344612,66.31502836000001,1.4642437405859519
neves,ng,ng_v2,160.53,162.03,4.48,ankle_angle_r,7.305261988617425,16.88385884861208,0.9721505464397342,43.267727206911275,42.8980801,6.872443072807244
neves,ng,ng_v2,160.53,162.03,4.48,hip_flexion_l,5.265051403127022,11.83471491671681,0.9945033120884258,44.488197985149725,52.83660648,-3.8414670084847438
neves,ng,ng_v2,160.53,162.03,4.48,hip_adduction_l,2.409546410461974,15.153927800962352,0.936236718896286,15.900474399178247,19.32233247,0.3888453799952542
neves,ng,ng_v2,160.53,162.03,4.48,hip_rotation_l,3.5771653017700418,20.526059235611463,0.609859335860492,17.42743339434526,10.221201619999999,-1.3002191095574573
neves,ng,ng_v2,160.53,162.03,4.48,knee_angle_l,3.7428383417518045,6.246790959319527,0.9950421160533934,59.916177220047686,64.77612067999999,2.456566389566052
neves,ng,ng_v2,160.53,162.03,4.48,ankle_angle_l,6.340814547586242,15.812277963460264,0.9535926893104011,40.100576034894445,31.674849020000003,5.293588839500407
neves,gwo,gwo_v0,6.43,7.93,3.58,pelvis_tilt,0.9368313914358258,21.802213931302656,0.9614151555666717,4.29695532016941,4.161039279999999,0.8456397888293841
neves,gwo,gwo_v0,6.43,7.93,3.58,pelvis_list,0.41691755917375334,95.14346038137543,0.6751980660541796,0.43819886043935186,0.3423661,0.4055371562372003
neves,gwo,gwo_v0,6.43,7.93,3.58,pelvis_rotation,1.6941209083769266,122.92793481347088,0.916932668199203,1.3781415192141329,0.74132496,1.6861316725728615
neves,gwo,gwo_v0,6.43,7.93,3.58,hip_flexion_r,0.4832613526374316,24.801069740175645,0.6932255770747539,1.9485504363329493,1.8087489999999988,-0.2300770049141907
neves,gwo,gwo_v0,6.43,7.93,3.58,hip_adduction_r,0.9230929327508742,153.11362764258976,0.7372118504333104,0.6028809760197391,0.43269517999999985,0.9171600575111251
neves,gwo,gwo_v0,6.43,7.93,3.58,hip_rotation_r,1.0033764073593936,74.93946425861857,-0.4456465147003687,1.3389159067066565,2.71894352,0.23735911721914127
neves,gwo,gwo_v0,6.43,7.93,3.58,knee_angle_r,0.28940194516504025,170.64968561197955,-0.7318123367454019,0.16958832600669282,0.6008141599999988,0.1995368271570577
neves,gwo,gwo_v0,6.43,7.93,3.58,ankle_angle_r,2.2814883107579855,81.32833240309346,0.6851058388544584,2.805281066689135,1.6425868099999992,2.2052474128055026
neves,gwo,gwo_v0,6.43,7.93,3.58,hip_flexion_l,0.9695960683878253,71.66039958900804,0.024602603810130807,1.3530430669501197,1.429273629999999,-0.8154838207715877
neves,gwo,gwo_v0,6.43,7.93,3.58,hip_adduction_l,0.7283972963508364,84.64530923294103,-0.8480071233731474,0.8605288384573226,0.4605096900000003,0.6108316206861524
neves,gwo,gwo_v0,6.43,7.93,3.58,hip_rotation_l,2.3986503688485,179.9015173394606,0.7286919490552796,1.3333130283289538,1.5542648200000002,2.3753439452875647
neves,gwo,gwo_v0,6.43,7.93,3.58,knee_angle_l,1.2911966107349462,54.57308720462161,0.6366348222667665,2.365995176145357,2.2120937400000003,-1.1801840927355112
neves,gwo,gwo_v0,6.43,7.93,3.58,ankle_angle_l,1.7798890530764442,52.15282115174574,0.1311693205996292,3.412833694840044,0.8184866900000003,1.575502744619206
neves,gwo,gwo_v1,44.71,46.21,4.05,pelvis_tilt,2.000678271046546,38.312405099365634,0.8186587284635573,5.222011684877681,6.330137849999999,1.7108744728695098
neves,gwo,gwo_v1,44.71,46.21,4.05,pelvis_list,0.9399053848106935,20.43890963740443,0.7040605373845484,4.598608250073235,5.16041637,0.0644720511222384
neves,gwo,gwo_v1,44.71,46.21,4.05,pelvis_rotation,0.7367399876807013,12.529259648283652,0.922410384106794,5.8801557982049255,6.78769188,0.1968295172087188
neves,gwo,gwo_v1,44.71,46.21,4.05,hip_flexion_r,4.8854263655270795,9.78081696381345,0.9721312867478112,49.94906236975829,44.233102540000004,3.04112317726583
neves,gwo,gwo_v1,44.71,46.21,4.05,hip_adduction_r,1.461777551275127,11.232940494003897,0.963199104222806,13.013311626242643,13.309224740000001,0.867444526551377
neves,gwo,gwo_v1,44.71,46.21,4.05,hip_rotation_r,2.065648937378242,12.301362771337923,0.8253350827112005,16.792033336267327,11.01966199,-0.013665814079018712
neves,gwo,gwo_v1,44.71,46.21,4.05,knee_angle_r,8.759591051702705,101.02542971931243,0.9317173453005824,8.670679328996892,32.78699812,6.218832616748495
neves,gwo,gwo_v1,44.71,46.21,4.05,ankle_angle_r,3.394678590771129,10.286604482519085,0.898666176175816,33.00096350102699,21.18075061,0.0334366237776231
neves,gwo,gwo_v1,44.71,46.21,4.05,hip_flexion_l,2.4074659102657385,5.325321622441931,0.9958851379397716,45.20789693002229,48.80395181,-1.4230066593714692
neves,gwo,gwo_v1,44.71,46.21,4.05,hip_adduction_l,1.0522178844575336,9.053071750828869,0.9705580755172178,11.622771954294917,13.14379111,0.19701376510437535
neves,gwo,gwo_v1,44.71,46.21,4.05,hip_rotation_l,4.270131922341425,37.72622395368697,0.10204485483002881,11.318736610330987,12.060800749999999,1.6370973015051142
neves,gwo,gwo_v1,44.71,46.21,4.05,knee_angle_l,1.8924210599059148,2.9132106014575583,0.9975252731350783,64.95998123029915,67.81155149,0.7071760784078706
neves,gwo,gwo_v1,44.71,46.21,4.05,ankle_angle_l,5.998120092640607,16.492728143853643,0.9874979860328685,36.36827115758851,29.3981213,5.57329984199574
neves,gwo,gwo_v2,70.88,72.38,4.57,pelvis_tilt,1.3645186955556694,33.12127764915393,0.31827470548165604,4.119764672153357,4.200894839999999,0.6484493954918464
neves,gwo,gwo_v2,70.88,72.38,4.57,pelvis_list,0.8287575491855473,23.06566383886973,0.7280194806047565,3.593035756417051,5.83224109,-0.016120192894724994
neves,gwo,gwo_v2,70.88,72.38,4.57,pelvis_rotation,0.7100059186001304,13.278186869615757,0.9236672816651916,5.347160162543159,6.59579661,0.03642684916966948
neves,gwo,gwo_v2,70.88,72.38,4.57,hip_flexion_r,7.413810437745453,16.054555261397212,0.9579098477894434,46.17885900316268,41.04305541,6.107562500540269
neves,gwo,gwo_v2,70.88,72.38,4.57,hip_adduction_r,1.6174762170752095,14.847911927610166,0.9416969571299153,10.89362750103239,11.07513971,1.0866617420092146
neves,gwo,gwo_v2,70.88,72.38,4.57,hip_rotation_r,2.6352990512465015,19.04318285183596,0.6960074935911975,13.838543019568975,10.023614870000001,-0.10392499017141757
neves,gwo,gwo_v2,70.88,72.38,4.57,knee_angle_r,11.386358637488518,130.70029402576603,0.9170466081892923,8.711807974390501,32.17893651,8.768716034636377
neves,gwo,gwo_v2,70.88,72.38,4.57,ankle_angle_r,2.7969295266992984,10.121434553950854,0.9385074095253945,27.633726343737806,18.12673749,-1.1526350298187809
neves,gwo,gwo_v2,70.88,72.38,4.57,hip_flexion_l,1.3512982448739839,3.0518550199654157,0.9972641191128888,44.27793050566658,46.6406737,0.14049024927514325
neves,gwo,gwo_v2,70.88,72.38,4.57,hip_adduction_l,0.954721424588555,7.967662714712315,0.9710248630769636,11.982452806714056,12.42599369,-0.3450200865260226
neves,gwo,gwo_v2,70.88,72.38,4.57,hip_rotation_l,3.9657892373456547,28.999098536130642,0.16159330138866065,13.675560405453938,6.8242125300000005,1.8407557718735874
neves,gwo,gwo_v2,70.88,72.38,4.57,knee_angle_l,2.4437133191963025,3.7446810731454963,0.9962443466450261,65.25824954015661,64.95938305,1.6363915572570638
neves,gwo,gwo_v2,70.88,72.38,4.57,ankle_angle_l,3.0978287530350115,10.662507122005577,0.9841965517353394,29.05347417439588,23.19662938,2.752797583356813
neves,rd,rd_correct,61.789,63.289,,pelvis_tilt,5.650907504140376,534.8718364990924,0.16381662048029663,1.0564974856644866,0.91955805,5.63874065426155
neves,rd,rd_correct,61.789,63.289,,pelvis_list,1.8785019920932708,249.069854918304,0.5621523393725096,0.7542068841327376,0.7431928200000009,-1.8667040002522295
neves,rd,rd_correct,61.789,63.289,,pelvis_rotation,353.7987590339035,21366.93796705403,0.7680889578633944,1.6558234014599122,1.034968140000018,-353.7984659756423
neves,rd,rd_correct,61.789,63.289,,hip_flexion_r,5.912873565278819,325.64066136045227,0.9780381120257138,1.8157663544153806,1.8206625699999996,5.910844573540506
neves,rd,rd_correct,61.789,63.289,,hip_adduction_r,4.816865545575342,242.61785674325833,0.8483764801562894,1.985371402679819,1.5043506199999994,-4.801189961611005
neves,rd,rd_correct,61.789,63.289,,hip_rotation_r,9.73031584118685,238.6721896657577,0.5569430210229134,4.07685363544593,0.7843037399999995,9.634220280372277
neves,rd,rd_correct,61.789,63.289,,knee_angle_r,2.6202703649689196,60.81788276092402,0.9220084808497894,4.308388003688389,3.9155556199999992,-2.5510634535640087
neves,rd,rd_correct,61.789,63.289,,ankle_angle_r,2.533346975195974,11.809497119312194,0.9845476167545649,21.45177690126335,19.001401129999998,-2.0922102785085612
neves,rd,rd_correct,61.789,63.289,,hip_flexion_l,2.798465018178533,281.82002228292686,0.9726066126074858,0.9929972311793649,1.97048235,2.778452947481129
neves,rd,rd_correct,61.789,63.289,,hip_adduction_l,4.271638629358832,600.6425449604415,0.41610494692923017,0.7111781649833286,1.1331229900000004,4.263914705374119
neves,rd,rd_correct,61.789,63.289,,hip_rotation_l,25.417405214819322,808.5155477277198,-0.7413485442699944,3.143712608403547,3.7014496599999998,25.34065934625935
neves,rd,rd_correct,61.789,63.289,,knee_angle_l,3.7701158781143294,630.988859151831,0.8944761142977768,0.5974932557734984,0.8531150699999994,-3.768831105669811
neves,rd,rd_correct,61.789,63.289,,ankle_angle_l,4.813232892492462,258.66905718057956,0.9537499376676468,1.8607687154216883,2.2574976500000012,-4.807590580477636
neves,rd,rd_toes,106.588,108.088,,pelvis_tilt,5.5273184018577854,540.1196118885326,0.30402094342995917,1.0233508060430303,1.46801278,5.511182475172562
neves,rd,rd_toes,106.588,108.088,,pelvis_list,1.6310203103377188,173.5617956214594,0.4781339882968951,0.9397346371634665,0.5564870699999993,-1.6078973847255973
neves,rd,rd_toes,106.588,108.088,,pelvis_rotation,354.30595101989326,22832.313706314184,0.9035802227963111,1.551774189761204,0.762847910000005,-354.3058257770035
neves,rd,rd_toes,106.588,108.088,,hip_flexion_r,7.0158635037470445,679.4096735639803,-0.7807712910366866,1.0326410966367199,1.4107133099999984,6.973279247834028
neves,rd,rd_toes,106.588,108.088,,hip_adduction_r,4.561154430596023,270.4087339262536,0.9008563217203891,1.686762984452991,0.9619813499999994,-4.547606663918072
neves,rd,rd_toes,106.588,108.088,,hip_rotation_r,7.181702854440161,427.8209676286972,-0.9340551381685406,1.6786701442536849,1.95576684,7.057846586879591
neves,rd,rd_toes,106.588,108.088,,knee_angle_r,2.3473730742768377,81.62299361944193,0.6554284872093452,2.875872312673561,2.985925459999997,-2.254483721614782
neves,rd,rd_toes,106.588,108.088,,ankle_angle_r,5.541614697266052,26.98497058674228,0.9878505021297692,20.53593010024865,17.411467730000002,-5.297169949598937
neves,rd,rd_toes,106.588,108.088,,hip_flexion_l,2.6926522603613328,191.8905679309449,0.9920942290566993,1.403222831322449,3.34004732,2.641345596474241
neves,rd,rd_toes,106.588,108.088,,hip_adduction_l,3.969273476170917,395.02802835620855,0.20289396521351735,1.004808062022299,0.820208130000001,3.955859193289167
neves,rd,rd_toes,106.588,108.088,,hip_rotation_l,23.956052905543,917.2047542000178,-0.5129909718017787,2.6118544191844464,3.3498461200000005,23.910416712238963
neves,rd,rd_toes,106.588,108.088,,knee_angle_l,3.709762841796942,442.80005710632446,0.8332936128583548,0.8377963783564191,0.7521002299999999,-3.707512138140315
neves,rd,rd_toes,106.588,108.088,,ankle_angle_l,5.181720133595169,216.07191329305877,0.9429062178943035,2.398146086931341,2.891121179999999,-5.174691613548817
neves,rd,rd_supination,160.824,162.324,,pelvis_tilt,6.199267048262015,754.9485533832993,0.852483466065745,0.8211509275009563,1.20723901,6.197399581154264
neves,rd,rd_supination,160.824,162.324,,pelvis_list,2.3150723450250466,185.03349986306424,0.8172662647782872,1.2511638955855764,1.031962749999999,-2.3055829576221685
neves,rd,rd_supination,160.824,162.324,,pelvis_rotation,353.92090571534493,14891.627315023188,0.9745378808661648,2.376643587892488,1.6430302499999812,-353.92078852415415
neves,rd,rd_supination,160.824,162.324,,hip_flexion_r,6.521872073934738,349.04621537825864,0.9540708129764816,1.868483824374671,1.3275839099999978,6.517513945406387
neves,rd,rd_supination,160.824,162.324,,hip_adduction_r,6.247393250068631,366.8847684264804,0.548498325091548,1.7028216452982945,2.264088900000001,-6.223261190824407
neves,rd,rd_supination,160.824,162.324,,hip_rotation_r,6.156801405725711,172.38288821959367,0.22069816670601006,3.5715850159574636,1.35688391,6.090851342359847
neves,rd,rd_supination,160.824,162.324,,knee_angle_r,3.9086013884684645,106.94077132386757,0.9213216848415514,3.6549216356700462,2.909019729999997,-3.8881785227875967
neves,rd,rd_supination,160.824,162.324,,ankle_angle_r,3.3965914293262784,17.947069116183854,0.9910020553785707,18.925605107651734,16.292605090000002,-3.219190693943062
neves,rd,rd_supination,160.824,162.324,,hip_flexion_l,3.871674544730572,267.43368665032443,0.9570268983353076,1.447713858797779,2.0809047,3.8658837876143948
neves,rd,rd_supination,160.824,162.324,,hip_adduction_l,4.595868351636319,393.59647112543314,0.6322225020206771,1.167659948397171,1.037805819999999,4.587198161429104
neves,rd,rd_supination,160.824,162.324,,hip_rotation_l,24.70744019937624,899.6351100238828,-0.8158153255577513,2.746384609057813,3.3538277500000007,24.646081539827648
neves,rd,rd_supination,160.824,162.324,,knee_angle_l,3.399398889317546,922.6346485696625,0.17395675192330576,0.3684447462045295,0.5275821799999996,-3.396754001326459
neves,rd,rd_supination,160.824,162.324,,ankle_angle_l,4.9818892736507365,519.9560345761697,0.8886885605898023,0.9581366389394077,1.6454618699999983,-4.978203938049297
neves,rd,rd_pronation,205.817,207.317,,pelvis_tilt,6.428883853074892,629.5714301542347,0.4148753905099198,1.0211524133965102,0.8822275500000001,6.423041906920717
neves,rd,rd_pronation,205.817,207.317,,pelvis_list,0.3225381454065689,21.207600162850394,0.9039376727489689,1.5208611202108706,0.9336605700000007,-0.21274015979503896
neves,rd,rd_pronation,205.817,207.317,,pelvis_rotation,353.59488384575997,12835.438972526461,0.9647132073262225,2.75483280784249,3.6632447199999945,-353.5946927402084
neves,rd,rd_pronation,205.817,207.317,,hip_flexion_r,7.425209900940024,742.3058664314042,0.6004456968761503,1.0002898046106417,0.9919933800000038,7.4221247093070986
neves,rd,rd_pronation,205.817,207.317,,hip_adduction_r,3.6455872173690143,134.57141414202397,0.9497073087934188,2.7090353776928695,2.5727545000000003,-3.6370329429197965
neves,rd,rd_pronation,205.817,207.317,,hip_rotation_r,14.11581591255277,331.67942536329093,0.8434909870522314,4.255861181950498,1.82888101,14.094343317245924
neves,rd,rd_pronation,205.817,207.317,,knee_angle_r,2.3137074052009603,66.08376679083608,0.7533361608962632,3.5011736127635587,5.793323409999999,-1.9566612028995938
neves,rd,rd_pronation,205.817,207.317,,ankle_angle_r,2.5944221643622147,13.231170328016695,0.9687874287289581,19.608410292085697,16.382481159999998,-1.4573261894266856
neves,rd,rd_pronation,205.817,207.317,,hip_flexion_l,3.5267376181599777,252.8609273641155,-0.18285082293574267,1.3947341152797144,1.27678463,3.4784975167328627
neves,rd,rd_pronation,205.817,207.317,,hip_adduction_l,2.4231971490429816,107.84233705970858,0.9749903294764446,2.246981301695401,2.1257663599999983,2.4184866940150327
neves,rd,rd_pronation,205.817,207.317,,hip_rotation_l,20.802304926822565,1581.5370427955215,0.47644781715915824,1.3153220167421722,7.259849599999999,20.701574330162476
neves,rd,rd_pronation,205.817,207.317,,knee_angle_l,3.13675376380522,309.6962277988077,0.8028982586183828,1.0128485535971699,0.9949497900000015,-3.1332782277731104
neves,rd,rd_pronation,205.817,207.317,,ankle_angle_l,5.571089309164205,461.6377298404506,0.6394479134241249,1.2068097880755246,1.96454254,-5.560893974985247
neves,rgs,rgs_correct,34.627,36.127,,pelvis_tilt,5.349903373648269,118.7689087916991,-0.7265876536781217,4.504464533753619,7.4169279800000005,3.687934616985649
neves,rgs,rgs_correct,34.627,36.127,,pelvis_list,3.189930870720505,116.71115884002201,0.7370464344779176,2.7331841294567196,6.90206092,2.9658907034031103
neves,rgs,rgs_correct,34.627,36.127,,pelvis_rotation,1.4201292357533415,30.86168527626187,0.7890453590680648,4.601593279955044,4.127084380000001,1.2334193683719563
neves,rgs,rgs_correct,34.627,36.127,,hip_flexion_r,7.3205514756898005,16.180742328324254,0.9982559144203815,45.24237100590395,38.41171913,-6.722950511476553
neves,rgs,rgs_correct,34.627,36.127,,hip_adduction_r,3.2638652365705823,26.636353742095515,0.872352107662267,12.25342352850811,15.81646123,-2.6770453040384785
neves,rgs,rgs_correct,34.627,36.127,,hip_rotation_r,6.499535597182016,47.97852525482458,0.24221723060929665,13.546759852791517,10.29660489,-4.774698755529913
neves,rgs,rgs_correct,34.627,36.127,,knee_angle_r,4.1084419667562635,6.816348389875381,0.9972165419878463,60.27335652119412,53.51159224,-3.4574653239809963
neves,rgs,rgs_correct,34.627,36.127,,ankle_angle_r,2.4971015199866478,9.296602326965187,0.9440445278601914,26.86036717676628,25.49337776,1.1983417568009205
neves,rgs,rgs_correct,34.627,36.127,,hip_flexion_l,8.680638697665552,47.43068490411296,0.9774697016551319,18.301735923093975,32.59417537,-5.569606490284145
neves,rgs,rgs_correct,34.627,36.127,,hip_adduction_l,6.1690244552854425,107.37102089275128,0.9135836054131872,5.745520908707238,9.899608279999999,6.05564530636486
neves,rgs,rgs_correct,34.627,36.127,,hip_rotation_l,11.92401361961761,126.18742313527048,0.9710553620295083,9.449446960205613,9.675667610000001,11.898276922795647
neves,rgs,rgs_correct,34.627,36.127,,knee_angle_l,3.6143129092958075,37.46920198507627,0.7670943975860244,9.646089902676241,13.684799739999999,-1.4274077902935283
neves,rgs,rgs_correct,34.627,36.127,,ankle_angle_l,2.1518392172142025,14.315997215077122,0.9451679567192125,15.031011705897502,12.763046370000001,-1.5873298818386097
neves,rgs,rgs_flexion,120.537,122.037,,pelvis_tilt,5.080483338198164,155.82356780252775,0.66523840623959,3.260407530032019,13.737368200000002,3.160165168220123
neves,rgs,rgs_flexion,120.537,122.037,,pelvis_list,2.2701171540424574,88.78853612594912,0.7636782733108389,2.5567683093932647,3.8474830599999996,2.198904802963994
neves,rgs,rgs_flexion,120.537,122.037,,pelvis_rotation,1.4460669260312866,48.0648839248463,0.9195260138396505,3.008572595935819,5.34383231,1.368494344812195
neves,rgs,rgs_flexion,120.537,122.037,,hip_flexion_r,7.526599088617543,13.749232685339246,0.9996342456513051,54.74195732132111,45.63931197,-6.968471697536305
neves,rgs,rgs_flexion,120.537,122.037,,hip_adduction_r,2.9687041573879807,40.25947009211883,0.5751963286959298,7.373927551940462,6.34059287,-2.0380807461238213
neves,rgs,rgs_flexion,120.537,122.037,,hip_rotation_r,5.581267275522635,81.99423991048262,-0.6260998081540857,6.80690165750179,10.438525460000001,-1.8401883526267786
neves,rgs,rgs_flexion,120.537,122.037,,knee_angle_r,2.0674267535157305,2.5896329861608938,0.9996117310751281,79.83473969339072,73.76174477,-0.4155943810172878
neves,rgs,rgs_flexion,120.537,122.037,,ankle_angle_r,9.937641964565238,18.54111196281952,0.9980421807319461,53.597874736386814,44.233766270000004,9.488244729490283
neves,rgs,rgs_flexion,120.537,122.037,,hip_flexion_l,7.5372415992813,57.34641839706951,0.996848449895242,13.143351947619564,31.124294420000002,-3.603816080248429
neves,rgs,rgs_flexion,120.537,122.037,,hip_adduction_l,5.002068995966831,123.08260126847672,0.9577630631359303,4.0639935656348,6.513903269999999,4.904593807313678
neves,rgs,rgs_flexion,120.537,122.037,,hip_rotation_l,10.991190536450782,209.83008590941833,0.8056957743929359,5.238138510411503,6.299808479999999,10.941663856475035
neves,rgs,rgs_flexion,120.537,122.037,,knee_angle_l,3.1932209065833166,50.244002270165346,0.9836849307776978,6.355427040650852,14.39207614,-0.2385026731604146
neves,rgs,rgs_flexion,120.537,122.037,,ankle_angle_l,1.9618734982646562,39.01172065215907,0.6484591975895524,5.0289335242537625,5.617101909999999,-1.2622499014761108
neves,rgs,rgs_abduction,356.885,358.385,,pelvis_tilt,4.673419946511581,142.00642327148486,-0.7612401444666139,3.2909919416652276,9.752773770000001,2.5357597694550043
neves,rgs,rgs_abduction,356.885,358.385,,pelvis_list,1.3189450725035161,13.113144702738765,0.9734264075191139,10.058190482928522,10.98161674,1.0713767965779084
neves,rgs,rgs_abduction,356.885,358.385,,pelvis_rotation,2.734572588139817,30.79448040812117,0.936263293570897,8.880073805105186,5.15984149,2.5160781499721194
neves,rgs,rgs_abduction,356.885,358.385,,hip_flexion_r,7.246149344557305,16.228833315401463,0.9955690519816156,44.64984761215445,36.03476527,-6.492548886574362
neves,rgs,rgs_abduction,356.885,358.385,,hip_adduction_r,1.2911969239815055,6.680249330146999,0.9969983503413092,19.328573832634067,18.43368444,-1.1627679758556893
neves,rgs,rgs_abduction,356.885,358.385,,hip_rotation_r,8.764100969180307,55.842536587479806,-0.08033613748213483,15.694310295971162,8.57097483,7.011900225528335
neves,rgs,rgs_abduction,356.885,358.385,,knee_angle_r,4.695154757305592,9.00172856765641,0.9987547573253606,52.15836849575181,41.06628055,-0.6905692850407185
neves,rgs,rgs_abduction,356.885,358.385,,ankle_angle_r,10.623290478819287,17.79511302021019,0.9846212313377437,59.69779718035085,57.1487977,10.01076742198151
neves,rgs,rgs_abduction,356.885,358.385,,hip_flexion_l,6.639574088951081,32.21444758655699,0.9928914294658109,20.61054770879187,37.18655627,-2.4210594214896046
neves,rgs,rgs_abduction,356.885,358.385,,hip_adduction_l,3.464940588637324,88.3310911497313,0.7703148626108819,3.922673821343216,8.19372678,3.0026958728982893
neves,rgs,rgs_abduction,356.885,358.385,,hip_rotation_l,11.87948499542643,203.32163166043009,0.6224515067629756,5.842705912997246,2.992472140000004,11.772156024945815
neves,rgs,rgs_abduction,356.885,358.385,,knee_angle_l,3.3153566116191104,26.991297553224975,0.9952720945480271,12.283057548757913,20.80688214,-0.40017105946491943
neves,rgs,rgs_abduction,356.885,358.385,,ankle_angle_l,1.7877359238110735,25.46951033497154,0.832152177005048,7.0191216882421905,7.096241689999999,-0.9947362101813925
neves,rgs,rgs_stork,455.142,456.642,,pelvis_tilt,6.65065553780725,192.65323800442638,-0.512223730853858,3.452137948314393,10.85934898,5.557563565826237
neves,rgs,rgs_stork,455.142,456.642,,pelvis_list,1.9605675899873483,31.683061970846754,0.9953282937358896,6.188062226407817,12.24468579,-0.32450322182152963
neves,rgs,rgs_stork,455.142,456.642,,pelvis_rotation,3.996363472004374,97.65842494504126,-0.0754400265680714,4.092185056489891,3.5019501099999997,3.64043480410926
neves,rgs,rgs_stork,455.142,456.642,,hip_flexion_r,9.389775503912578,11.86881846103672,0.9989739246117386,79.11297602821703,73.06408311,-8.934803719433534
neves,rgs,rgs_stork,455.142,456.642,,hip_adduction_r,2.390948727314831,34.421248741724895,0.8200935547551081,6.946141743011666,9.469991929999999,1.686990080728348
neves,rgs,rgs_stork,455.142,456.642,,hip_rotation_r,15.04973766806901,125.88253702168495,-0.7638613147274951,11.9553815994958,33.140302750000004,-1.4782906987303666
neves,rgs,rgs_stork,455.142,456.642,,knee_angle_r,1.0579790769766069,0.9989247910691825,0.9995081947481318,105.91178499476588,105.7121787,-0.2136295908177924
neves,rgs,rgs_stork,455.142,456.642,,ankle_angle_r,10.278143150584883,15.496154854936423,0.9934878861936357,66.32705498106648,62.892260570000005,9.58310362760612
neves,rgs,rgs_stork,455.142,456.642,,hip_flexion_l,8.671307803776585,59.284978128328135,0.9835391489021588,14.626483938320245,29.884583300000003,-6.7514313286123215
neves,rgs,rgs_stork,455.142,456.642,,hip_adduction_l,3.224116448884572,69.14436659158625,0.9178661022630464,4.662876540511827,11.15403911,2.5894204599691486
neves,rgs,rgs_stork,455.142,456.642,,hip_rotation_l,12.706962436302735,223.0757843272501,-0.6732013243328043,5.696253618304773,7.3937186100000005,12.117464951241692
neves,rgs,rgs_stork,455.142,456.642,,knee_angle_l,2.950178767140633,26.412816876357763,0.9973240245474135,11.169496918677204,16.7690623,-2.368433524183613
neves,rgs,rgs_stork,455.142,456.642,,ankle_angle_l,1.5119807594635672,94.79252233903019,0.6820774093963912,1.5950422271240896,3.7913095199999987,-1.3344503357442608
rehema,ng,ng_v0,6.23,7.73,3.05,pelvis_tilt,3.348426583349794,54.432473591425776,0.9356187295270113,6.15152382837373,16.28746971,2.495859888847513
rehema,ng,ng_v0,6.23,7.73,3.05,pelvis_list,1.358711634600631,56.55555647794787,0.6255676179253982,2.402437035749829,2.9411257199999996,1.1304059951808936
rehema,ng,ng_v0,6.23,7.73,3.05,pelvis_rotation,1.9568361548364421,31.941076254383137,0.9304670173972782,6.126393923773667,5.0702767600000005,-1.82088087993374
rehema,ng,ng_v0,6.23,7.73,3.05,hip_flexion_r,5.665435416800444,29.515776047718695,0.9912485954797258,19.19460090644756,35.605080400000006,-3.713199250083795
rehema,ng,ng_v0,6.23,7.73,3.05,hip_adduction_r,2.4604886458723407,66.41834963915922,0.8494896140977554,3.7045314423495936,4.661563190000001,-2.3751852245491456
rehema,ng,ng_v0,6.23,7.73,3.05,hip_rotation_r,8.277749550749594,87.17257188015046,0.6468471088267401,9.495818893734477,2.9799073099999998,8.174813490920974
rehema,ng,ng_v0,6.23,7.73,3.05,knee_angle_r,2.816290915375623,10.6868057061669,0.9895717605033453,26.35297199939231,33.882277769999995,-1.2844912656480691
rehema,ng,ng_v0,6.23,7.73,3.05,ankle_angle_r,4.780672925009891,51.90792527318352,0.8311601692760863,9.20990946921869,5.7631833000000015,4.6553204342557715
rehema,ng,ng_v0,6.23,7.73,3.05,hip_flexion_l,4.65774698288216,60.72905585931046,0.9504864967813009,7.6697174309323195,21.795148979999997,-3.1973699774319213
rehema,ng,ng_v0,6.23,7.73,3.05,hip_adduction_l,0.8836193681199807,34.02413772871258,0.7759201589250592,2.5970367718512506,4.43864117,0.43118940278489354
rehema,ng,ng_v0,6.23,7.73,3.05,hip_rotation_l,2.369020976572642,44.849072387200316,0.8248032215395356,5.282207302126382,3.5285384299999993,2.2760135629852303
rehema,ng,ng_v0,6.23,7.73,3.05,knee_angle_l,1.981770836278622,68.83035635409995,0.1444938194565616,2.8792104839372605,5.31728256,-1.5533104136836098
rehema,ng,ng_v0,6.23,7.73,3.05,ankle_angle_l,1.5200661144146015,83.51751827608798,0.1376716625954365,1.8200566130205686,1.6881810200000018,1.3720655353993976
rehema,ng,ng_v1,42.45,43.95,3.57,pelvis_tilt,6.186077480626965,154.66669748899835,-0.3377856806324399,3.9996182636969984,14.44107785,-4.530598257464571
rehema,ng,ng_v1,42.45,43.95,3.57,pelvis_list,7.203098308245937,256.76572560575056,0.7506656130632402,2.805319242376567,24.53032349,0.6659373010062725
rehema,ng,ng_v1,42.45,43.95,3.57,pelvis_rotation,2.1635698314669516,22.72777231994795,0.9380866265428275,9.51949800010979,14.87303043,1.0656788873716265
rehema,ng,ng_v1,42.45,43.95,3.57,hip_flexion_r,9.205747469512255,30.386243976856054,0.9073274886928306,30.29577290475221,47.83769468999999,7.472016452388742
rehema,ng,ng_v1,42.45,43.95,3.57,hip_adduction_r,9.593275659449503,88.0866219468896,0.6194532293823571,10.89072942907677,35.65470633,-1.7582172283615327
rehema,ng,ng_v1,42.45,43.95,3.57,hip_rotation_r,4.643342268734308,53.54939506172579,0.06757858193372308,8.67113860648095,7.733877940000001,3.4894816555752834
rehema,ng,ng_v1,42.45,43.95,3.57,knee_angle_r,3.337044661673473,5.633210419650629,0.994487305958486,59.23877173188279,60.63806208999999,2.156601526302406
rehema,ng,ng_v1,42.45,43.95,3.57,ankle_angle_r,7.314100846273005,21.22811731397919,0.9333465977256208,34.454778716794195,27.471371939999997,6.790008355303755
rehema,ng,ng_v1,42.45,43.95,3.57,hip_flexion_l,10.605181860077613,36.73626354907306,0.950173960573751,28.868428183805335,48.51226935,8.530561650402358
rehema,ng,ng_v1,42.45,43.95,3.57,hip_adduction_l,9.526382743766273,104.28121098355633,0.7999197849590939,9.135282045457306,35.78272225,-0.8312361042748064
rehema,ng,ng_v1,42.45,43.95,3.57,hip_rotation_l,3.7783336351564745,50.943272766134704,0.24895765645113424,7.416746961864173,15.11349946,2.787614500029913
rehema,ng,ng_v1,42.45,43.95,3.57,knee_angle_l,4.312155831673669,8.393636236054585,0.981203457996472,51.374109032161144,55.95897228,2.9804706791758573
rehema,ng,ng_v1,42.45,43.95,3.57,ankle_angle_l,4.012646410715426,12.262361670727843,0.8696117953864643,32.72327565002617,29.98117795,2.3606935244725626
rehema,ng,ng_v2,74.72,76.22,4.07,pelvis_tilt,13.860700008504589,311.54115514917316,-0.4371728460353285,4.449075115571091,39.09418483,-10.245381657706131
rehema,ng,ng_v2,74.72,76.22,4.07,pelvis_list,9.900785830019844,319.8644214708591,0.5693682684194766,3.095307000538616,34.76050309,-5.1994845858507635
rehema,ng,ng_v2,74.72,76.22,4.07,pelvis_rotation,1.7851493254592012,22.75700871542646,0.9362098262592247,7.844393557089465,11.680502870000002,0.8812356324742595
rehema,ng,ng_v2,74.72,76.22,4.07,hip_flexion_r,20.279113734111213,67.28253208583217,0.5213656630841981,30.14023566806492,68.95532953,14.984521799192226
rehema,ng,ng_v2,74.72,76.22,4.07,hip_adduction_r,9.65404291679036,86.64411477206745,0.7610999192719148,11.142179641614451,39.56169304,3.7686309236867404
rehema,ng,ng_v2,74.72,76.22,4.07,hip_rotation_r,5.199133460476498,56.683015596402186,0.26187656040769447,9.172295097169282,21.874567820000003,2.230601933294381
rehema,ng,ng_v2,74.72,76.22,4.07,knee_angle_r,5.280919954909035,9.514660174262115,0.983661530143512,55.50298022407914,64.6794563,3.676414593945944
rehema,ng,ng_v2,74.72,76.22,4.07,ankle_angle_r,10.31571352374926,25.762427152707083,0.9643480655764396,40.04169895407272,24.12022267,9.940986908264305
rehema,ng,ng_v2,74.72,76.22,4.07,hip_flexion_l,14.319474833596875,49.54564865460981,0.9678277899710995,28.90157909409985,52.19622341,13.019935631641745
rehema,ng,ng_v2,74.72,76.22,4.07,hip_adduction_l,10.864021411332349,111.79300472221003,0.8177601711965129,9.71797961628093,35.720879929999995,-6.342379686525058
rehema,ng,ng_v2,74.72,76.22,4.07,hip_rotation_l,22.016810959941587,252.21350854622787,0.37274406044471514,8.729433679761113,105.77159087999999,5.290906452158581
rehema,ng,ng_v2,74.72,76.22,4.07,knee_angle_l,5.572826334616221,10.873655299424982,0.9664861147610319,51.250717271780005,57.21251288,3.055680255264919
rehema,ng,ng_v2,74.72,76.22,4.07,ankle_angle_l,20.207146449318035,64.91753264026,0.3935066040625726,31.12740984981019,92.19374217,-6.093633164408728
rehema,gwo,gwo_v0,7.4,8.9,3.04,pelvis_tilt,2.514260676734269,74.3097416831095,0.8633586125795785,3.3834873056835795,9.05830305,-0.2042222243362107
rehema,gwo,gwo_v0,7.4,8.9,3.04,pelvis_list,1.7482094191649318,25.244430053032076,0.6895501562575191,6.925129287895952,6.95183319,-0.5975458386735881
rehema,gwo,gwo_v0,7.4,8.9,3.04,pelvis_rotation,1.8100440613566937,18.408760102381855,0.8920543623600423,9.832514798878266,8.854235379999999,1.3030864617089502
rehema,gwo,gwo_v0,7.4,8.9,3.04,hip_flexion_r,3.371759097051534,27.069844219725237,0.8686424073888463,12.455775769092172,18.59455871,-0.5826883171433004
rehema,gwo,gwo_v0,7.4,8.9,3.04,hip_adduction_r,2.168099121800111,15.868460200435013,0.903945569632062,13.662945833526276,8.640220639999999,-0.05228160417317078
rehema,gwo,gwo_v0,7.4,8.9,3.04,hip_rotation_r,3.9921876249638806,38.44311910230244,0.08602023963047377,10.38466107378051,6.372442619999999,2.2673281562804832
rehema,gwo,gwo_v0,7.4,8.9,3.04,knee_angle_r,5.101078537658235,100.14450958505667,0.9408334328185206,5.093717627450847,15.53419032,3.75578741066473
rehema,gwo,gwo_v0,7.4,8.9,3.04,ankle_angle_r,9.208376230224513,67.49052831567272,-0.10594339004327942,13.643953396177716,6.077003809999999,8.434422137265276
rehema,gwo,gwo_v0,7.4,8.9,3.04,hip_flexion_l,5.045176622380487,30.614537551586622,0.8789457700055142,16.47967608159744,23.11162224,1.5036006766960632
rehema,gwo,gwo_v0,7.4,8.9,3.04,hip_adduction_l,3.307937100430343,52.89961429658866,0.45332745917820017,6.253234819225633,8.9719519,-2.595952028985421
rehema,gwo,gwo_v0,7.4,8.9,3.04,hip_rotation_l,4.2300448871389476,31.169875206647447,0.7159072678583259,13.57093943782241,15.21431175,2.430167957923464
rehema,gwo,gwo_v0,7.4,8.9,3.04,knee_angle_l,3.037763553988482,11.660122057313878,0.9408759699432977,26.052587949394816,28.085153530000003,0.3584031769622481
rehema,gwo,gwo_v0,7.4,8.9,3.04,ankle_angle_l,2.728123807898646,19.9161245120918,0.7604994154835325,13.69806563642592,6.5292601500000025,2.075775264684886
rehema,gwo,gwo_v1,41.44,42.94,3.56,pelvis_tilt,11.373572247698561,179.56446021094476,-0.20677861968278693,6.333977355172269,34.61305998,-6.711506191228381
rehema,gwo,gwo_v1,41.44,42.94,3.56,pelvis_list,5.498708384686171,93.46821952376762,0.37384781535772554,5.88297114538266,23.00514687,1.1952550251687506
rehema,gwo,gwo_v1,41.44,42.94,3.56,pelvis_rotation,4.570037863842907,33.4572755287805,0.4710730132682244,13.659324591184015,18.09038988,2.0977143862361465
rehema,gwo,gwo_v1,41.44,42.94,3.56,hip_flexion_r,4.496632079263037,16.93699321249053,0.946025572574418,26.549175658563197,32.60699125,3.1665192119831276
rehema,gwo,gwo_v1,41.44,42.94,3.56,hip_adduction_r,9.981417760814951,229.696557787229,-0.17554215010264906,4.345479904866869,36.625747770000004,-4.188035363118222
rehema,gwo,gwo_v1,41.44,42.94,3.56,hip_rotation_r,36.612434842848835,455.134103505108,-0.49452533645217217,8.044318050633164,120.39816072,12.318524758633398
rehema,gwo,gwo_v1,41.44,42.94,3.56,knee_angle_r,6.3022512184227155,39.53323656038788,0.7256025504619092,15.94165256061413,30.829212509999998,3.0840216612614677
rehema,gwo,gwo_v1,41.44,42.94,3.56,ankle_angle_r,16.815899334013064,66.76792461780859,0.22350565855435217,25.185595374231333,66.49116193,2.894622813654666
rehema,gwo,gwo_v1,41.44,42.94,3.56,hip_flexion_l,15.56073396927292,49.80890374920266,0.8043784686712746,31.240868194217214,78.25305098,9.635612389571003
rehema,gwo,gwo_v1,41.44,42.94,3.56,hip_adduction_l,5.426561160554666,69.57773404240254,0.6322552249148418,7.799278368633813,22.098965030000002,-1.502000538418021
rehema,gwo,gwo_v1,41.44,42.94,3.56,hip_rotation_l,9.010707905510797,83.6319466036355,-0.20382107736543803,10.774241508709663,26.41911455,3.914808617281197
rehema,gwo,gwo_v1,41.44,42.94,3.56,knee_angle_l,3.7891594744674193,7.414313274814215,0.9751627283167564,51.10600717855919,56.55652719999999,1.3489508952806908
rehema,gwo,gwo_v1,41.44,42.94,3.56,ankle_angle_l,3.133305657744319,10.465664370984982,0.9005676482393238,29.9389082878589,21.58797464,1.3250928438599407
rehema,gwo,gwo_v2,74.04,75.54,4.05,pelvis_tilt,14.137664981144543,144.69362205726242,0.17149080981525325,9.77075891814331,42.76481323,-9.418099284108402
rehema,gwo,gwo_v2,74.04,75.54,4.05,pelvis_list,6.958835729681892,125.13014972045511,0.11776354821286705,5.561278193327636,25.4613,1.5600388719525622
rehema,gwo,gwo_v2,74.04,75.54,4.05,pelvis_rotation,4.743364414600653,28.065910801658056,0.6866894768282941,16.90080342705439,22.60698318,1.3280912870977744
rehema,gwo,gwo_v2,74.04,75.54,4.05,hip_flexion_r,6.830119844907112,24.514351852718715,0.9034896311632987,27.861719069474933,34.47854632,5.317776852978933
rehema,gwo,gwo_v2,74.04,75.54,4.05,hip_adduction_r,12.346173139393656,167.17433002155045,-0.19541322741801753,7.385208684731747,41.59560862,-4.805655673739875
rehema,gwo,gwo_v2,74.04,75.54,4.05,hip_rotation_r,47.36031826702842,441.84209155303085,-0.12887655261919767,10.718833531808077,118.75394375,24.6101789621258
rehema,gwo,gwo_v2,74.04,75.54,4.05,knee_angle_r,8.094259489627127,77.44126672553746,0.21383880327890584,10.452126923897437,37.825180790000005,1.0435607924540662
rehema,gwo,gwo_v2,74.04,75.54,4.05,ankle_angle_r,19.143613780255126,61.29298310479224,0.1752935499050553,31.23296144278931,68.06555556,1.3300426939228125
rehema,gwo,gwo_v2,74.04,75.54,4.05,hip_flexion_l,19.874925855804705,57.563878205871944,0.7877427395148081,34.52673182429414,80.40635583,13.69994691395246
rehema,gwo,gwo_v2,74.04,75.54,4.05,hip_adduction_l,5.828138118270569,93.24382835783635,0.4551567454910031,6.250427745098867,29.376315870000003,-2.1034938088323996
rehema,gwo,gwo_v2,74.04,75.54,4.05,hip_rotation_l,9.617570171293233,64.35777900901564,-0.11095496284482485,14.943912483284954,30.72907653,2.336445749245222
rehema,gwo,gwo_v2,74.04,75.54,4.05,knee_angle_l,5.226437290740011,10.420550843766117,0.9513942203379729,50.155096108634424,56.196156079999994,2.2132118627241812
rehema,gwo,gwo_v2,74.04,75.54,4.05,ankle_angle_l,2.722568971744805,8.437316295764386,0.936738046951494,32.26818666394622,25.24080474,0.6920875872219545
rehema,rd,rd_correct,145.624,147.124,,pelvis_tilt,15.252041659507668,2490.6889369466294,0.3594370411060985,0.6123623642141904,0.9898031599999997,15.250013226252815
rehema,rd,rd_correct,145.624,147.124,,pelvis_list,5.901744654600591,325.28298981280034,0.9187326725637244,1.8143416162022592,1.2642084799999997,-5.894842005116143
rehema,rd,rd_correct,145.624,147.124,,pelvis_rotation,3.818240444791719,87.58164138299911,0.9634608337341545,4.359635631963499,3.334333330000021,3.788323468403314
rehema,rd,rd_correct,145.624,147.124,,hip_flexion_r,25.053646334213987,1508.2108300363675,0.9134362108719325,1.6611501412975445,2.9048188600000024,25.047952291076744
rehema,rd,rd_correct,145.624,147.124,,hip_adduction_r,3.462215047172493,113.45378723569645,0.9732660734288582,3.0516522467247893,3.62052756,-3.4404208631719744
rehema,rd,rd_correct,145.624,147.124,,hip_rotation_r,12.42279503021383,469.911663605629,0.1147743686091944,2.64364475120575,1.6678103100000001,12.39469188517891
rehema,rd,rd_correct,145.624,147.124,,knee_angle_r,7.3255702155342055,117.60372025057934,0.9713777087089639,6.229029319757525,5.7828184,7.312524016981498
rehema,rd,rd_correct,145.624,147.124,,ankle_angle_r,7.28251670960834,37.120630356557854,0.9353696848568797,19.618515740861568,14.58463005,6.924564629976003
rehema,rd,rd_correct,145.624,147.124,,hip_flexion_l,21.227616773850016,2536.1077036358115,0.3155368027448776,0.837015586657369,1.6594437600000003,21.222641470213212
rehema,rd,rd_correct,145.624,147.124,,hip_adduction_l,1.6694424919160304,154.99719278504975,0.953380026470596,1.0770791792540493,2.36969227,1.5894793363625546
rehema,rd,rd_correct,145.624,147.124,,hip_rotation_l,1.372229562754798,70.56715683186367,0.9772536504457289,1.944572552390528,2.37077354,1.353985712021437
rehema,rd,rd_correct,145.624,147.124,,knee_angle_l,4.657741297767407,815.5708156223424,0.8859142000411814,0.5711020071522785,1.2562842500000002,4.6541842937475915
rehema,rd,rd_correct,145.624,147.124,,ankle_angle_l,3.5426715919475944,338.54959050023956,-0.19053846122852128,1.046426193194609,1.2275369000000005,3.524331318362383
rehema,rd,rd_toes,201.94,203.44,,pelvis_tilt,14.815276668015551,269.71754001974324,0.9539113035782159,5.492885878660719,8.223869800000001,14.764712141562423
rehema,rd,rd_toes,201.94,203.44,,pelvis_list,7.896724439593159,138.5835802397632,0.9851392004225327,5.698167435082174,7.065155839999999,-7.879165664087064
rehema,rd,rd_toes,201.94,203.44,,pelvis_rotation,356.1656404308596,6276.327143252793,0.9923048650948268,5.67474626961959,5.351484910000011,-356.1654618021869
rehema,rd,rd_toes,201.94,203.44,,hip_flexion_r,28.423342800000018,2123.33800404252,0.4837905733644816,1.3386160256109108,3.918525449999997,28.396595434157696
rehema,rd,rd_toes,201.94,203.44,,hip_adduction_r,6.887747221543563,102.07010561496406,0.9805411043562566,6.748055348865809,10.26470911,-6.7036839067820395
rehema,rd,rd_toes,201.94,203.44,,hip_rotation_r,7.869043965749948,161.15617984588016,0.4195782022766758,4.882868266842399,2.2397996199999994,7.742410445625109
rehema,rd,rd_toes,201.94,203.44,,knee_angle_r,11.912308361886485,124.91522358874181,0.9844810774181764,9.53631432555039,10.84630036,11.89193689865069
rehema,rd,rd_toes,201.94,203.44,,ankle_angle_r,4.652524974365217,19.20374538515791,0.9629933871663306,24.227174861217627,18.61380409,3.746805029551703
rehema,rd,rd_toes,201.94,203.44,,hip_flexion_l,19.990363434477604,313.40770407203775,0.9553428213367089,6.378389291248167,10.509954369999999,19.898467423121346
rehema,rd,rd_toes,201.94,203.44,,hip_adduction_l,4.4739310044711775,84.7817536647271,0.9835806961782334,5.276997480098748,9.628548010000001,4.1919774257457405
rehema,rd,rd_toes,201.94,203.44,,hip_rotation_l,3.0620072291757947,75.96252631547667,0.9541834066833592,4.030944437602175,5.172713680000001,2.9922269909528265
rehema,rd,rd_toes,201.94,203.44,,knee_angle_l,3.88616219970606,179.11825727416684,0.5388384761441458,2.1696069729830594,2.44138491,3.858487905984489
rehema,rd,rd_toes,201.94,203.44,,ankle_angle_l,2.954261817874058,174.12883472870266,0.7627243114713911,1.6965954102184604,2.1798441700000026,2.934493976393337
rehema,rd,rd_supination,241.738,243.238,,pelvis_tilt,11.397990443707725,691.4444551249755,0.9626148585810613,1.648431824020859,2.03207138,11.396617827299337
rehema,rd,rd_supination,241.738,243.238,,pelvis_list,8.624868258234558,253.25440060931138,0.9797916174318562,3.4056143693786813,3.021300159999999,-8.616700761680299
rehema,rd,rd_supination,241.738,243.238,,pelvis_rotation,357.58201019452065,9337.694806145142,0.9692353536266929,3.829446320725708,4.30641417999999,-357.58176532798456
rehema,rd,rd_supination,241.738,243.238,,hip_flexion_r,24.703738741674588,1357.203509251166,0.9807673663776857,1.8201941398828847,1.591332880000003,24.703291706670505
rehema,rd,rd_supination,241.738,243.238,,hip_adduction_r,11.007184754977791,505.18341945742,0.8492450299947261,2.178849172603446,6.397618789999999,-10.879002310872892
rehema,rd,rd_supination,241.738,243.238,,hip_rotation_r,10.347424501904202,189.53551137209578,0.9723752680673142,5.459359265710454,12.624318610000001,10.089623677776368
rehema,rd,rd_supination,241.738,243.238,,knee_angle_r,10.783925723250409,402.92062261467805,0.9436282465236427,2.676439258251449,6.524230490000001,10.688511880739163
rehema,rd,rd_supination,241.738,243.238,,ankle_angle_r,7.373726966556105,117.41654623603128,0.7261893423020933,6.279972629865474,4.25960472,7.2890760525635585
rehema,rd,rd_supination,241.738,243.238,,hip_flexion_l,14.84340235496377,725.3447785944666,0.9929043391583874,2.0463926663574394,3.04158174,14.841029748591733
rehema,rd,rd_supination,241.738,243.238,,hip_adduction_l,6.8098926129464585,237.3329329268697,0.9846482763956969,2.8693416160010194,3.0242686899999995,6.806734314561147
rehema,rd,rd_supination,241.738,243.238,,hip_rotation_l,4.56809740258914,214.67786204758625,0.9785617562891529,2.1278847101507647,4.654518700000001,4.50635761783915
rehema,rd,rd_supination,241.738,243.238,,knee_angle_l,2.283702077081322,241.44424355646427,0.9413561131006031,0.9458507038488388,1.3163371899999987,2.2801683617361324
rehema,rd,rd_supination,241.738,243.238,,ankle_angle_l,3.122205601727643,345.3313361869683,0.829552051107262,0.9041188199721404,1.623668539999997,3.113116836173759
rehema,rd,rd_pronation,291.638,293.138,,pelvis_tilt,13.847147035888607,607.6948965227068,0.01684341981745329,2.278634741730335,2.6234382300000005,13.827171616362826
rehema,rd,rd_pronation,291.638,293.138,,pelvis_list,6.517650279055107,130.6379366397104,0.9804867574481694,4.989094628025468,4.771719860000001,-6.503882123678893
rehema,rd,rd_pronation,291.638,293.138,,pelvis_rotation,355.0433769481826,7292.890945183518,0.96779722488623,4.868348911520002,5.668155130000002,-355.0430803289132
rehema,rd,rd_pronation,291.638,293.138,,hip_flexion_r,25.97960043243646,706.4777109378748,0.08071896978179348,3.6773418368638406,4.5131790199999955,25.931358553534793
rehema,rd,rd_pronation,291.638,293.138,,hip_adduction_r,6.399237574700922,356.41240086287314,0.3105210872972543,1.7954587324145823,2.6196298900000006,-6.3636986337153605
rehema,rd,rd_pronation,291.638,293.138,,hip_rotation_r,12.195466900009123,193.47271523355053,0.9727906228562657,6.303455701899551,5.401685190000002,12.178444826089631
rehema,rd,rd_pronation,291.638,293.138,,knee_angle_r,14.391488511630984,209.2145742754799,0.9625085462289574,6.87881738711053,6.738436280000002,14.375157007087031
rehema,rd,rd_pronation,291.638,293.138,,ankle_angle_r,12.472308424811935,51.2882072618806,0.9370103592943624,24.3180822467192,14.78649347,11.984788761626577
rehema,rd,rd_pronation,291.638,293.138,,hip_flexion_l,16.514871118305685,355.9329883366781,0.5275100359476139,4.639882129353017,6.103422070000001,16.45110549820227
rehema,rd,rd_pronation,291.638,293.138,,hip_adduction_l,4.736571858210483,77.75599794148512,0.9895513638325929,6.0915839081313905,5.87387893,4.72525173595298
rehema,rd,rd_pronation,291.638,293.138,,hip_rotation_l,0.8592197578287212,30.506748323866372,0.958482357728712,2.8164907931420764,2.6772887799999996,0.8264252001296132
rehema,rd,rd_pronation,291.638,293.138,,knee_angle_l,2.0367639835740365,268.7417708768396,0.3829552437589713,0.7578888748587786,2.099027320000001,1.926507977557558
rehema,rd,rd_pronation,291.638,293.138,,ankle_angle_l,3.842748247764917,165.26449115337542,0.8212891963130804,2.325211072836339,1.545661850000002,3.8289852620208715
rehema,rgs,rgs_correct,11.165,12.665,,pelvis_tilt,3.082034402981798,123.61587764645641,-0.3268149794172526,2.4932350614348024,8.79646138,-0.6219823823664008
rehema,rgs,rgs_correct,11.165,12.665,,pelvis_list,5.038733202472042,79.81870288032867,0.3174848274379569,6.312722483133509,12.16749577,2.992942876135466
rehema,rgs,rgs_correct,11.165,12.665,,pelvis_rotation,1.3218501817323662,17.241274317392584,0.9166464049632163,7.666777741590222,10.980164349999999,0.15784401099421866
rehema,rgs,rgs_correct,11.165,12.665,,hip_flexion_r,8.106552807632747,23.310589149705784,0.9868670484246971,34.776267367464044,53.212483520000006,4.06369069523169
rehema,rgs,rgs_correct,11.165,12.665,,hip_adduction_r,5.6122265411147465,58.98412996125264,0.6023839867866817,9.51480770302365,19.97670439,-1.5673183805032402
rehema,rgs,rgs_correct,11.165,12.665,,hip_rotation_r,5.58162618591587,59.73969367586582,0.9477542927857485,9.343245407652276,14.33557069,4.661926997505813
rehema,rgs,rgs_correct,11.165,12.665,,knee_angle_r,6.762666399758029,14.26343610271629,0.9863209235970817,47.412603464253365,57.26593591,4.407591917798408
rehema,rgs,rgs_correct,11.165,12.665,,ankle_angle_r,3.474872194348344,21.112036742390487,0.8754063473526811,16.459199255613314,15.89937135,1.968408061665175
rehema,rgs,rgs_correct,11.165,12.665,,hip_flexion_l,5.262310349570857,29.316597121175814,0.7490261325198396,17.949935757618377,22.892963979999998,3.5677118563008823
rehema,rgs,rgs_correct,11.165,12.665,,hip_adduction_l,5.975298080074701,181.10503562370218,0.6799323978903234,3.2993550176540105,19.50011454,3.104418539044495
rehema,rgs,rgs_correct,11.165,12.665,,hip_rotation_l,4.810703732997679,55.08865056918931,-0.32314207030934317,8.732658511857379,3.4118702799999987,3.527757472158577
rehema,rgs,rgs_correct,11.165,12.665,,knee_angle_l,2.401368046318686,29.899461976250723,0.8758213359315229,8.031475777812,6.547179080000001,2.1337709003001137
rehema,rgs,rgs_correct,11.165,12.665,,ankle_angle_l,2.981592192977847,25.16203876078327,0.9661456546533439,11.84956521736569,8.761752790000001,2.720509911213165
rehema,rgs,rgs_flexion,88.996,90.496,,pelvis_tilt,4.220837101437832,105.89130158526443,-0.8208824027441428,3.986009273896009,12.833181470000001,-1.5623485593916489
rehema,rgs,rgs_flexion,88.996,90.496,,pelvis_list,7.192347636970689,81.28768729633167,-0.5024686596255562,8.848016072534104,16.78273,-0.40422879906318054
rehema,rgs,rgs_flexion,88.996,90.496,,pelvis_rotation,4.2568866240769845,52.73013369385085,0.9373242450288917,8.0729676294627,11.77569909,3.8686576401497956
rehema,rgs,rgs_flexion,88.996,90.496,,hip_flexion_r,10.2348498375885,62.04055767328119,0.8540414307080649,16.49703068674431,36.11498038,7.6286635553375115
rehema,rgs,rgs_flexion,88.996,90.496,,hip_adduction_r,9.671541000950311,122.84456155502619,-0.37250697830816903,7.872990776737076,22.23778033,3.956138392759614
rehema,rgs,rgs_flexion,88.996,90.496,,hip_rotation_r,4.65271237809807,63.765386056536876,0.008626270831616663,7.2966113213410075,6.0355499099999985,4.0464975588949725
rehema,rgs,rgs_flexion,88.996,90.496,,knee_angle_r,9.359633972287885,16.31587980078799,0.9918187801745466,57.36518095601472,65.61768256,8.411174384874656
rehema,rgs,rgs_flexion,88.996,90.496,,ankle_angle_r,15.004767926793685,58.60417173571193,0.8980358006447663,25.603583298576254,18.87929279,14.599389985756721
rehema,rgs,rgs_flexion,88.996,90.496,,hip_flexion_l,6.691259241959727,65.05074610612654,0.7523817726693272,10.286214444094654,25.370541929999995,3.8997924543662204
rehema,rgs,rgs_flexion,88.996,90.496,,hip_adduction_l,9.302257115830482,462.06055473699143,-0.24211972436461873,2.013211692810567,22.91664787,-3.176704076909295
rehema,rgs,rgs_flexion,88.996,90.496,,hip_rotation_l,6.475152801788578,102.4337334988027,-0.13087143670135187,6.321308987399414,4.150809339999999,6.096027068180821
rehema,rgs,rgs_flexion,88.996,90.496,,knee_angle_l,2.2553233479893455,22.169085670603568,0.7481706245991029,10.173280853796904,8.21677396,1.295641922138856
rehema,rgs,rgs_flexion,88.996,90.496,,ankle_angle_l,5.155411229654568,46.28390730346775,0.9158617480658181,11.13866898888268,8.28853325,4.881342170509479
rehema,rgs,rgs_abduction,167.852,169.352,,pelvis_tilt,4.3928127338003575,168.80292295651043,0.8955619388612607,2.602332149741329,8.648030030000001,3.9193154184056223
rehema,rgs,rgs_abduction,167.852,169.352,,pelvis_list,5.930291780307192,53.57359182447065,0.48618796253817304,11.069430998274845,20.5727213,0.06893225783198886
rehema,rgs,rgs_abduction,167.852,169.352,,pelvis_rotation,4.419495688479551,39.17060395778237,0.7419583242930978,11.28268456938482,11.08133048,3.917363260995539
rehema,rgs,rgs_abduction,167.852,169.352,,hip_flexion_r,2.709694326537978,10.93412777810593,0.9641988474024797,24.78198884746677,25.38507094,-1.3925313600060014
rehema,rgs,rgs_abduction,167.852,169.352,,hip_adduction_r,8.655617413863334,59.77779585082092,0.7806330343319804,14.479653006049181,34.88614123,2.3344856948109087
rehema,rgs,rgs_abduction,167.852,169.352,,hip_rotation_r,9.035659336550866,77.98956857047486,-0.01035927248253372,11.58572806872991,6.566624920000001,8.197817033490836
rehema,rgs,rgs_abduction,167.852,169.352,,knee_angle_r,3.7319502889442004,9.912061678150677,0.9899377721597518,37.65059591155089,38.42480198,3.147543952896892
rehema,rgs,rgs_abduction,167.852,169.352,,ankle_angle_r,23.991183426785675,52.38816577498756,0.9715989300727387,45.795043731498865,25.73829887,22.700414697272656
rehema,rgs,rgs_abduction,167.852,169.352,,hip_flexion_l,3.422051111485905,60.48594242011534,0.9148214895990411,5.657597409522811,13.50827705,-2.6779596023887176
rehema,rgs,rgs_abduction,167.852,169.352,,hip_adduction_l,7.9220632865224685,165.99920534125073,0.41257951579238933,4.772350126759215,22.314879320000003,-1.7067137773892627
rehema,rgs,rgs_abduction,167.852,169.352,,hip_rotation_l,7.937887258432159,103.77553299692188,0.6534658138880436,7.649093219947718,9.738902210000001,7.576521002494069
rehema,rgs,rgs_abduction,167.852,169.352,,knee_angle_l,0.8055299799814493,9.761747476243688,0.9549896802945651,8.251903482873299,7.175856049999999,-0.23240727689614946
rehema,rgs,rgs_abduction,167.852,169.352,,ankle_angle_l,4.185414866222691,36.69948814057443,0.9743137570231156,11.404559241237362,7.579486799999998,3.9602817635822736
rehema,rgs,rgs_stork,279.467,280.967,,pelvis_tilt,7.60091819372142,122.07216519227411,-0.2239893276163983,6.22657768193865,37.46908291,-0.43097360314442407
rehema,rgs,rgs_stork,279.467,280.967,,pelvis_list,4.771003390610846,45.10932580086424,0.07148548739332211,10.576534465783213,18.47311199,2.025928391211131
rehema,rgs,rgs_stork,279.467,280.967,,pelvis_rotation,3.478473189881543,32.174406666086476,0.8596943883089486,10.81130485476221,14.56173092,3.017751765743977
rehema,rgs,rgs_stork,279.467,280.967,,hip_flexion_r,10.651479844003427,19.573890533209646,0.9190468656538681,54.41677435526581,69.87395652,4.185330007898234
rehema,rgs,rgs_stork,279.467,280.967,,hip_adduction_r,7.24685204257838,54.63331618885883,-0.09879665880495948,13.2645289506629,25.86555285,-1.2201754652781778
rehema,rgs,rgs_stork,279.467,280.967,,hip_rotation_r,20.016763605587453,123.25285007493878,0.08368745931730721,16.2404062814102,83.80855477,1.5861907165040883
rehema,rgs,rgs_stork,279.467,280.967,,knee_angle_r,12.794629355703607,13.60498485932428,0.954941509859003,94.0436868397888,98.76943202,7.664664329961715
rehema,rgs,rgs_stork,279.467,280.967,,ankle_angle_r,32.18773261426316,63.28037408403849,0.4802439024198044,50.86526917732306,97.03054221000001,25.54875813703841
rehema,rgs,rgs_stork,279.467,280.967,,hip_flexion_l,10.818570438005976,109.19140270618253,0.2009637302238676,9.907895832345982,58.4625331,2.4928202022729944
rehema,rgs,rgs_stork,279.467,280.967,,hip_adduction_l,4.983776045983459,83.0491394237374,-0.3123925264015073,6.000996615455569,20.10592797,0.22178074353656177
rehema,rgs,rgs_stork,279.467,280.967,,hip_rotation_l,8.120038454541657,78.43290826615443,0.4703428606240046,10.352846316736208,10.82271584,7.5695266731526685
rehema,rgs,rgs_stork,279.467,280.967,,knee_angle_l,3.65051977216045,52.89475796801552,0.45875571159975126,6.901477409855721,18.92066485,1.2967676671706025
rehema,rgs,rgs_stork,279.467,280.967,,ankle_angle_l,4.160836701513734,31.878854847610082,0.9738093387043234,13.052026872996871,10.156287079999998,4.002083205762051
rushda,ng,ng_v0,6.98,8.48,3.56,pelvis_tilt,2.7485482164407067,170.81580211937475,-0.5139656721879815,1.6090713987455807,2.701099639999999,-2.5711160541528866
rushda,ng,ng_v0,6.98,8.48,3.56,pelvis_list,1.5381136776275997,206.47429817305743,0.8285140354632587,0.7449419570557989,0.47476374,-1.53614468328115
rushda,ng,ng_v0,6.98,8.48,3.56,pelvis_rotation,1.3468107420392923,113.01712240703645,0.5715801890720366,1.19168734201946,1.0720835100000001,1.3275754280836525
rushda,ng,ng_v0,6.98,8.48,3.56,hip_flexion_r,2.3232862443693714,111.1982115440943,-0.43085653607299024,2.089319794004151,2.5782656499999987,2.1178658576963234
rushda,ng,ng_v0,6.98,8.48,3.56,hip_adduction_r,0.11423347372070923,13.725493856141775,0.8370624508179297,0.8322722294585629,0.69091609,-0.0018419261444041087
rushda,ng,ng_v0,6.98,8.48,3.56,hip_rotation_r,1.2678814538610197,35.74506402716669,-0.8683469508350861,3.5470112821658795,1.68134594,-0.36949505419529427
rushda,ng,ng_v0,6.98,8.48,3.56,knee_angle_r,1.489519364779369,40.7228828846132,0.9457682797138716,3.6576962613375574,3.6327847899999997,1.455150586792735
rushda,ng,ng_v0,6.98,8.48,3.56,ankle_angle_r,3.9615128362112197,124.98178761649991,0.6881766168125263,3.169672087237954,2.3592901400000006,3.9271676427363746
rushda,ng,ng_v0,6.98,8.48,3.56,hip_flexion_l,3.457298243330954,184.08520915676195,-0.529282919130966,1.878096702699679,2.282758099999999,3.3273971751404967
rushda,ng,ng_v0,6.98,8.48,3.56,hip_adduction_l,0.4253536341333317,41.925205448201275,0.8777113802823324,1.014553487779225,1.05279245,0.40514554719577406
rushda,ng,ng_v0,6.98,8.48,3.56,hip_rotation_l,3.066652114177837,147.86662470046195,-0.5087869640847493,2.073931233900855,1.0759907999999996,2.9742214411479027
rushda,ng,ng_v0,6.98,8.48,3.56,knee_angle_l,0.2419781441329588,7.509779779979247,0.9836042071151533,3.22217363521181,2.64369135,-0.2133381290528819
rushda,ng,ng_v0,6.98,8.48,3.56,ankle_angle_l,0.31172504544128016,17.10783247571055,0.8536944573967619,1.8221188796644041,1.9315871600000003,0.17063170158325736
rushda,ng,ng_v1,37.55,39.05,4.09,pelvis_tilt,3.133734529263915,72.06628208770873,0.6164731310768272,4.348405993041217,9.41134533,-2.6583305270595785
rushda,ng,ng_v1,37.55,39.05,4.09,pelvis_list,4.551537894440434,137.37084716771798,0.4164615885660257,3.313321558600711,14.25920632,-2.3983530438388803
rushda,ng,ng_v1,37.55,39.05,4.09,pelvis_rotation,1.393673342196942,23.30109388788687,0.873815989309596,5.981149850314308,9.53618662,0.5476131965729574
rushda,ng,ng_v1,37.55,39.05,4.09,hip_flexion_r,5.163540179823341,13.23422218276874,0.9830476289422784,39.016574669166346,44.56279498000001,4.370915979005817
rushda,ng,ng_v1,37.55,39.05,4.09,hip_adduction_r,5.306913147509041,64.89743345501246,0.8979225422490338,8.177385244653545,22.62480977,0.7057801612122083
rushda,ng,ng_v1,37.55,39.05,4.09,hip_rotation_r,10.522882970346426,45.10741840343005,0.561541360260444,23.32849749066164,7.917764830000001,9.502363760659133
rushda,ng,ng_v1,37.55,39.05,4.09,knee_angle_r,4.662124368874654,7.431652820908948,0.9995070297269584,62.73334453619485,66.5218431,4.49397661359713
rushda,ng,ng_v1,37.55,39.05,4.09,ankle_angle_r,4.961265371825241,12.415115991453833,0.9190053914372527,39.96149029328777,29.728493280000002,3.968485798714228
rushda,ng,ng_v1,37.55,39.05,4.09,hip_flexion_l,5.383507717866336,14.744486113944605,0.9776482482398352,36.51200642913476,36.65468145,4.798383806944319
rushda,ng,ng_v1,37.55,39.05,4.09,hip_adduction_l,5.16632483968162,64.1310700926194,0.8252622248546735,8.055884350939893,21.74128894,-0.29515533596141824
rushda,ng,ng_v1,37.55,39.05,4.09,hip_rotation_l,7.11786688498712,47.087628808112065,0.7214686077159567,15.116214311817043,12.416289339999999,6.227958420666058
rushda,ng,ng_v1,37.55,39.05,4.09,knee_angle_l,3.153817115674442,5.10560068042303,0.9992912411806424,61.77171528058339,69.22010921,1.5218819516871815
rushda,ng,ng_v1,37.55,39.05,4.09,ankle_angle_l,4.783894265649343,10.585807123425479,0.9793528180006074,45.191587281644274,34.13415763,3.427385651589241
rushda,ng,ng_v2,68.0,69.5,4.6,pelvis_tilt,2.7213523854830663,50.701799483223056,0.8172646419957714,5.367368442975179,7.351970140000001,-2.4804534254865094
rushda,ng,ng_v2,68.0,69.5,4.6,pelvis_list,3.727284299374421,87.37980495395433,0.09711431013722713,4.265612976978549,11.88902987,-1.473180985332634
rushda,ng,ng_v2,68.0,69.5,4.6,pelvis_rotation,1.482853128415893,21.40653418091642,0.9064328176741889,6.927105134738872,10.63701783,-0.30300240001211637
rushda,ng,ng_v2,68.0,69.5,4.6,hip_flexion_r,4.883950939289619,12.411935113195165,0.9872972833767771,39.3488275176163,44.133456370000005,4.237736685569232
rushda,ng,ng_v2,68.0,69.5,4.6,hip_adduction_r,4.649229721143596,55.64325401448882,0.8312412438406409,8.355423857729445,20.776495150000002,-0.8411919839107771
rushda,ng,ng_v2,68.0,69.5,4.6,hip_rotation_r,10.323269207452226,60.86624586035394,0.3711387474296629,16.960581454517516,7.9153085700000005,9.39582643523056
rushda,ng,ng_v2,68.0,69.5,4.6,knee_angle_r,5.239955775312475,7.946520031577952,0.9979876672758518,65.94025755286454,69.60601448,5.041514924038415
rushda,ng,ng_v2,68.0,69.5,4.6,ankle_angle_r,4.662531024712574,10.744152252905112,0.94049994709478,43.39598802178061,34.211223939999996,3.4821532399393367
rushda,ng,ng_v2,68.0,69.5,4.6,hip_flexion_l,4.035531667868604,10.689184450764163,0.9854142288120055,37.753410341610355,41.485542609999996,3.488701340714792
rushda,ng,ng_v2,68.0,69.5,4.6,hip_adduction_l,4.861052597780921,65.12713169790526,0.6387149955902948,7.463943937112267,19.87269622,0.8694754990364358
rushda,ng,ng_v2,68.0,69.5,4.6,hip_rotation_l,6.5347313439625845,41.25825642875503,0.7218328934872243,15.838602766083417,13.55267695,5.799771247997692
rushda,ng,ng_v2,68.0,69.5,4.6,knee_angle_l,2.426892787177694,3.8771780887675793,0.9987901575852144,62.5943078087785,69.8636556,0.14005244516999674
rushda,ng,ng_v2,68.0,69.5,4.6,ankle_angle_l,4.3579664697462706,11.386062058877457,0.9625255953708015,38.27457155258048,29.83926316,3.358295565888211
rushda,gwo,gwo_v0,7.4,8.9,3.56,pelvis_tilt,5.113541346640212,529.1485464099497,0.012697169076222687,0.9663716136675493,2.0624845800000005,-5.074990279538685
rushda,gwo,gwo_v0,7.4,8.9,3.56,pelvis_list,0.3155955889700493,37.882999932273286,0.7094232767608689,0.8330797179058332,0.51108111,-0.26080791829124217
rushda,gwo,gwo_v0,7.4,8.9,3.56,pelvis_rotation,0.39274240999347376,20.120834427224114,0.7716846847722618,1.9519190986536876,1.66856315,0.1458301871916486
rushda,gwo,gwo_v0,7.4,8.9,3.56,hip_flexion_r,3.7125788866423233,175.26721697684346,-0.2670711192529533,2.1182391953726487,1.6312336100000007,3.6417128164774955
rushda,gwo,gwo_v0,7.4,8.9,3.56,hip_adduction_r,1.9026567844383824,307.9115408618101,0.28289977966838376,0.6179231798564802,0.46246308999999997,-1.8909932474189455
rushda,gwo,gwo_v0,7.4,8.9,3.56,hip_rotation_r,3.0348700339530184,384.35033409763224,-0.4515364814709351,0.7896103540740267,1.3560803799999999,2.982446489296343
rushda,gwo,gwo_v0,7.4,8.9,3.56,knee_angle_r,1.3995181065288333,820.952520560392,0.6215846921163136,0.17047491438037188,1.76183527,-1.3547324274035684
rushda,gwo,gwo_v0,7.4,8.9,3.56,ankle_angle_r,4.239804289190632,541.31123897522,-0.02220542210384248,0.7832470460464096,1.2388343200000005,4.222433744101058
rushda,gwo,gwo_v0,7.4,8.9,3.56,hip_flexion_l,4.30329485710946,278.41604921572497,-0.6371494083268343,1.5456346245956318,1.9583209700000008,4.230023959889529
rushda,gwo,gwo_v0,7.4,8.9,3.56,hip_adduction_l,1.01630927571865,171.84928385879869,-0.4327712687329965,0.5913957002891607,0.13624459,-1.0024652740323607
rushda,gwo,gwo_v0,7.4,8.9,3.56,hip_rotation_l,2.9940868891407497,441.57888066411795,0.20336518739617165,0.678041233457034,0.6461751400000004,2.987224301756452
rushda,gwo,gwo_v0,7.4,8.9,3.56,knee_angle_l,0.2564692834457952,33.15778311707346,0.6053635585879449,0.7734813951229906,0.22312200999999998,-0.1375977719622454
rushda,gwo,gwo_v0,7.4,8.9,3.56,ankle_angle_l,0.7663215167466206,123.76191836653823,0.04368099942081361,0.6191900762858671,0.4599353700000002,0.7473791276924696
rushda,gwo,gwo_v1,38.7,40.2,4.08,pelvis_tilt,2.0240780003754137,22.92564285850977,0.678899740940735,8.828882194786944,8.14465354,-0.7660306651475348
rushda,gwo,gwo_v1,38.7,40.2,4.08,pelvis_list,3.1515495834002794,44.18242282843027,0.728783596911195,7.133039298542807,12.37135601,-1.5206374962364346
rushda,gwo,gwo_v1,38.7,40.2,4.08,pelvis_rotation,2.1390088682908552,22.371468147043235,0.8691318831286423,9.561325408916273,13.78740848,-0.36781014663263456
rushda,gwo,gwo_v1,38.7,40.2,4.08,hip_flexion_r,2.788614609420986,6.3054137244455,0.9872437644426267,44.22571985419114,40.4472963,0.34358318658309284
rushda,gwo,gwo_v1,38.7,40.2,4.08,hip_adduction_r,4.135966738014402,74.90578545508231,0.7809047845389803,5.5215584655935,18.09823411,-1.6391469745961325
rushda,gwo,gwo_v1,38.7,40.2,4.08,hip_rotation_r,6.646625508162599,35.92719319906118,0.7125224519554066,18.500263773281024,15.94791423,5.3565475090909
rushda,gwo,gwo_v1,38.7,40.2,4.08,knee_angle_r,3.6541120590173692,59.039999338255235,0.8305334233146967,6.189214261473866,18.88274339,1.2478222507602967
rushda,gwo,gwo_v1,38.7,40.2,4.08,ankle_angle_r,6.035624986559457,25.639423519308824,0.9366469906728235,23.54040831695799,17.90634866,5.5279997607589175
rushda,gwo,gwo_v1,38.7,40.2,4.08,hip_flexion_l,2.9325290363615215,6.456478456710022,0.9801235350847141,45.41994612115266,45.413807,-0.11914432864618724
rushda,gwo,gwo_v1,38.7,40.2,4.08,hip_adduction_l,3.7805632230425923,32.28508056493089,0.8434934034543531,11.709938946688473,19.18282746,-2.4003659395795633
rushda,gwo,gwo_v1,38.7,40.2,4.08,hip_rotation_l,6.561113662583367,39.80313797946412,0.48207108998457,16.48391055491274,9.86203473,5.049113279226731
rushda,gwo,gwo_v1,38.7,40.2,4.08,knee_angle_l,3.4809832517318657,5.866129711999745,0.9978153128391504,59.340372999444114,70.18141488,1.8480748729448844
rushda,gwo,gwo_v1,38.7,40.2,4.08,ankle_angle_l,5.377846714087261,12.535534743983364,0.975707364922355,42.90081615120924,34.30826645,4.69337946834693
rushda,gwo,gwo_v2,68.22,69.72,4.57,pelvis_tilt,1.938174016162935,25.27240832858845,0.8868162579458849,7.6691306620368636,9.15453466,1.4968875426371286
rushda,gwo,gwo_v2,68.22,69.72,4.57,pelvis_list,2.828816103767235,42.45312620468397,0.32995828232670676,6.663387026265982,8.32194699,-1.4487134854044548
rushda,gwo,gwo_v2,68.22,69.72,4.57,pelvis_rotation,1.6135741750578536,15.647773813860882,0.9559320345946454,10.311844957961629,14.612935709999999,-0.5695441916500052
rushda,gwo,gwo_v2,68.22,69.72,4.57,hip_flexion_r,2.753295815857509,6.227310481006087,0.9827752087213749,44.21324140261408,42.52700402,-1.242001489580673
rushda,gwo,gwo_v2,68.22,69.72,4.57,hip_adduction_r,4.018922119576533,77.89142061824053,0.41437808642657065,5.159646707785665,15.81703514,-1.7744711235417472
rushda,gwo,gwo_v2,68.22,69.72,4.57,hip_rotation_r,7.1362104134800415,47.01743822836046,0.8386393211923338,15.177795053018325,14.94674492,6.614569178058177
rushda,gwo,gwo_v2,68.22,69.72,4.57,knee_angle_r,4.149261386935605,65.25686930955725,0.940550260514807,6.35835189587914,17.28822245,2.2245867010616633
rushda,gwo,gwo_v2,68.22,69.72,4.57,ankle_angle_r,6.549264921583853,28.809580102718037,0.9292169188150139,22.732941258543242,19.250531770000002,6.135188984686744
rushda,gwo,gwo_v2,68.22,69.72,4.57,hip_flexion_l,2.932749129916836,6.760710244193459,0.9868127677089124,43.37930519113244,40.52063648,-1.7094211001733601
rushda,gwo,gwo_v2,68.22,69.72,4.57,hip_adduction_l,4.175628412615749,56.49136886512014,0.5389762039756227,7.391621935353626,15.28264832,-2.4668808614808313
rushda,gwo,gwo_v2,68.22,69.72,4.57,hip_rotation_l,8.324974515131277,42.61715967379393,0.6860630763093507,19.534325090769613,14.124124519999999,7.29049061462371
rushda,gwo,gwo_v2,68.22,69.72,4.57,knee_angle_l,3.8417580324894014,6.2337280347820165,0.9979900464866868,61.62857941594081,72.19943981,2.57695563269832
rushda,gwo,gwo_v2,68.22,69.72,4.57,ankle_angle_l,6.572543254107156,16.23442099317522,0.9711840317976723,40.485233547104535,32.21845218,6.094053179590244
rushda,rd,rd_correct,26.04,27.54,,pelvis_tilt,1.5649664345737977,205.9253368817797,0.6207641068421532,0.7599678884936019,1.635558470000003,-1.5354693019192367
rushda,rd,rd_correct,26.04,27.54,,pelvis_list,0.4373123131457648,18.700535074567313,0.9810179614697243,2.338501606515573,3.1421727900000005,0.1920741978330315
rushda,rd,rd_correct,26.04,27.54,,pelvis_rotation,356.30665056854673,40800.38039652581,0.4947443459987352,0.8732924720449091,3.8997818399999744,-356.3050182397247
rushda,rd,rd_correct,26.04,27.54,,hip_flexion_r,3.2272123764611322,150.1440721197415,0.7975411628404067,2.1494104501757456,2.15072448,-3.207840957246543
rushda,rd,rd_correct,26.04,27.54,,hip_adduction_r,1.0887357618709115,40.190349048255584,0.9941258736291956,2.708948261593082,4.0444875499999995,-0.9122113488622106
rushda,rd,rd_correct,26.04,27.54,,hip_rotation_r,3.156722773292652,41.31967164922002,0.872379675338711,7.639757643989508,3.73451485,2.8529461576298756
rushda,rd,rd_correct,26.04,27.54,,knee_angle_r,2.518805224772127,41.993570256637334,0.9904275083817102,5.9980735369220355,3.31300829,-2.3702735427532216
rushda,rd,rd_correct,26.04,27.54,,ankle_angle_r,2.213065526826983,5.448959103139964,0.9943525804155535,40.61446388084843,34.41002232,-0.23183716295926135
rushda,rd,rd_correct,26.04,27.54,,hip_flexion_l,1.8369335893807,156.70097371317274,0.9168346496245533,1.17225410018386,4.117199339999999,-1.5953040474747813
rushda,rd,rd_correct,26.04,27.54,,hip_adduction_l,4.3534521118443825,206.25421933229114,0.9928829127263141,2.1107214804806693,4.39038652,-4.24219120881242
rushda,rd,rd_correct,26.04,27.54,,hip_rotation_l,4.683911341492579,120.12245101376222,-0.8339706675292935,3.8992805274643887,1.6000544300000001,4.389632470016388
rushda,rd,rd_correct,26.04,27.54,,knee_angle_l,0.9322773804382519,171.0481310987513,0.6709443128696714,0.5450380395562578,2.27247647,0.5951724442666504
rushda,rd,rd_correct,26.04,27.54,,ankle_angle_l,2.9093229304681443,690.1182768647228,0.35209226197006427,0.4215687408954727,0.6816420700000005,2.9057123035372396
rushda,rd,rd_toes,75.887,77.387,,pelvis_tilt,1.6014886778283186,114.71721770126251,0.6731540437002324,1.3960316593441,3.6111476399999987,-1.5113994013668919
rushda,rd,rd_toes,75.887,77.387,,pelvis_list,0.7757722290870454,41.34940615619812,0.4405379270314637,1.876138743459947,3.96851051,-0.005503833617814572
rushda,rd,rd_toes,75.887,77.387,,pelvis_rotation,356.6646921453981,32074.00697074547,0.5921723647454039,1.1120054082132924,2.6480821299999775,-356.6644430332811
rushda,rd,rd_toes,75.887,77.387,,hip_flexion_r,3.224526955210502,101.48816502036104,0.8130687348270417,3.177244316678286,6.02108951,-3.1499373320973705
rushda,rd,rd_toes,75.887,77.387,,hip_adduction_r,2.0630074726267424,173.94635689182294,0.2338289563887693,1.1860021155313558,5.98663007,-1.7089778903510782
rushda,rd,rd_toes,75.887,77.387,,hip_rotation_r,2.6261662599340276,51.64697857008809,0.19153781295568284,5.08484006740135,16.43089073,2.096983526383016
rushda,rd,rd_toes,75.887,77.387,,knee_angle_r,2.367251770619709,48.16292960682802,0.7826945347749564,4.915090900708218,9.95081105,-2.239043015582143
rushda,rd,rd_toes,75.887,77.387,,ankle_angle_r,19.425263008682094,42.789350890654795,0.13439429838615555,45.39742390185353,69.30787037,-9.641210843712235
rushda,rd,rd_toes,75.887,77.387,,hip_flexion_l,2.6135177344228078,92.00023498800734,0.883815697850968,2.8407728901600002,5.531653469999998,-2.5466710693146344
rushda,rd,rd_toes,75.887,77.387,,hip_adduction_l,2.609748815643284,83.12868485518754,0.17897793584092045,3.1394082802940266,5.4250446,-2.2318945515954804
rushda,rd,rd_toes,75.887,77.387,,hip_rotation_l,3.493075273310665,169.30215161733665,0.8963126764561101,2.0632196578374566,2.86443334,3.4809020765967866
rushda,rd,rd_toes,75.887,77.387,,knee_angle_l,0.5219635602715259,116.26679246691558,0.8703561614467676,0.4489360626509532,0.9030476200000002,-0.5000546776941955
rushda,rd,rd_toes,75.887,77.387,,ankle_angle_l,3.1588531955790162,266.58070777015513,0.632801155529158,1.1849519126877581,2.257288880000001,3.1456517174507286
rushda,rd,rd_supination,128.878,130.378,,pelvis_tilt,2.520166366815619,163.0456096618397,0.6910167110114295,1.5456818322446715,2.0557638999999988,-2.488407675056793
rushda,rd,rd_supination,128.878,130.378,,pelvis_list,0.7280851915095761,60.15655540075726,0.9669705555254243,1.2103172907077901,1.4717358899999997,-0.7129508912377344
rushda,rd,rd_supination,128.878,130.378,,pelvis_rotation,358.2137602188232,13531.74906691333,0.927440467513452,2.6472095990509956,2.295556880000021,-358.2136944513316
rushda,rd,rd_supination,128.878,130.378,,hip_flexion_r,3.672531615154818,108.8920109909603,0.6284803279853421,3.3726364144929732,2.4417986700000007,-3.6282047068123684
rushda,rd,rd_supination,128.878,130.378,,hip_adduction_r,3.7844383321276736,452.4905432407009,0.7234327862432771,0.836357441864714,0.86051721,-3.78038731026882
rushda,rd,rd_supination,128.878,130.378,,hip_rotation_r,5.125192617513978,60.78390481271532,0.8562290619383774,8.431825222985418,12.780561200000001,3.850924270360956
rushda,rd,rd_supination,128.878,130.378,,knee_angle_r,3.0775234712277917,69.18786520529662,0.9280803007160445,4.448068258929594,3.4132858899999996,-3.0570903225580053
rushda,rd,rd_supination,128.878,130.378,,ankle_angle_r,4.904959015676145,41.60096794751207,0.9427074360533774,11.790492523791105,6.95505482,4.7755497349046045
rushda,rd,rd_supination,128.878,130.378,,hip_flexion_l,3.729765556918117,446.15455517621785,0.496961397893418,0.8359806066408915,1.9109678999999993,-3.6991516370190958
rushda,rd,rd_supination,128.878,130.378,,hip_adduction_l,0.31435529205138046,43.81113871909712,0.8474066295000523,0.717523673755492,0.95566613,0.26851658772902265
rushda,rd,rd_supination,128.878,130.378,,hip_rotation_l,3.44922299608021,143.90652816846568,0.8990744056219754,2.3968495661589033,1.74131516,3.440012911086711
rushda,rd,rd_supination,128.878,130.378,,knee_angle_l,0.7196537874192874,57.53621904357795,0.9004849705320846,1.2507839398939673,1.1497890899999998,-0.7036829335999533
rushda,rd,rd_supination,128.878,130.378,,ankle_angle_l,3.7391475402484664,343.44248371749507,0.7362374594361117,1.0887259781536436,1.0053303200000006,3.7340460563156093
rushda,rd,rd_pronation,187.423,188.923,,pelvis_tilt,1.7011264147178586,327.2983673845813,0.23873686832372296,0.519747907180669,0.9687409599999981,-1.6885050582430405
rushda,rd,rd_pronation,187.423,188.923,,pelvis_list,1.0014501803501663,74.47775120750578,0.8810041799220325,1.3446299923315104,2.32902346,-0.928472517299231
rushda,rd,rd_pronation,187.423,188.923,,pelvis_rotation,358.3157528605044,12405.135967770439,0.7834684175947354,2.888446799708106,3.3905470800000046,-358.3153554987982
rushda,rd,rd_pronation,187.423,188.923,,hip_flexion_r,3.275615646043318,129.38043095093582,0.9740982665861972,2.531770548272103,3.0843313500000002,-3.2659009636848126
rushda,rd,rd_pronation,187.423,188.923,,hip_adduction_r,3.2564719462660254,184.98185719620247,0.9197521298685087,1.7604277498479337,4.64271276,-3.135025591731622
rushda,rd,rd_pronation,187.423,188.923,,hip_rotation_r,2.771012438361744,22.12672000137001,0.9413676396900424,12.52337643442034,11.721916320000002,2.5075822722139187
rushda,rd,rd_pronation,187.423,188.923,,knee_angle_r,3.324260367090899,47.77239354561909,0.9889953464719936,6.95853843688296,8.199279240000001,-3.297077337462424
rushda,rd,rd_pronation,187.423,188.923,,ankle_angle_r,5.317732405742527,19.78322186972508,0.9750608905671189,26.88001196549501,31.52358221,4.923108922435804
rushda,rd,rd_pronation,187.423,188.923,,hip_flexion_l,3.086012770685997,242.53406976902605,0.9470379150533629,1.2724038208837705,2.0999248700000024,-3.0754893200989666
rushda,rd,rd_pronation,187.423,188.923,,hip_adduction_l,0.5280110572724142,21.986616741694533,0.9096306790408403,2.4015111714350996,3.02345788,0.3697759898939196
rushda,rd,rd_pronation,187.423,188.923,,hip_rotation_l,4.419890194204646,336.9296821126776,0.8544632719194383,1.3118138379765916,1.65619002,4.411403920456151
rushda,rd,rd_pronation,187.423,188.923,,knee_angle_l,0.6801485261203516,146.73103470580935,0.8798237261963023,0.46353419880397206,0.9288815799999999,-0.6565677912616891
rushda,rd,rd_pronation,187.423,188.923,,ankle_angle_l,3.9083013284926733,612.1775167522213,0.711262776642138,0.6384261462634795,1.0471280800000002,3.9033549825105487
rushda,rgs,rgs_correct,26.736,28.236,,pelvis_tilt,1.5564659886025456,20.85185947994702,0.7574660223154754,7.464398990887982,7.978439209999998,-0.5567730831914688
rushda,rgs,rgs_correct,26.736,28.236,,pelvis_list,4.298241911702153,119.98384615006226,0.6682429693245143,3.5823504993550523,6.60638171,4.057439645163318
rushda,rgs,rgs_correct,26.736,28.236,,pelvis_rotation,2.317928079715047,101.96443015461432,0.9663258275990398,2.27327125371097,5.9789955500000005,1.9658866214448592
rushda,rgs,rgs_correct,26.736,28.236,,hip_flexion_r,2.0681507422126044,4.348471757947934,0.9981207832099508,47.560404145031754,49.07567598,1.7098239813152305
rushda,rgs,rgs_correct,26.736,28.236,,hip_adduction_r,7.993310205871344,94.97788844918331,0.9468600314192553,8.415969586592842,13.3353878,-7.856810923455088
rushda,rgs,rgs_correct,26.736,28.236,,hip_rotation_r,7.774840655781514,80.13424993035156,0.49080632060894575,9.702269207659638,13.01273902,6.813194889548582
rushda,rgs,rgs_correct,26.736,28.236,,knee_angle_r,1.402367342032335,2.9455167669804827,0.9980205391612785,47.61023117413568,47.743876490000005,0.9094340203689263
rushda,rgs,rgs_correct,26.736,28.236,,ankle_angle_r,3.8621479353097445,17.47838978567572,0.9018888439830387,22.096703315742154,12.31651551,-1.413510995470396
rushda,rgs,rgs_correct,26.736,28.236,,hip_flexion_l,2.882904939354064,60.88685787867326,-0.13994000065151535,4.73485582898482,5.807450970000001,2.048371833460068
rushda,rgs,rgs_correct,26.736,28.236,,hip_adduction_l,5.9485116940950356,169.7964067443969,0.2850631391983089,3.5033201279987214,8.236506010000001,5.547991587719188
rushda,rgs,rgs_correct,26.736,28.236,,hip_rotation_l,8.102863041830487,119.8444645393923,-0.26907647530644163,6.761149188636171,4.6226485,7.559276085037897
rushda,rgs,rgs_correct,26.736,28.236,,knee_angle_l,1.2684649317499086,50.73099572562876,0.8607116830774513,2.5003746005897804,5.01591036,0.5370058184259552
rushda,rgs,rgs_correct,26.736,28.236,,ankle_angle_l,0.8845337070604486,6.790296771277772,0.979021117941756,13.026436647098128,11.89632498,0.49665481312738663
rushda,rgs,rgs_flexion,114.84,116.34,,pelvis_tilt,1.5931125311198118,27.561107721993995,0.35499403545348707,5.780292095620288,4.995737740000001,-0.06520192686353371
rushda,rgs,rgs_flexion,114.84,116.34,,pelvis_list,4.110889671865984,83.40830380602632,0.9301037729221058,4.928633582366374,7.07652126,4.003642234812828
rushda,rgs,rgs_flexion,114.84,116.34,,pelvis_rotation,3.0435946997827914,88.54957163298019,0.9457399150524184,3.4371647921662083,8.0801155,2.409342650515041
rushda,rgs,rgs_flexion,114.84,116.34,,hip_flexion_r,2.2147796663945503,3.6343458343157464,0.9985486443398175,60.940256303691484,62.58511119,1.8680190486568373
rushda,rgs,rgs_flexion,114.84,116.34,,hip_adduction_r,7.887425709252305,89.42712917937286,0.9917318150470591,8.819947348898692,9.368756789999999,-7.876151433845527
rushda,rgs,rgs_flexion,114.84,116.34,,hip_rotation_r,10.393413640282896,189.1054401359882,0.6035919174312994,5.4960944713218485,9.628415690000002,10.076192443666574
rushda,rgs,rgs_flexion,114.84,116.34,,knee_angle_r,2.4949644003608857,5.349354960557656,0.999011351235614,46.64047195889937,49.76418312,1.7492640106749469
rushda,rgs,rgs_flexion,114.84,116.34,,ankle_angle_r,6.151928609053919,10.735484328805416,0.9976335985452788,57.30462101786208,42.37071656,1.149248269413882
rushda,rgs,rgs_flexion,114.84,116.34,,hip_flexion_l,2.5841387208478537,34.02768588952881,0.557030606880024,7.594224095159699,8.67755635,1.4689665139965806
rushda,rgs,rgs_flexion,114.84,116.34,,hip_adduction_l,6.373363842995873,133.1583020992867,0.4799750357741164,4.786306030129243,7.762668870000001,5.9610161416748895
rushda,rgs,rgs_flexion,114.84,116.34,,hip_rotation_l,9.914040207659466,105.00524266518838,-0.2673242710849079,9.441471640869029,6.25748686,9.17485863306445
rushda,rgs,rgs_flexion,114.84,116.34,,knee_angle_l,1.315021410581578,86.42077177397934,0.5476086388748215,1.521649695539425,4.85922745,0.5636479695851956
rushda,rgs,rgs_flexion,114.84,116.34,,ankle_angle_l,1.7187079950832478,20.10196543715227,0.980074060452336,8.54995000591707,8.78594213,1.6561795686682512
rushda,rgs,rgs_abduction,216.627,218.127,,pelvis_tilt,1.4907450486973022,12.110496631671534,0.9666945493678152,12.30952861832838,11.820600950000003,0.8280700862641628
rushda,rgs,rgs_abduction,216.627,218.127,,pelvis_list,2.458096845037135,17.609398218836414,0.9970041317968408,13.959005381613547,14.88834466,2.423414380733726
rushda,rgs,rgs_abduction,216.627,218.127,,pelvis_rotation,1.8860533591906534,25.05139031109683,0.8123122139584428,7.528737270742223,5.73385197,1.0694508118785906
rushda,rgs,rgs_abduction,216.627,218.127,,hip_flexion_r,2.3686857050873282,5.54013861848575,0.9867026305966534,42.75498986945467,41.10719558,-1.4016063609084373
rushda,rgs,rgs_abduction,216.627,218.127,,hip_adduction_r,4.7535958402979315,17.0391311800709,0.995818146532787,27.89811164701739,22.44542286,-4.342016136719167
rushda,rgs,rgs_abduction,216.627,218.127,,hip_rotation_r,7.396827100518414,28.046269355452836,0.6390590039414658,26.373657782332828,10.45319249,6.554340691320717
rushda,rgs,rgs_abduction,216.627,218.127,,knee_angle_r,1.9457841828891602,14.032385680006726,0.8994903022033188,13.866381863074816,10.672441750000003,-1.2294905441202229
rushda,rgs,rgs_abduction,216.627,218.127,,ankle_angle_r,6.419806467437137,11.147483821154813,0.9913429082666011,57.58973567877386,43.15964848,0.9054870822091415
rushda,rgs,rgs_abduction,216.627,218.127,,hip_flexion_l,1.8244686765703135,20.602544262715487,0.7566471493043782,8.8555503306068,5.833081999999999,-0.2824979766879471
rushda,rgs,rgs_abduction,216.627,218.127,,hip_adduction_l,5.33523768465774,51.39375562914793,0.9501375914555795,10.381101009928653,10.9801228,5.176155166227156
rushda,rgs,rgs_abduction,216.627,218.127,,hip_rotation_l,5.001102909551624,55.40728589399946,0.47553279349346406,9.026074511426732,2.4319626300000006,4.291992729149928
rushda,rgs,rgs_abduction,216.627,218.127,,knee_angle_l,1.1803319040858669,17.74450505547589,0.9424254778870067,6.651816437797011,8.82230006,-0.7401932877066336
rushda,rgs,rgs_abduction,216.627,218.127,,ankle_angle_l,1.4898125216418148,11.789810447281438,0.988382640624393,12.636441682447442,10.238552010000001,0.637398893139198
rushda,rgs,rgs_stork,325.472,326.972,,pelvis_tilt,2.4391795427626968,27.632788949515465,0.3198184276232785,8.82712037217462,6.06822262,1.1511154513969106
rushda,rgs,rgs_stork,325.472,326.972,,pelvis_list,3.7443427388315316,52.341158987778236,0.9908909730019144,7.153725311481626,11.01710187,3.477009695898757
rushda,rgs,rgs_stork,325.472,326.972,,pelvis_rotation,3.881767835532082,73.9207068687266,-0.3465144840019966,5.251259085530106,5.60567047,2.972561435890526
rushda,rgs,rgs_stork,325.472,326.972,,hip_flexion_r,2.5514745790475906,3.0292606750133677,0.997835380625979,84.22763349794356,83.35556836,1.5649154127665839
rushda,rgs,rgs_stork,325.472,326.972,,hip_adduction_r,9.378656947590528,72.07250707899864,0.9946435170904641,13.012807973102126,13.603471549999998,-9.358095808207015
rushda,rgs,rgs_stork,325.472,326.972,,hip_rotation_r,8.869784290906342,106.24219708189906,0.7836951148749598,8.348645391876525,17.61231222,7.889218174133512
rushda,rgs,rgs_stork,325.472,326.972,,knee_angle_r,2.3472010876363956,3.1764270952090445,0.9994742233931774,73.89437935398053,75.38553343000001,2.0508605547605008
rushda,rgs,rgs_stork,325.472,326.972,,ankle_angle_r,4.405801435026838,8.942159192528955,0.9989408978509494,49.269995536512276,38.753129380000004,-1.537658612375014
rushda,rgs,rgs_stork,325.472,326.972,,hip_flexion_l,2.7591348404346454,40.0720877520731,-0.24344963395046829,6.885428225016561,7.467483030000002,0.3069303918840885
rushda,rgs,rgs_stork,325.472,326.972,,hip_adduction_l,7.001442889495137,101.73528888562397,0.8798343496905475,6.8820199619883295,11.398023539999999,6.509277784905964
rushda,rgs,rgs_stork,325.472,326.972,,hip_rotation_l,10.099937709428465,101.68012734545778,-0.6390318291115912,9.933049823112409,4.02559286,9.127584791194517
rushda,rgs,rgs_stork,325.472,326.972,,knee_angle_l,1.3005656427444336,73.49133812117581,-0.2991512308132639,1.769685620093082,3.2261009100000004,0.568342470309202
rushda,rgs,rgs_stork,325.472,326.972,,ankle_angle_l,1.7156479000497142,85.70534904042327,0.3891518682506599,2.001797926568763,2.8976206399999995,1.5620115318083583
yaxkin,ng,ng_v0,7.67,9.17,2.57,pelvis_tilt,5.435977437961242,545.637324927666,0.7075932662049816,0.9962620205063644,3.5446658199999987,5.403448914097461
yaxkin,ng,ng_v0,7.67,9.17,2.57,pelvis_list,1.7485429387315592,174.5649317055749,0.8998352565772584,1.0016576191148694,1.3958162399999998,1.740597981124386
yaxkin,ng,ng_v0,7.67,9.17,2.57,pelvis_rotation,0.43673426234595325,31.042456354378345,0.859519214112673,1.4068933764784197,1.1291267200000001,0.4137574948608426
yaxkin,ng,ng_v0,7.67,9.17,2.57,hip_flexion_r,8.385638804353611,725.572956633323,0.5881966064550107,1.1557264817673456,3.552416050000005,-8.361221861498947
yaxkin,ng,ng_v0,7.67,9.17,2.57,hip_adduction_r,2.367903974965455,175.34687080146634,0.01435381553869923,1.3504113099608581,0.4227993999999997,-2.3355178213787995
yaxkin,ng,ng_v0,7.67,9.17,2.57,hip_rotation_r,4.852870983074698,433.2126948537258,0.5467211752924901,1.1202051649740479,2.86944246,4.8064437708310095
yaxkin,ng,ng_v0,7.67,9.17,2.57,knee_angle_r,3.295302465813574,269.7714243994196,0.8660011990836232,1.221516501664238,1.3068858400000005,-3.2897293108161456
yaxkin,ng,ng_v0,7.67,9.17,2.57,ankle_angle_r,1.3621978977617135,342.888719684059,0.31381451579150976,0.39727113187533725,1.2165149500000005,1.329293377322209
yaxkin,ng,ng_v0,7.67,9.17,2.57,hip_flexion_l,5.530709041149171,428.52980765448825,0.6751392331366679,1.2906241158394351,4.034060239999995,-5.4852879261988905
yaxkin,ng,ng_v0,7.67,9.17,2.57,hip_adduction_l,4.5874450652278265,850.1408897528602,0.6444125503633369,0.5396099776545764,0.5098185200000005,4.586461383611589
yaxkin,ng,ng_v0,7.67,9.17,2.57,hip_rotation_l,0.7036243957771156,82.55768264960143,0.361066631752465,0.8522821537560593,0.5429814000000001,-0.6800388417896781
yaxkin,ng,ng_v0,7.67,9.17,2.57,knee_angle_l,1.4593231888049107,186.4839705543341,0.8354990287892039,0.7825461804931493,1.2501182199999992,-1.4496985060049876
yaxkin,ng,ng_v0,7.67,9.17,2.57,ankle_angle_l,0.6325259648550037,216.83944468888257,0.644889285671992,0.29170244637111153,1.1077248499999985,-0.5913474717800461
yaxkin,ng,ng_v1,56.04,57.54,3.02,pelvis_tilt,6.017229729654129,120.9005711530494,0.031871250998546506,4.977006867930218,6.390435250000003,5.722927783681538
yaxkin,ng,ng_v1,56.04,57.54,3.02,pelvis_list,7.195416315252795,199.31016319252996,-0.4587491262499091,3.610160264783967,19.38744064,2.3148076093420245
yaxkin,ng,ng_v1,56.04,57.54,3.02,pelvis_rotation,2.8767428955158025,30.426161039410488,0.8580536834401985,9.454833594647733,17.9728656,-0.43547478293925507
yaxkin,ng,ng_v1,56.04,57.54,3.02,hip_flexion_r,7.277719582677876,19.572702098345882,0.9909300170579908,37.18300899952351,50.31448749,-5.254004992831742
yaxkin,ng,ng_v1,56.04,57.54,3.02,hip_adduction_r,11.092658966516435,86.96041919151605,0.3583126311822766,12.755986079237584,35.1970376,-4.2319407160390545
yaxkin,ng,ng_v1,56.04,57.54,3.02,hip_rotation_r,11.471081555999861,98.90947923700125,-0.37584053268771733,11.597555304596751,12.07364171,10.160871604194874
yaxkin,ng,ng_v1,56.04,57.54,3.02,knee_angle_r,4.810171877413375,8.123959476188759,0.9854836050415936,59.20969807286631,67.7943332,2.194477590955856
yaxkin,ng,ng_v1,56.04,57.54,3.02,ankle_angle_r,5.9806539477339165,11.924242923482328,0.9249682259236719,50.15541855455038,37.43981127,3.6592665131155138
yaxkin,ng,ng_v1,56.04,57.54,3.02,hip_flexion_l,2.2369769306585097,5.629612317007584,0.9874145366403354,39.735896624717725,44.89722431,0.37955798678085273
yaxkin,ng,ng_v1,56.04,57.54,3.02,hip_adduction_l,11.59965660975213,114.68125476558812,0.24629532315046052,10.114692792176168,35.4360566,4.501186473198466
yaxkin,ng,ng_v1,56.04,57.54,3.02,hip_rotation_l,6.641626078182811,44.33814927622451,0.392022367158763,14.979484228820205,18.7989204,3.469842222158584
yaxkin,ng,ng_v1,56.04,57.54,3.02,knee_angle_l,5.8186800368072005,9.519065071986835,0.9889805595085196,61.126591664245396,59.23690315,5.092772219466687
yaxkin,ng,ng_v1,56.04,57.54,3.02,ankle_angle_l,3.187651856953245,8.175171588252015,0.9340652748897743,38.99186485007854,33.49547784,0.3661057536802781
yaxkin,ng,ng_v2,82.44,83.94,3.96,pelvis_tilt,6.169373951072611,99.84990952172386,0.2151612221422062,6.178647512675383,53.17816039,4.458509771556952
yaxkin,ng,ng_v2,82.44,83.94,3.96,pelvis_list,8.103813084514623,307.32475874259717,-0.3555602138004001,2.636889106387309,33.444498020000005,2.3620611129364595
yaxkin,ng,ng_v2,82.44,83.94,3.96,pelvis_rotation,3.0843049622371277,26.979394237170546,0.8961252154327936,11.432076402915534,19.06680911,-0.2618299552237288
yaxkin,ng,ng_v2,82.44,83.94,3.96,hip_flexion_r,7.9998499793822395,18.81543576222709,0.934537322954306,42.51748447645486,102.31887947999999,-3.355662027096358
yaxkin,ng,ng_v2,82.44,83.94,3.96,hip_adduction_r,11.942048704812501,88.74738594389171,0.4530165850444094,13.456225868289302,37.35373428,-4.095966366304705
yaxkin,ng,ng_v2,82.44,83.94,3.96,hip_rotation_r,13.164460309751046,100.99799452823788,-0.014249610283463261,13.034377931207748,31.4727501,11.798181500297057
yaxkin,ng,ng_v2,82.44,83.94,3.96,knee_angle_r,5.111055272821369,8.09787595972393,0.9882454606914775,63.11599854384054,83.06679863,2.683630686230374
yaxkin,ng,ng_v2,82.44,83.94,3.96,ankle_angle_r,4.984287793261506,15.656564230034018,0.8918827284479014,31.83513138661762,25.953274790000002,3.2425741734168567
yaxkin,ng,ng_v2,82.44,83.94,3.96,hip_flexion_l,3.75022890695182,9.232618840706932,0.9724200608641266,40.61934074887759,53.60260065,1.3212910888255363
yaxkin,ng,ng_v2,82.44,83.94,3.96,hip_adduction_l,12.461371129022634,108.65034760306978,0.39550643301121247,11.469241842232774,39.16232837,4.066430747374742
yaxkin,ng,ng_v2,82.44,83.94,3.96,hip_rotation_l,10.676576288548253,70.15843703212674,0.2923858186441893,15.217808064423195,95.20964318,5.68265245554517
yaxkin,ng,ng_v2,82.44,83.94,3.96,knee_angle_l,5.732854023928901,10.403473642222883,0.9852172755484698,55.105191026407766,58.8246794,4.811632416735654
yaxkin,ng,ng_v2,82.44,83.94,3.96,ankle_angle_l,5.181973123827502,13.073078949830919,0.8316046266769239,39.638505540383996,59.57271157,-0.2879621982021736
yaxkin,gwo,gwo_v0,17.04,18.54,3.06,pelvis_tilt,2.714800653617675,35.99274436024078,0.2986024222701324,7.542633110845994,4.622545879999997,1.9438272248111936
yaxkin,gwo,gwo_v0,17.04,18.54,3.06,pelvis_list,7.811586376181926,57.95847702002892,0.4310634241288757,13.477901383575777,22.32222504,-3.512126763177259
yaxkin,gwo,gwo_v0,17.04,18.54,3.06,pelvis_rotation,3.5590820328469595,28.317067622451702,0.8331873031619275,12.568681476132355,20.188876829999998,0.0336332953911921
yaxkin,gwo,gwo_v0,17.04,18.54,3.06,hip_flexion_r,2.743344446361024,7.248899890322291,0.9852001285072945,37.844976311833896,39.25496831,-0.8876202814357939
yaxkin,gwo,gwo_v0,17.04,18.54,3.06,hip_adduction_r,10.175730081469732,172.04282595440282,0.7057001484036901,5.914649463016055,32.5309122,1.4992842878131265
yaxkin,gwo,gwo_v0,17.04,18.54,3.06,hip_rotation_r,5.273696702858242,35.36419847724388,0.556830934187196,14.912529987783422,15.40848698,3.8573197560510626
yaxkin,gwo,gwo_v0,17.04,18.54,3.06,knee_angle_r,5.603625034122471,92.75740848364414,0.7349634332538892,6.04116169880981,12.05244238,5.087476450096017
yaxkin,gwo,gwo_v0,17.04,18.54,3.06,ankle_angle_r,7.218557606075966,33.80091017186459,0.8608196729624231,21.3561042272897,13.12462274,6.514356846285508
yaxkin,gwo,gwo_v0,17.04,18.54,3.06,hip_flexion_l,1.7745628827566158,4.322337872177514,0.9943364074728052,41.05562626603792,41.88866583,0.4353502226849905
yaxkin,gwo,gwo_v0,17.04,18.54,3.06,hip_adduction_l,11.258879464188446,149.5149149877755,0.16045063231250647,7.530271789345553,33.15884729,-3.492957150751378
yaxkin,gwo,gwo_v0,17.04,18.54,3.06,hip_rotation_l,6.49956909692828,43.522688033557515,0.2103434940902602,14.933749248017229,19.27279356,-1.9749623076462755
yaxkin,gwo,gwo_v0,17.04,18.54,3.06,knee_angle_l,3.197636800061162,7.855425442083427,0.9773870958549545,40.70609317899757,42.09084169,1.3448534338635834
yaxkin,gwo,gwo_v0,17.04,18.54,3.06,ankle_angle_l,3.0455956426379927,10.342278046691524,0.8914106010272286,29.448015503820972,30.62713916,0.8092554365630911
yaxkin,gwo,gwo_v1,82.07,83.57,3.57,pelvis_tilt,2.779183298863331,20.698803741542505,0.857117106898102,13.426782211986044,8.342050370000003,1.9674009032731927
yaxkin,gwo,gwo_v1,82.07,83.57,3.57,pelvis_list,6.781897837397917,64.30224146930995,0.4581282525670928,10.546907358796766,22.66811748,-0.242157190333553
yaxkin,gwo,gwo_v1,82.07,83.57,3.57,pelvis_rotation,3.5455305081790693,38.6680385539409,0.5773597259890437,9.169150132177371,14.23802037,1.4344741821193698
yaxkin,gwo,gwo_v1,82.07,83.57,3.57,hip_flexion_r,2.7704673795699213,6.778461791058238,0.9728477465359502,40.8716234592421,38.145613579999996,-0.6598320092254264
yaxkin,gwo,gwo_v1,82.07,83.57,3.57,hip_adduction_r,9.964444634203703,216.36005355812213,0.3684412463782687,4.605491850429263,32.11343455,-2.7374730672753
yaxkin,gwo,gwo_v1,82.07,83.57,3.57,hip_rotation_r,4.380753065170194,42.88470773557058,0.2816552105939014,10.215186943052414,12.97550627,2.062645025966421
yaxkin,gwo,gwo_v1,82.07,83.57,3.57,knee_angle_r,7.439587246867864,165.30591599685357,0.6568479078185016,4.500496671280336,12.27064416,7.029160079498082
yaxkin,gwo,gwo_v1,82.07,83.57,3.57,ankle_angle_r,7.654652844178956,33.075157014574955,0.7622254033091543,23.14320939067906,15.586894809999999,6.7702573842631235
yaxkin,gwo,gwo_v1,82.07,83.57,3.57,hip_flexion_l,3.2004654588772943,6.5362066822456,0.9897595946575954,48.96518140362312,47.58053561,1.9317466185283088
yaxkin,gwo,gwo_v1,82.07,83.57,3.57,hip_adduction_l,11.255656766700987,111.34382914182255,0.0079444317358744,10.108918341908524,36.24272723,-2.7876895562242687
yaxkin,gwo,gwo_v1,82.07,83.57,3.57,hip_rotation_l,7.391024707407928,32.22784955755873,0.24492448165669656,22.933657718016857,18.54106968,4.345122074988804
yaxkin,gwo,gwo_v1,82.07,83.57,3.57,knee_angle_l,4.652548833521301,9.247139623403248,0.9790278984137281,50.31338362996418,49.16064916,3.472705852603978
yaxkin,gwo,gwo_v1,82.07,83.57,3.57,ankle_angle_l,2.9413489420146868,10.828038795551972,0.8967205159946144,27.16418917175433,28.930348260000002,0.9732514227645931
yaxkin,gwo,gwo_v2,139.93,141.43,4.07,pelvis_tilt,3.7531302583286648,34.4269473539339,0.609377658033395,10.90172247845205,4.99025039,3.2849846041131006
yaxkin,gwo,gwo_v2,139.93,141.43,4.07,pelvis_list,7.680128032684274,85.65535027541151,-0.1191807337763928,8.96631443101921,20.47015696,2.051098395221322
yaxkin,gwo,gwo_v2,139.93,141.43,4.07,pelvis_rotation,3.4510604216681986,25.034818917430563,0.8516400000437946,13.785042476442232,17.92729091,1.3014659680507865
yaxkin,gwo,gwo_v2,139.93,141.43,4.07,hip_flexion_r,2.9659380192428184,7.439389075727204,0.9819066164654368,39.86803202590794,39.78281117,-1.5664519972466613
yaxkin,gwo,gwo_v2,139.93,141.43,4.07,hip_adduction_r,12.752679670343175,180.9171735133358,0.26573860048600856,7.048904989333779,34.504904190000005,-7.462830206968274
yaxkin,gwo,gwo_v2,139.93,141.43,4.07,hip_rotation_r,4.529583170284585,38.90554655011041,0.1488051520472274,11.64251262850266,11.11426206,1.977868780154677
yaxkin,gwo,gwo_v2,139.93,141.43,4.07,knee_angle_r,6.363409977823091,187.89542053903384,0.6825701458208389,3.3866764605373345,12.74001617,5.613788300093713
yaxkin,gwo,gwo_v2,139.93,141.43,4.07,ankle_angle_r,5.720880399754402,21.518951826448486,0.9091220318019463,26.58531161691152,18.310494820000002,4.825315366289072
yaxkin,gwo,gwo_v2,139.93,141.43,4.07,hip_flexion_l,3.771871945806311,8.402946874384952,0.9857396816620173,44.887490093555904,47.67433759,1.8101670586451108
yaxkin,gwo,gwo_v2,139.93,141.43,4.07,hip_adduction_l,11.73409538149841,113.46120396047115,0.07591470523226,10.34194506307765,37.93054,0.660891888711265
yaxkin,gwo,gwo_v2,139.93,141.43,4.07,hip_rotation_l,8.015264835465286,39.325758118105384,0.028471237439398243,20.38171727393883,17.26518214,4.325742536595081
yaxkin,gwo,gwo_v2,139.93,141.43,4.07,knee_angle_l,6.182121849366475,12.97840907321111,0.9769019388591146,47.633895760976344,49.00030581,5.3001411775905005
yaxkin,gwo,gwo_v2,139.93,141.43,4.07,ankle_angle_l,4.377599691922434,11.788167710397834,0.9272874768155875,37.13553963149966,34.82519587,3.2939303566993927
yaxkin,rd,rd_correct,47.309,48.809,,pelvis_tilt,16.45782837522839,727.0558826603584,0.2786393966755752,2.2636263274575015,2.2003817299999966,-16.441481220130154
yaxkin,rd,rd_correct,47.309,48.809,,pelvis_list,2.361741595604497,118.66651329156133,0.9703421405246139,1.9902342540407703,2.4779281600000003,2.351627893989805
yaxkin,rd,rd_correct,47.309,48.809,,pelvis_rotation,354.368494897544,43530.30033394385,-0.5434226674564152,0.8140731678371083,0.765285509999984,-354.36824315201346
yaxkin,rd,rd_correct,47.309,48.809,,hip_flexion_r,12.823835008427507,390.12584478923844,0.8187318100545777,3.2871021440159787,3.976362590000001,-12.810827170143993
yaxkin,rd,rd_correct,47.309,48.809,,hip_adduction_r,7.9424004959552725,255.96567587782167,0.9842366596844603,3.10291622840336,3.3968108800000003,7.940095063090224
yaxkin,rd,rd_correct,47.309,48.809,,hip_rotation_r,5.7873014533668,418.7907737092998,0.911985673677595,1.3819075817042732,3.078055580000001,5.760730428704952
yaxkin,rd,rd_correct,47.309,48.809,,knee_angle_r,2.4575500536094297,54.519712021524114,0.975888299810301,4.5076357935258375,4.01842978,2.440958405728275
yaxkin,rd,rd_correct,47.309,48.809,,ankle_angle_r,3.9906588704122625,14.653525577363594,0.9834473670038046,27.233438460549962,24.67766413,3.617874238479407
yaxkin,rd,rd_correct,47.309,48.809,,hip_flexion_l,18.501213876929892,535.4080483508856,0.7724582989213892,3.4555352565049446,3.9151329900000036,-18.488487630188597
yaxkin,rd,rd_correct,47.309,48.809,,hip_adduction_l,10.063586915268546,525.383273269264,0.9791783680587121,1.915475316267037,2.6748902700000006,-10.060601771449706
yaxkin,rd,rd_correct,47.309,48.809,,hip_rotation_l,9.4499017190368,692.9088330025234,0.6684353240770484,1.3638015953828067,1.3008809999999986,-9.444301402815451
yaxkin,rd,rd_correct,47.309,48.809,,knee_angle_l,2.840712667790333,323.875790882396,0.9340207721355386,0.8770994151958202,1.1896944699999992,-2.837784426596973
yaxkin,rd,rd_correct,47.309,48.809,,ankle_angle_l,0.2934397086868697,53.35732784062893,0.8063558933181353,0.5499520320120492,1.10679296,-0.25532895851248116
yaxkin,rd,rd_toes,91.876,93.376,,pelvis_tilt,16.37949706510498,669.8796808762561,0.3811155151149197,2.4451401546736413,2.0531751400000005,-16.362060483362054
yaxkin,rd,rd_toes,91.876,93.376,,pelvis_list,1.477780352491195,73.30879769031421,0.9954068563622911,2.0158294762027507,2.29963312,1.4746716584426074
yaxkin,rd,rd_toes,91.876,93.376,,pelvis_rotation,354.7893928354647,43453.41710874126,0.6810156742234428,0.8164821467264858,1.05544869000002,-354.78932418005866
yaxkin,rd,rd_toes,91.876,93.376,,hip_flexion_r,12.998828326429264,383.27968890820677,0.7618272311493269,3.3914733033355198,3.5073568699999953,-12.981115227144203
yaxkin,rd,rd_toes,91.876,93.376,,hip_adduction_r,6.25839540079718,238.39134942595467,0.925252461576484,2.625261116171945,2.6145925099999996,6.249177839740622
yaxkin,rd,rd_toes,91.876,93.376,,hip_rotation_r,4.175303067461128,207.63765143063702,0.9580847422156972,2.0108602841021446,5.079765589999999,4.009317245618204
yaxkin,rd,rd_toes,91.876,93.376,,knee_angle_r,0.6190408756611763,16.84279177963266,0.8546536334804007,3.675405382673902,3.05731192,-0.2603068892285855
yaxkin,rd,rd_toes,91.876,93.376,,ankle_angle_r,3.3540946739907143,10.805771923769534,0.9936123160444623,31.03984331385607,22.177284750000002,0.07185563395962422
yaxkin,rd,rd_toes,91.876,93.376,,hip_flexion_l,18.42087931408878,481.561741559542,0.8276140403617728,3.8252372903280474,3.9789065600000058,-18.405891227526748
yaxkin,rd,rd_toes,91.876,93.376,,hip_adduction_l,9.218876627466875,574.9519618508043,0.959388951173836,1.6034168485643159,1.9757757700000003,-9.21767871757964
yaxkin,rd,rd_toes,91.876,93.376,,hip_rotation_l,8.795337812947539,897.8634670298165,0.8457248296512753,0.9795852193477721,1.6125343900000004,-8.792144265744133
yaxkin,rd,rd_toes,91.876,93.376,,knee_angle_l,2.6361098033416104,703.5472838872598,0.6656675216083003,0.37468836334304356,0.6086824999999996,-2.6337347717118984
yaxkin,rd,rd_toes,91.876,93.376,,ankle_angle_l,0.20151333327850968,12.628246193124859,0.947005962387135,1.5957349120119204,1.690984199999999,-0.06316611284687926
yaxkin,rd,rd_supination,166.419,167.919,,pelvis_tilt,13.938852265842334,1070.5604830999716,0.5122198981066621,1.3020144574625299,2.573461430000002,-13.929258112754603
yaxkin,rd,rd_supination,166.419,167.919,,pelvis_list,1.8160388225264703,50.51285983503073,0.9964636469202716,3.595200961611453,4.0218324899999995,1.8110933787699277
yaxkin,rd,rd_supination,166.419,167.919,,pelvis_rotation,355.2705644215623,14030.060244429045,0.93003135058258,2.5322098282694867,1.7510728599999936,-355.27027244757545
yaxkin,rd,rd_supination,166.419,167.919,,hip_flexion_r,11.925175750852938,455.15358872740313,0.7069155247419384,2.6200333351639387,2.969114860000005,-11.91066812321352
yaxkin,rd,rd_supination,166.419,167.919,,hip_adduction_r,4.529337334770366,129.1766838132065,-0.07770167443884504,3.50631182119517,1.7535765399999992,4.347797122834546
yaxkin,rd,rd_supination,166.419,167.919,,hip_rotation_r,2.068583732499228,42.283677930606515,0.9534460473158799,4.892156580830234,9.19135536,1.4984753028833329
yaxkin,rd,rd_supination,166.419,167.919,,knee_angle_r,7.585541838816154,101.01876399451402,0.8866916880337828,7.509042418325469,3.5745362000000003,-7.430581754279292
yaxkin,rd,rd_supination,166.419,167.919,,ankle_angle_r,2.79930053377063,11.200981905102278,0.9906861695733659,24.991563752955365,24.00093712,2.4142737125943268
yaxkin,rd,rd_supination,166.419,167.919,,hip_flexion_l,15.276985893790059,704.7471576609528,0.7719241668611996,2.1677257904088876,3.995276529999998,-15.265483657564818
yaxkin,rd,rd_supination,166.419,167.919,,hip_adduction_l,8.862832482334747,728.4205062159093,0.7395399730674748,1.2167192448186979,1.5688970800000002,-8.857858518574158
yaxkin,rd,rd_supination,166.419,167.919,,hip_rotation_l,7.838694686609491,519.640852989898,0.9619311123778685,1.50848314590883,3.7065071399999994,-7.807525002787077
yaxkin,rd,rd_supination,166.419,167.919,,knee_angle_l,1.6647890972361674,93.96047037823203,0.9665024598754047,1.771797321293372,3.4175258599999996,-1.565370043648788
yaxkin,rd,rd_supination,166.419,167.919,,ankle_angle_l,0.3464803464150763,44.50574550438976,0.02288624868888587,0.7785070050807299,0.792361940000001,0.17226482328996742
yaxkin,rd,rd_pronation,232.929,234.429,,pelvis_tilt,17.10495383999889,1592.4669161358522,0.4940976593763453,1.0741167472103186,1.7994582199999982,-17.10043589489374
yaxkin,rd,rd_pronation,232.929,234.429,,pelvis_list,2.285237619372155,133.98074491487654,0.928501322613091,1.7056463007606504,2.12191736,2.2736319041596187
yaxkin,rd,rd_pronation,232.929,234.429,,pelvis_rotation,355.7937059194809,27397.963882186963,0.5455431461403075,1.2986136759994906,2.091890769999992,-355.79335646083064
yaxkin,rd,rd_pronation,232.929,234.429,,hip_flexion_r,12.30950594558934,941.048389255546,0.7272138959792558,1.3080630163266385,2.442836589999999,-12.301525554743199
yaxkin,rd,rd_pronation,232.929,234.429,,hip_adduction_r,8.164379131393986,297.51315736946367,0.9139929278554788,2.74420775322388,2.941749060000001,8.156395552949748
yaxkin,rd,rd_pronation,232.929,234.429,,hip_rotation_r,8.072654196714646,712.8713762938838,-0.10628896642620607,1.1324138498424805,6.462107170000001,7.923792203214671
yaxkin,rd,rd_pronation,232.929,234.429,,knee_angle_r,4.889108430827613,75.07955108386145,0.7497737801366383,6.511904187288808,1.90114613,-4.662469880597013
yaxkin,rd,rd_pronation,232.929,234.429,,ankle_angle_r,4.6475759502206815,14.55978543738462,0.9518748884958335,31.92063488990211,21.784743239999997,0.35891480990007246
yaxkin,rd,rd_pronation,232.929,234.429,,hip_flexion_l,17.62129282818394,1127.084693269164,0.7272335630950504,1.5634399911041754,2.7767285899999976,-17.616545032801834
yaxkin,rd,rd_pronation,232.929,234.429,,hip_adduction_l,10.918544877196405,547.2726266724555,0.9809792177965712,1.995083317721131,2.796377719999999,-10.916445222326226
yaxkin,rd,rd_pronation,232.929,234.429,,hip_rotation_l,9.156886873827712,837.6166675182285,-0.45020279681533737,1.093207338024758,3.556048549999998,-9.11376314252514
yaxkin,rd,rd_pronation,232.929,234.429,,knee_angle_l,1.192196289560453,129.39430015034006,0.7827865875027997,0.92136692897235,1.25531481,-1.1735937851839569
yaxkin,rd,rd_pronation,232.929,234.429,,ankle_angle_l,1.5638009198935856,123.20366661683941,0.33939451203350635,1.269281152773619,1.5266848500000023,-1.5025574048011543
yaxkin,rgs,rgs_correct,29.201,30.701,,pelvis_tilt,7.140790752085334,100.58681677405662,0.4021987817327822,7.099131855544602,5.1379352900000015,6.903226892952268
yaxkin,rgs,rgs_correct,29.201,30.701,,pelvis_list,6.022248881941677,95.40632835915666,0.15921487166404816,6.312211134748788,17.32487211,0.28663984126238357
yaxkin,rgs,rgs_correct,29.201,30.701,,pelvis_rotation,2.5423449202538344,28.734162218475095,0.8512685545772061,8.847812930558291,11.71201119,0.08588710830936548
yaxkin,rgs,rgs_correct,29.201,30.701,,hip_flexion_r,4.625802126791008,12.797292625510742,0.9954812368626234,36.14672464056741,47.08211454,-2.9543152384411533
yaxkin,rgs,rgs_correct,29.201,30.701,,hip_adduction_r,8.836521579577882,173.25572002198822,0.8456740253300047,5.100276965433766,26.702211409999997,0.37559323516491483
yaxkin,rgs,rgs_correct,29.201,30.701,,hip_rotation_r,12.918670179742602,165.07764402548852,0.6436687330236406,7.825814486271634,18.49052856,11.66758433511965
yaxkin,rgs,rgs_correct,29.201,30.701,,knee_angle_r,6.115505882115334,12.420032233009861,0.9838206272805737,49.23905000714565,49.786451389999996,5.068102381907482
yaxkin,rgs,rgs_correct,29.201,30.701,,ankle_angle_r,5.808096603796086,43.68782718583143,0.39816730975291864,13.294542159514247,18.74327747,2.6352622173665963
yaxkin,rgs,rgs_correct,29.201,30.701,,hip_flexion_l,2.9428801377848783,15.767968160548593,0.9848294506863571,18.66366108696208,18.163908799999998,-2.6899467936891552
yaxkin,rgs,rgs_correct,29.201,30.701,,hip_adduction_l,8.677574804623497,254.10581201469867,-0.5527175606231638,3.414945426010777,23.628338579999998,0.5186520073373524
yaxkin,rgs,rgs_correct,29.201,30.701,,hip_rotation_l,7.883412647849988,154.49110298999494,0.4185932159990317,5.102826308619551,4.268851400000001,7.76685128709964
yaxkin,rgs,rgs_correct,29.201,30.701,,knee_angle_l,4.053243547491266,25.011649857597018,0.8678738434095604,16.205422555362283,13.36895114,3.656550527338293
yaxkin,rgs,rgs_correct,29.201,30.701,,ankle_angle_l,1.725420790928064,8.599581559127497,0.978341364736125,20.064008685361237,13.54991386,0.6993860337100298
yaxkin,rgs,rgs_flexion,164.206,165.706,,pelvis_tilt,4.542997240916079,98.31426013585117,-0.6798327159795766,4.6208934844635365,6.059756230000005,3.418397389722527
yaxkin,rgs,rgs_flexion,164.206,165.706,,pelvis_list,3.40526755548782,54.35511706179882,-0.2124126917091914,6.264851847556901,8.60272172,-0.11258441937546884
yaxkin,rgs,rgs_flexion,164.206,165.706,,pelvis_rotation,1.8090754698092704,33.65493228105593,0.889777122053571,5.375365057048661,7.171706459999999,-1.543045548971099
yaxkin,rgs,rgs_flexion,164.206,165.706,,hip_flexion_r,6.592332912314986,13.19142056756752,0.9864377065008986,49.97439721179782,63.68219232,3.8203175167345256
yaxkin,rgs,rgs_flexion,164.206,165.706,,hip_adduction_r,6.352990267765459,186.06345475756254,0.4375044805848162,3.4144213198896556,16.42504166,2.965659660195277
yaxkin,rgs,rgs_flexion,164.206,165.706,,hip_rotation_r,9.655159781229157,179.30096959461068,0.41872391570776646,5.384889888247077,7.6266505,9.437187091239112
yaxkin,rgs,rgs_flexion,164.206,165.706,,knee_angle_r,9.609116081124887,21.767572366885084,0.9621298125692623,44.14417886922106,51.888104299999995,8.64676848728074
yaxkin,rgs,rgs_flexion,164.206,165.706,,ankle_angle_r,8.207282200553854,13.669160983748174,0.9829367333892918,60.042326008976175,38.925803650000006,4.117257249488282
yaxkin,rgs,rgs_flexion,164.206,165.706,,hip_flexion_l,2.841761096575804,17.642629524871364,0.8429264429307787,16.107355723644737,15.36082674,0.09028037651973643
yaxkin,rgs,rgs_flexion,164.206,165.706,,hip_adduction_l,4.492428568395879,137.1281953843671,-0.7243738295269346,3.276079405700416,11.74654378,-0.617343330043555
yaxkin,rgs,rgs_flexion,164.206,165.706,,hip_rotation_l,4.754166551623082,108.98521772162697,0.19548791813586877,4.3622122807207715,10.42313699,3.0860613036601467
yaxkin,rgs,rgs_flexion,164.206,165.706,,knee_angle_l,2.962096686452704,36.2459149538369,0.9348612614358998,8.172222139309367,6.77065333,2.7855397743230577
yaxkin,rgs,rgs_flexion,164.206,165.706,,ankle_angle_l,1.1696661624636415,10.992195474264099,0.9767135923341671,10.64087847784519,8.854134669999999,0.5470436108684267
yaxkin,rgs,rgs_abduction,298.909,300.409,,pelvis_tilt,7.924565187494823,95.11147268221232,0.7414554101495474,8.331870976251711,6.35256468,7.765624683793375
yaxkin,rgs,rgs_abduction,298.909,300.409,,pelvis_list,4.784600185927854,36.45526346207,0.9434011906042797,13.124579913970464,26.90800286,0.48973579206764445
yaxkin,rgs,rgs_abduction,298.909,300.409,,pelvis_rotation,4.917229812108757,110.19136067274343,-0.38473800686857834,4.4624458597188985,11.33948355,2.3268983104353445
yaxkin,rgs,rgs_abduction,298.909,300.409,,hip_flexion_r,7.022133960750575,17.673781155309168,0.9932949882449356,39.7319277580912,43.31976914,-6.83443925359841
yaxkin,rgs,rgs_abduction,298.909,300.409,,hip_adduction_r,7.151386718738581,45.47776622464722,0.3306860322991891,15.725017546844246,28.116474099999998,-3.1598138322806473
yaxkin,rgs,rgs_abduction,298.909,300.409,,hip_rotation_r,5.457104207314405,40.88397959954897,0.9452704309841297,13.34778135779768,11.0645631,5.23111097536491
yaxkin,rgs,rgs_abduction,298.909,300.409,,knee_angle_r,4.380958714654422,55.83873937123576,0.9762240093663022,7.84573356058104,13.896726710000001,-3.4855390002478934
yaxkin,rgs,rgs_abduction,298.909,300.409,,ankle_angle_r,8.967186052229557,14.403062736826547,0.9910731964757142,62.25888351719638,40.70811213,1.6582284459821084
yaxkin,rgs,rgs_abduction,298.909,300.409,,hip_flexion_l,4.145830503500894,43.88735150257884,0.933904094284428,9.446526986841036,11.861900139999996,-3.7636565540293767
yaxkin,rgs,rgs_abduction,298.909,300.409,,hip_adduction_l,7.1262583910359325,136.92816221510213,0.8457231758910705,5.204377445628173,26.81289528,0.21307394211063246
yaxkin,rgs,rgs_abduction,298.909,300.409,,hip_rotation_l,5.274363235165935,108.71341843505171,0.9026157668731086,4.851621180799295,7.357452049999999,5.207006155235759
yaxkin,rgs,rgs_abduction,298.909,300.409,,knee_angle_l,3.0589059453623624,127.799247904574,0.4526519819916987,2.393524215139675,3.0174826199999996,2.926807559661226
yaxkin,rgs,rgs_abduction,298.909,300.409,,ankle_angle_l,0.8377357761280805,10.197675866661136,0.9714691713883785,8.214967675790298,8.10384226,-0.5491089857897711
yaxkin,rgs,rgs_stork,405.92,407.42,,pelvis_tilt,5.222359700750622,71.56198786076419,-0.7551808378157591,7.2976727685536,7.929562320000002,2.7110334300905596
yaxkin,rgs,rgs_stork,405.92,407.42,,pelvis_list,2.4273087562924194,34.049287562273754,0.9562814051786782,7.1288092352976316,11.35432277,1.7858409641525392
yaxkin,rgs,rgs_stork,405.92,407.42,,pelvis_rotation,2.615003043986428,72.63802023617015,-0.3171313019804449,3.60004724176704,4.93940115,-1.527885338978329
yaxkin,rgs,rgs_stork,405.92,407.42,,hip_flexion_r,9.097545159716057,13.80302279108922,0.9880096572114003,65.90980321780773,83.67798907,4.519501998840935
yaxkin,rgs,rgs_stork,405.92,407.42,,hip_adduction_r,4.8449163301886,82.3904319220976,-0.3359028838994314,5.8804356490928456,11.4251534,1.4954118696348013
yaxkin,rgs,rgs_stork,405.92,407.42,,hip_rotation_r,8.430259188474068,265.24536013176953,-0.403568091586872,3.1782871467708445,7.064008879999999,8.16842546346997
yaxkin,rgs,rgs_stork,405.92,407.42,,knee_angle_r,8.882692140817523,11.178648833366298,0.9881798469640778,79.46123250874696,85.51812424,7.598569387251006
yaxkin,rgs,rgs_stork,405.92,407.42,,ankle_angle_r,7.721840153301492,13.3723600488314,0.995726279003824,57.744781961478054,39.42009323,2.0366104759297814
yaxkin,rgs,rgs_stork,405.92,407.42,,hip_flexion_l,5.2992380914148765,48.29736172014593,-0.6439988129629348,10.97210676252,7.274820030000001,1.0374521200370888
yaxkin,rgs,rgs_stork,405.92,407.42,,hip_adduction_l,2.7474995692651545,124.95321183138049,0.6084856974474322,2.1988226865050886,8.56970772,1.1769156256452682
yaxkin,rgs,rgs_stork,405.92,407.42,,hip_rotation_l,5.188714278686679,74.12137825141596,0.9370769709792911,7.000293843817667,11.490459529999999,4.829671258569914
yaxkin,rgs,rgs_stork,405.92,407.42,,knee_angle_l,2.6340594858630704,61.17506387321306,0.9168980615686254,4.305773168169024,5.88013196,2.4694420869658393
yaxkin,rgs,rgs_stork,405.92,407.42,,ankle_angle_l,1.2590089001952447,19.47482654796082,0.9658594771769996,6.464801609886861,7.893565049999999,1.0121688632136927
ziri,ng,ng_v0,6.94,8.440000000000001,3.59,pelvis_tilt,8.271105433242111,173.84008042893475,0.45113056598251683,4.757881734082211,42.07815229,-5.705068713617841
ziri,ng,ng_v0,6.94,8.440000000000001,3.59,pelvis_list,2.557814384653181,155.96160470690046,-0.2230635504783552,1.640028255326108,15.72317341,0.45800920307365545
ziri,ng,ng_v0,6.94,8.440000000000001,3.59,pelvis_rotation,1.0072488300258864,48.37571629717187,0.8851513654254541,2.082137293509744,2.06271639,0.9753798154820655
ziri,ng,ng_v0,6.94,8.440000000000001,3.59,hip_flexion_r,9.417926199251092,159.09456947633097,0.6964057273041909,5.919703123903439,32.21349954,8.300394247180607
ziri,ng,ng_v0,6.94,8.440000000000001,3.59,hip_adduction_r,5.1615494646675675,377.1092596365294,0.31139229803125873,1.3687145920634363,33.27687593,0.3550665501328042
ziri,ng,ng_v0,6.94,8.440000000000001,3.59,hip_rotation_r,18.607323330812292,786.4543331006328,-0.42199964201442053,2.36597632534518,116.86376779000001,-6.85069252646759
ziri,ng,ng_v0,6.94,8.440000000000001,3.59,knee_angle_r,4.938234663961731,113.49345283375867,-0.7817380725135243,4.35111853649839,17.1138902,3.922385164460688
ziri,ng,ng_v0,6.94,8.440000000000001,3.59,ankle_angle_r,11.804259078939758,251.05700986810234,-0.6390848363354877,4.70182413354694,53.04629558,8.344104771712116
ziri,ng,ng_v0,6.94,8.440000000000001,3.59,hip_flexion_l,11.284775108177271,84.38015374771518,0.39246511241115917,13.3737313893942,68.15015934,5.325879534643286
ziri,ng,ng_v0,6.94,8.440000000000001,3.59,hip_adduction_l,2.305086272269742,206.95262168777043,0.44460380638460584,1.1138231801418912,14.851495319999998,0.5290151744996057
ziri,ng,ng_v0,6.94,8.440000000000001,3.59,hip_rotation_l,21.060066864593217,539.2301553542995,-0.35831231598305163,3.90558032696739,42.062053809999995,19.835829319068292
ziri,ng,ng_v0,6.94,8.440000000000001,3.59,knee_angle_l,4.425868956787132,24.7250469147013,0.6363825294569494,17.90034604203541,29.785472159999998,0.520371342677407
ziri,ng,ng_v0,6.94,8.440000000000001,3.59,ankle_angle_l,2.680042270283705,38.097906533843386,0.23505663820651032,7.034618209016163,9.6654003,1.8962436522283233
ziri,ng,ng_v1,45.3,46.8,4.09,pelvis_tilt,12.979131736374264,194.1506843219092,-0.061795522528164226,6.685081632189547,29.56448427,-10.755842078302003
ziri,ng,ng_v1,45.3,46.8,4.09,pelvis_list,16.76834767956379,349.37855799337757,0.037329219098278806,4.7994781866040075,60.30623618,8.275439204802918
ziri,ng,ng_v1,45.3,46.8,4.09,pelvis_rotation,18.718751755306524,312.72803581231045,-0.34912732259911117,5.9856327580879025,65.42192609,-5.35950698901353
ziri,ng,ng_v1,45.3,46.8,4.09,hip_flexion_r,36.70117394786752,80.52299297468905,0.1779651634564326,45.5785019806751,104.68404033,25.02932898388611
ziri,ng,ng_v1,45.3,46.8,4.09,hip_adduction_r,11.822224152431787,81.63020613664098,0.8886165566575714,14.482658701905688,54.09332485,-0.000728325083291159
ziri,ng,ng_v1,45.3,46.8,4.09,hip_rotation_r,18.58627865535248,154.27805872164765,0.44385609851894636,12.047259869199099,71.6116198,8.9448231715528
ziri,ng,ng_v1,45.3,46.8,4.09,knee_angle_r,20.316804663762984,30.388035816963168,0.8016936946961395,66.85790679640363,68.88181576,13.336506080924485
ziri,ng,ng_v1,45.3,46.8,4.09,ankle_angle_r,3.5333668154188564,10.37561479633565,0.9486745247572386,34.05452963294988,32.18108949,2.0940157117094995
ziri,ng,ng_v1,45.3,46.8,4.09,hip_flexion_l,23.789831637858832,59.815731328156154,0.8323355373222676,39.7718645406925,95.84181343,18.15598741306209
ziri,ng,ng_v1,45.3,46.8,4.09,hip_adduction_l,15.713318622272588,107.51784901682566,0.7993936304150534,14.614614006846049,65.26983809,-0.1975407427793725
ziri,ng,ng_v1,45.3,46.8,4.09,hip_rotation_l,19.20304458725739,107.07124354467422,0.10173595093376357,17.934829139483327,70.50719857,0.0237263070998329
ziri,ng,ng_v1,45.3,46.8,4.09,knee_angle_l,10.210547145520973,15.691811224126697,0.964931878588826,65.069270842501,71.02517798000001,8.002741615924398
ziri,ng,ng_v1,45.3,46.8,4.09,ankle_angle_l,4.704205983030541,11.557205250956812,0.8702848841945986,40.70366391252837,36.67191116,2.09745589885019
ziri,ng,ng_v2,74.26,75.76,4.59,pelvis_tilt,13.180064985096806,249.79218766180117,0.2358304900471128,5.276412008105542,38.23101999,-10.846967433639012
ziri,ng,ng_v2,74.26,75.76,4.59,pelvis_list,17.22909031609241,277.49725480110567,0.08112806792153301,6.208742615649025,61.98931786,5.752272225599613
ziri,ng,ng_v2,74.26,75.76,4.59,pelvis_rotation,18.346468310351597,365.64776983428476,0.14102064358085,5.017525012846763,63.05137786,-4.80984807648459
ziri,ng,ng_v2,74.26,75.76,4.59,hip_flexion_r,36.59404151774362,83.35864798950487,0.1843967125492184,43.899514207993064,112.52627206000001,24.040830443395688
ziri,ng,ng_v2,74.26,75.76,4.59,hip_adduction_r,12.031547529670565,84.60179404151754,0.8552551193351154,14.221385806270487,51.67523464,4.619742603644368
ziri,ng,ng_v2,74.26,75.76,4.59,hip_rotation_r,20.129151292838184,177.00764869792843,0.3119920362827575,11.371910446191787,68.61153644000001,10.520122413660168
ziri,ng,ng_v2,74.26,75.76,4.59,knee_angle_r,19.151554594067342,29.48284239197328,0.779989252441014,64.95830469616241,82.21629099,12.4065206155619
ziri,ng,ng_v2,74.26,75.76,4.59,ankle_angle_r,4.247653346415137,12.00714994634689,0.8850783394648709,35.3760331585387,30.54991559,3.0215317836125166
ziri,ng,ng_v2,74.26,75.76,4.59,hip_flexion_l,25.042875061269164,60.458213061507884,0.8407474534402162,41.42179166921704,106.21181587000001,18.51183104975868
ziri,ng,ng_v2,74.26,75.76,4.59,hip_adduction_l,13.746367311806285,91.02756528552189,0.8645663584749962,15.101323723960649,61.53554973,-4.36498637956904
ziri,ng,ng_v2,74.26,75.76,4.59,hip_rotation_l,19.833485977499304,139.97133204749244,0.2768353841742495,14.169677238457501,72.25607862,-1.0936072251804767
ziri,ng,ng_v2,74.26,75.76,4.59,knee_angle_l,10.777902666003115,16.630455660725637,0.9683276266104446,64.8082222512768,88.19355928,7.642742588906557
ziri,ng,ng_v2,74.26,75.76,4.59,ankle_angle_l,2.9391533535539898,9.340114896927357,0.9456404830739845,31.468064215365178,29.13838356,-0.6054686202379796
ziri,gwo,gwo_v0,6.64,8.14,3.56,pelvis_tilt,1.8510109303268973,22.406753201940425,0.9467537770808876,8.260951123282778,6.68248569,-1.4969601471505047
ziri,gwo,gwo_v0,6.64,8.14,3.56,pelvis_list,0.39804811471091145,10.748383602981175,0.9667581006413378,3.703330002108491,2.87312438,0.24858585746043455
ziri,gwo,gwo_v0,6.64,8.14,3.56,pelvis_rotation,0.7873430701340991,22.04420112800766,0.8857139604254012,3.5716561718980224,2.85334268,0.685351770574022
ziri,gwo,gwo_v0,6.64,8.14,3.56,hip_flexion_r,1.949957398879292,23.01146036469856,0.9158271518157944,8.47385332341047,7.590010120000002,1.5507445729080236
ziri,gwo,gwo_v0,6.64,8.14,3.56,hip_adduction_r,0.7290888353044558,101.63680957007158,0.9378100082299157,0.717347227238375,2.7986373099999997,-0.3811274395126835
ziri,gwo,gwo_v0,6.64,8.14,3.56,hip_rotation_r,3.174810196818224,40.16948563579032,0.9437912978337601,7.903537091820569,4.3994833,2.940044788616859
ziri,gwo,gwo_v0,6.64,8.14,3.56,knee_angle_r,0.3514125370997735,16.593334385015858,0.7941783019263461,2.1177933798351383,1.73800796,0.09141931361410147
ziri,gwo,gwo_v0,6.64,8.14,3.56,ankle_angle_r,3.1274757075335278,45.653094964426565,0.0905661709298379,6.850522861528871,1.3392630899999975,2.5907475195378904
ziri,gwo,gwo_v0,6.64,8.14,3.56,hip_flexion_l,1.9183369313917957,29.650247651274924,0.8964560365862431,6.469885020705078,5.7606041999999995,1.5900500474146437
ziri,gwo,gwo_v0,6.64,8.14,3.56,hip_adduction_l,0.6348656547573611,53.8471829640302,0.7638367373238685,1.1790136824454678,1.5807835799999999,-0.5377623256986136
ziri,gwo,gwo_v0,6.64,8.14,3.56,hip_rotation_l,7.105664570230004,377.626086025663,-0.49107664652246197,1.8816667685788822,1.4205098400000002,7.065384426020404
ziri,gwo,gwo_v0,6.64,8.14,3.56,knee_angle_l,0.6925732184832947,34.521652257469526,0.8945448839694928,2.006199510144944,1.79449878,0.6268340632361856
ziri,gwo,gwo_v0,6.64,8.14,3.56,ankle_angle_l,3.432816855045735,90.87099295918097,0.3728677239955412,3.777681681752667,0.9455801700000013,3.2142734577281282
ziri,gwo,gwo_v1,38.32,39.82,4.08,pelvis_tilt,17.01818311388873,197.53846594247793,0.35057333655293965,8.61512365841918,53.79478922,-11.857874896512229
ziri,gwo,gwo_v1,38.32,39.82,4.08,pelvis_list,12.577584496425514,357.91077801095435,0.06081630025387796,3.5141675716847396,64.34279264,2.4910861680192564
ziri,gwo,gwo_v1,38.32,39.82,4.08,pelvis_rotation,8.956419555033133,126.25429666107007,0.15623370798041894,7.093952278770093,52.36542613,3.0628741992764814
ziri,gwo,gwo_v1,38.32,39.82,4.08,hip_flexion_r,32.3634467366425,67.06625701317608,0.295305717739626,48.255931041871406,140.53444673,20.772161873061687
ziri,gwo,gwo_v1,38.32,39.82,4.08,hip_adduction_r,12.222768772794806,164.2065709931714,0.37039103169763027,7.443532069921304,61.70434256,2.2100073468217216
ziri,gwo,gwo_v1,38.32,39.82,4.08,hip_rotation_r,41.3445509275729,244.462751502228,-0.09032064786779813,16.912413311848077,130.83912196,16.178733679634046
ziri,gwo,gwo_v1,38.32,39.82,4.08,knee_angle_r,19.846660073330344,287.3252782193189,0.4568222469594273,6.907383922615102,111.46827607,12.585046434761981
ziri,gwo,gwo_v1,38.32,39.82,4.08,ankle_angle_r,16.09312990974393,73.52585224344668,0.3522756740002601,21.887716250413543,68.35429109,-1.0287103503814272
ziri,gwo,gwo_v1,38.32,39.82,4.08,hip_flexion_l,31.117888039399602,75.53152414454257,0.697616600400691,41.19854377604001,123.17372962,22.391668050177937
ziri,gwo,gwo_v1,38.32,39.82,4.08,hip_adduction_l,10.45297121964102,74.73848260915763,0.6214160998791609,13.986062942038146,52.50203939,-4.701275994779767
ziri,gwo,gwo_v1,38.32,39.82,4.08,hip_rotation_l,13.91530065395224,107.45461100741862,0.11733703946914063,12.949933486792421,67.46730563,6.887798260130837
ziri,gwo,gwo_v1,38.32,39.82,4.08,knee_angle_l,15.947842702631778,24.677518368353663,0.9516859313198666,64.62498564313995,86.18469825000001,13.21230584251226
ziri,gwo,gwo_v1,38.32,39.82,4.08,ankle_angle_l,6.1863731349793465,19.52381613995697,0.9384869002548878,31.68629068534642,32.43981159,5.552483543683548
ziri,gwo,gwo_v2,69.33,70.83,4.6,pelvis_tilt,13.844061866149126,129.74254134234852,0.36283670745178803,10.67041058616166,49.05025972,-9.104363072758092
ziri,gwo,gwo_v2,69.33,70.83,4.6,pelvis_list,5.234960512604508,130.33103946535743,-0.06670257119313765,4.016664437020763,20.07549262,1.2632815255310632
ziri,gwo,gwo_v2,69.33,70.83,4.6,pelvis_rotation,4.881221924539481,74.20860102047236,0.8376189851235083,6.577703739749614,11.737792840000001,4.457611793363352
ziri,gwo,gwo_v2,69.33,70.83,4.6,hip_flexion_r,16.8608605756223,34.90318237434334,0.8746258985152754,48.307516474533266,45.944670190000004,15.10955652566818
ziri,gwo,gwo_v2,69.33,70.83,4.6,hip_adduction_r,9.238536895999482,145.73478522816083,0.6561416475208356,6.339280550992495,43.03638705,-0.7716864342990345
ziri,gwo,gwo_v2,69.33,70.83,4.6,hip_rotation_r,35.589705562472055,164.32251270505216,-0.22793791445986575,21.658447754114604,135.21409003,11.356963501906177
ziri,gwo,gwo_v2,69.33,70.83,4.6,knee_angle_r,12.622322143983983,216.7163271312078,0.36753748375909173,5.824352189367798,50.91291542,8.605175798927883
ziri,gwo,gwo_v2,69.33,70.83,4.6,ankle_angle_r,12.835385021932948,62.19890779679736,0.2809621677689431,20.636029596959975,65.28416744,0.4554845667574491
ziri,gwo,gwo_v2,69.33,70.83,4.6,hip_flexion_l,23.579770754810244,54.80627437796581,0.7454889788472888,43.02385269284095,93.79007315999999,16.154631383379897
ziri,gwo,gwo_v2,69.33,70.83,4.6,hip_adduction_l,5.799285448479756,41.841962692710645,0.7820085106657767,13.859974712634736,30.02424292,-1.61305787670838
ziri,gwo,gwo_v2,69.33,70.83,4.6,hip_rotation_l,11.46935760026819,64.68529202710039,0.2297863255717667,17.731013095624604,24.934430810000002,9.213413791028122
ziri,gwo,gwo_v2,69.33,70.83,4.6,knee_angle_l,11.992140779597264,19.2147742257957,0.945296088453462,62.41104182997841,82.34735913,9.389311248052254
ziri,gwo,gwo_v2,69.33,70.83,4.6,ankle_angle_l,5.857705746628526,20.41229015850258,0.909116589554099,28.696955124305568,29.570965740000002,5.263645902562614
ziri,rd,rd_correct,33.891,35.391,,pelvis_tilt,4.8980150281043,263.8926796036773,0.8899844343778585,1.8560632433837494,1.9168146799999999,4.890650898925186
ziri,rd,rd_correct,33.891,35.391,,pelvis_list,4.781050674268721,187.30062637716424,0.9781333683509468,2.5526079473120378,3.346565410000001,-4.773175234711616
ziri,rd,rd_correct,33.891,35.391,,pelvis_rotation,355.73421439119414,28044.852354460487,0.5416626192016016,1.268447449446512,1.4064490000000092,-355.7340478359543
ziri,rd,rd_correct,33.891,35.391,,hip_flexion_r,5.273110231425768,259.9066244509564,0.8340376373446262,2.02884795359296,2.29280816,5.254228142622203
ziri,rd,rd_correct,33.891,35.391,,hip_adduction_r,5.327006744424828,204.7609598600273,0.9623223169879969,2.601573438640999,3.859332509999999,-5.309367636643202
ziri,rd,rd_correct,33.891,35.391,,hip_rotation_r,21.89969347812687,1500.77772557579,-0.26763794424380877,1.459222981852613,4.42179449,21.861109518983294
ziri,rd,rd_correct,33.891,35.391,,knee_angle_r,5.008342780596977,100.34311126681384,0.9461022369587198,4.99121735151277,4.551080219999999,-4.987617034094225
ziri,rd,rd_correct,33.891,35.391,,ankle_angle_r,5.194440190084076,20.9482070291231,0.9581992957811315,24.796586089026814,17.464792029999998,-3.6114128110571224
ziri,rd,rd_correct,33.891,35.391,,hip_flexion_l,5.976809951540805,292.8526977247544,0.8888148897292516,2.0408929123672515,2.4545382799999995,5.964932101630282
ziri,rd,rd_correct,33.891,35.391,,hip_adduction_l,3.943702470867049,171.41835098819834,0.9600075054263875,2.300630269823656,3.3925016600000006,3.9221956357410517
ziri,rd,rd_correct,33.891,35.391,,hip_rotation_l,7.204300153432274,319.83981011400897,0.47587046168997865,2.252471370235073,1.82479202,7.17120191795832
ziri,rd,rd_correct,33.891,35.391,,knee_angle_l,2.400384847572772,159.0573875681018,0.874809570312215,1.5091313168619886,1.61183269,2.3837992365454617
ziri,rd,rd_correct,33.891,35.391,,ankle_angle_l,4.859204570808057,306.70315346353897,0.7079983381523913,1.5843347275481214,1.4862509799999994,4.8466008512867464
ziri,rd,rd_toes,71.163,72.663,,pelvis_tilt,4.390896316040472,426.6257087599014,0.40718471526407946,1.0292151236745095,0.6736399999999989,4.383847170658449
ziri,rd,rd_toes,71.163,72.663,,pelvis_list,4.794540446339697,177.6053776346789,0.9893082109830548,2.6995468888344765,2.64608106,-4.791466227128412
ziri,rd,rd_toes,71.163,72.663,,pelvis_rotation,354.61897179274064,16441.777797205596,0.843291461104754,2.1568164718356115,1.608804819999989,-354.6187966235427
ziri,rd,rd_toes,71.163,72.663,,hip_flexion_r,4.108401526891588,260.86078483220933,-0.4934474057114663,1.5749402615399593,0.49908932000000306,4.070620789366624
ziri,rd,rd_toes,71.163,72.663,,hip_adduction_r,6.227665318930177,218.70946861753796,0.9807775631078279,2.84746031266741,2.637154220000001,-6.224723524139745
ziri,rd,rd_toes,71.163,72.663,,hip_rotation_r,21.365230152300924,1258.8894376867866,0.6810996311062664,1.6971490515926169,4.076807819999999,21.348033650514612
ziri,rd,rd_toes,71.163,72.663,,knee_angle_r,6.261773789294401,200.4255161644557,0.8676155540406739,3.1242398219178895,2.70380982,-6.2454670355361666
ziri,rd,rd_toes,71.163,72.663,,ankle_angle_r,6.1177334119270546,25.866685955579953,0.9675896247980876,23.65101359498795,15.49723757,-5.450723132757096
ziri,rd,rd_toes,71.163,72.663,,hip_flexion_l,4.996823327738486,702.524369106761,-0.08721071374207803,0.7112669036793413,1.1670502799999998,4.9842119023209825
ziri,rd,rd_toes,71.163,72.663,,hip_adduction_l,3.6621223104181806,272.60222242717026,0.9266022328654521,1.3433941505728448,1.7796775800000013,3.6579507604357384
ziri,rd,rd_toes,71.163,72.663,,hip_rotation_l,5.948278587272429,187.31504698410725,0.9297623535705257,3.175547657832908,1.0020450300000001,5.8969193558114705
ziri,rd,rd_toes,71.163,72.663,,knee_angle_l,1.7067585640817182,166.82157893972882,0.5771782656442179,1.0231041900750473,0.7381115700000005,1.6862488011048853
ziri,rd,rd_toes,71.163,72.663,,ankle_angle_l,4.963804392398408,819.466526194894,0.6973217623790091,0.6057360775243996,1.2625363499999995,4.958719013706539
ziri,rd,rd_supination,132.595,134.095,,pelvis_tilt,3.7200892807348,152.69405252822608,0.9087223222530474,2.4363026713480718,2.85675393,3.6949954337365747
ziri,rd,rd_supination,132.595,134.095,,pelvis_list,6.0399005916419055,229.72929851192436,0.937089855127129,2.629138133779831,2.546473709999999,-6.029890077945007
ziri,rd,rd_supination,132.595,134.095,,pelvis_rotation,355.62003871898247,21773.797477926495,0.3432556887722971,1.6332476642142808,2.312068399999987,-355.6195505078625
ziri,rd,rd_supination,132.595,134.095,,hip_flexion_r,3.5818139169890073,119.63678552673582,0.7711189424694324,2.993906849986839,0.7637465600000013,3.4424596682565216
ziri,rd,rd_supination,132.595,134.095,,hip_adduction_r,7.710592736679826,91.85019291798365,0.9908825650537482,8.394748548394332,9.738857200000002,-7.702790858066276
ziri,rd,rd_supination,132.595,134.095,,hip_rotation_r,14.842178363051461,185.516624796358,0.9059364046218087,8.000457306370118,6.18830112,14.80700373927528
ziri,rd,rd_supination,132.595,134.095,,knee_angle_r,7.701572067566037,110.85274870505768,0.9698073054356157,6.947569778406994,5.389186980000002,-7.65572299954011
ziri,rd,rd_supination,132.595,134.095,,ankle_angle_r,5.708675346964613,33.216297684488126,0.9658771147334206,17.186368574817237,14.933089969999997,-5.045490751063138
ziri,rd,rd_supination,132.595,134.095,,hip_flexion_l,4.860205305416903,158.7154007454285,0.9514605832337375,3.0622140526945003,4.472728489999998,4.779409438393086
ziri,rd,rd_supination,132.595,134.095,,hip_adduction_l,5.484380256219595,267.711442548723,0.7788189648665593,2.0486163026899558,1.835223580000001,5.467562950981972
ziri,rd,rd_supination,132.595,134.095,,hip_rotation_l,6.9821367092857844,282.0678326768279,0.8681002699075009,2.4753395816265913,1.2971662300000002,6.953198098695269
ziri,rd,rd_supination,132.595,134.095,,knee_angle_l,1.6931616446984181,80.76158711647291,0.38597033934063185,2.0964937727840476,0.9791227399999998,1.5625000776427485
ziri,rd,rd_supination,132.595,134.095,,ankle_angle_l,4.705064880022585,141.1981878613416,0.8321906751031327,3.3322416889960493,1.7659890600000008,4.626524806558586
ziri,rd,rd_pronation,188.138,189.638,,pelvis_tilt,22.88706263177038,1693.7423544555522,0.3159600120961092,1.3512717900431408,62.89166085,12.592210038234457
ziri,rd,rd_pronation,188.138,189.638,,pelvis_list,19.171092690105798,1177.2912086450976,0.5535558019278134,1.6284070202281664,47.93974755,-13.202580643547732
ziri,rd,rd_pronation,188.138,189.638,,pelvis_rotation,350.8063881389085,14773.93826791102,0.6041029500904488,2.374494747286576,42.192457029999986,-350.5957731870887
ziri,rd,rd_pronation,188.138,189.638,,hip_flexion_r,162.2492832390447,13103.73670457548,-0.1143635087849272,1.2381909595481382,107.48747175999999,-158.85411358667395
ziri,rd,rd_pronation,188.138,189.638,,hip_adduction_r,172.9784249265795,3141.966061100166,-0.36221320203118273,5.505419904695302,29.19657576999998,-172.75412684479295
ziri,rd,rd_pronation,188.138,189.638,,hip_rotation_r,139.71318620307983,2246.9580505478893,0.16821132501169125,6.217881378293321,74.73274036999999,-138.12172017148282
ziri,rd,rd_pronation,188.138,189.638,,knee_angle_r,4.4654316507630165,95.63231258359288,-0.5131859424813927,4.669375371279191,10.15694376,-2.6995678516082533
ziri,rd,rd_pronation,188.138,189.638,,ankle_angle_r,6.204551573987388,21.71434764144716,0.9904630953633448,28.573511285895044,21.71361277,5.6490592057364015
ziri,rd,rd_pronation,188.138,189.638,,hip_flexion_l,41.60126741705475,3305.134431018552,-0.2552382444840465,1.2586860923606782,118.18431177,20.955716782727063
ziri,rd,rd_pronation,188.138,189.638,,hip_adduction_l,22.57067148075309,2583.878532714598,0.46492765329904817,0.8735190603964096,58.623240890000005,14.092988359855095
ziri,rd,rd_pronation,188.138,189.638,,hip_rotation_l,24.72298386320101,1132.9628445153896,-0.530404602605676,2.1821531026267635,80.61752548,-3.3115241972019627
ziri,rd,rd_pronation,188.138,189.638,,knee_angle_l,3.4431489623897806,344.02674635298655,0.568581540388176,1.0008375798947209,5.629171030000001,3.2089024929816086
ziri,rd,rd_pronation,188.138,189.638,,ankle_angle_l,4.2778855174243136,202.49889845124457,-0.4668932475947297,2.112547549711385,4.48998706,3.968878935978243
ziri,rgs,rgs_correct,36.636,38.136,,pelvis_tilt,9.017504248392694,185.2098309722133,-0.4073212644713986,4.868804318354771,7.0606035600000006,-8.62018027083536
ziri,rgs,rgs_correct,36.636,38.136,,pelvis_list,6.768893567234656,228.3761830230579,-0.38906872392177116,2.963922716297976,8.7799511,6.202208762910658
ziri,rgs,rgs_correct,36.636,38.136,,pelvis_rotation,1.514690097762494,37.463118755305764,0.867242157176541,4.0431500315172615,4.80172562,1.3682387234418667
ziri,rgs,rgs_correct,36.636,38.136,,hip_flexion_r,17.95940662013108,38.092931269880864,0.9813778447307181,47.14629728253845,54.89522179000001,17.55590530286203
ziri,rgs,rgs_correct,36.636,38.136,,hip_adduction_r,6.656987255835821,66.88226919347103,0.8588572077872538,9.95329156159323,22.48228143,-5.6107939263546776
ziri,rgs,rgs_correct,36.636,38.136,,hip_rotation_r,6.264892053756277,153.88867406033074,0.6905269437839245,4.07105467118404,22.71802408,5.021076096169071
ziri,rgs,rgs_correct,36.636,38.136,,knee_angle_r,8.753680102670064,14.818393229867166,0.9955103058444539,59.07307200504445,58.96456453,8.501150852644866
ziri,rgs,rgs_correct,36.636,38.136,,ankle_angle_r,5.779928977073824,18.64553175471264,0.9563831634090665,30.99900315587917,19.42734882,3.3589845087607846
ziri,rgs,rgs_correct,36.636,38.136,,hip_flexion_l,14.658482447385445,99.86134057557567,0.5938210061688389,14.678836036946468,15.54722242,14.073739970705265
ziri,rgs,rgs_correct,36.636,38.136,,hip_adduction_l,7.540226748123029,171.72564678940518,0.7383180413625208,4.390856513919522,15.28850973,6.71967290409539
ziri,rgs,rgs_correct,36.636,38.136,,hip_rotation_l,4.084740151029233,70.92367427084298,-0.18792033979489117,5.759346498928477,8.86269411,2.7438407672258647
ziri,rgs,rgs_correct,36.636,38.136,,knee_angle_l,6.466411697048873,57.191102725943296,0.956735986113902,11.306674270708804,13.065436369999999,6.291407353178477
ziri,rgs,rgs_correct,36.636,38.136,,ankle_angle_l,5.759756210968372,44.24098968283769,0.9454531252600191,13.019049194558912,11.82617537,5.537540767169834
ziri,rgs,rgs_flexion,147.861,149.361,,pelvis_tilt,8.613412664780281,144.8981825654665,-0.23897664140498479,5.94445873114292,6.791768609999998,-8.102915498627297
ziri,rgs,rgs_flexion,147.861,149.361,,pelvis_list,6.649054048637418,273.5896156634979,0.5104067506793568,2.430302053867218,9.88497801,6.527627106640749
ziri,rgs,rgs_flexion,147.861,149.361,,pelvis_rotation,0.7564212291997429,16.968810341740028,0.8533720275852176,4.457715148946484,7.50804552,0.05375750827726638
ziri,rgs,rgs_flexion,147.861,149.361,,hip_flexion_r,18.209225570643074,44.48814119451912,0.9430700059589834,40.93051559746089,38.877894090000005,17.79620930848281
ziri,rgs,rgs_flexion,147.861,149.361,,hip_adduction_r,6.831644776724624,85.34938561213222,0.9310487484274337,8.004328007433859,17.83575287,-6.379667081345519
ziri,rgs,rgs_flexion,147.861,149.361,,hip_rotation_r,7.883303161254415,92.54394815179639,0.43874019648009815,8.518442662856492,11.175540450000002,7.401380533375169
ziri,rgs,rgs_flexion,147.861,149.361,,knee_angle_r,8.393384694767327,13.053066118398544,0.9978038691459478,64.30201623614465,61.908431750000005,8.189696634572028
ziri,rgs,rgs_flexion,147.861,149.361,,ankle_angle_r,3.867292992995051,20.189388878608156,0.9823490347660584,19.15507703699083,16.16716572,3.2665150513961505
ziri,rgs,rgs_flexion,147.861,149.361,,hip_flexion_l,12.796488414611742,175.48450895547987,-0.5457601267807813,7.292090048733698,9.95957399,11.930745240551142
ziri,rgs,rgs_flexion,147.861,149.361,,hip_adduction_l,8.737171054416606,494.3780317092859,0.4860680816794303,1.7673056839132393,12.39870801,8.633566291456637
ziri,rgs,rgs_flexion,147.861,149.361,,hip_rotation_l,2.8859282965815893,50.45317505585112,-0.12771829699789816,5.72001324671222,8.24088628,-0.20494483969534447
ziri,rgs,rgs_flexion,147.861,149.361,,knee_angle_l,5.285206981162826,92.72414111118367,0.9728039967715469,5.699925518668801,13.77610904,5.0491632270860665
ziri,rgs,rgs_flexion,147.861,149.361,,ankle_angle_l,7.962848942180142,85.45115225807753,0.9186443202508084,9.318597504842224,8.68047681,7.837820878400656
ziri,rgs,rgs_abduction,260.622,262.122,,pelvis_tilt,8.557156304791635,137.50913441639884,-0.28787224649793064,6.222972998200429,7.629369,-8.01539157546321
ziri,rgs,rgs_abduction,260.622,262.122,,pelvis_list,4.714697362530073,56.250488556012236,0.8642512943126762,8.381611402068703,6.802069959999999,4.493505515468119
ziri,rgs,rgs_abduction,260.622,262.122,,pelvis_rotation,1.9167322943990825,21.614139453180176,0.9632037023758034,8.867955620213536,8.70623991,-1.7669751498173085
ziri,rgs,rgs_abduction,260.622,262.122,,hip_flexion_r,15.280533472895874,31.695583390070226,0.9915086805277779,48.210292534584006,58.293090770000006,14.66989720260841
ziri,rgs,rgs_abduction,260.622,262.122,,hip_adduction_r,4.392772680308567,17.247851400398957,0.9816969884399455,25.468521141172157,29.1264898,-3.73938118995641
ziri,rgs,rgs_abduction,260.622,262.122,,hip_rotation_r,8.13940689142622,46.606704783432505,0.9390470086213761,17.464025678810852,23.03730349,7.276355333285845
ziri,rgs,rgs_abduction,260.622,262.122,,knee_angle_r,5.0251842308139985,21.611207184261954,0.96158816098649,23.25267713167599,24.47249805,4.627696041265359
ziri,rgs,rgs_abduction,260.622,262.122,,ankle_angle_r,9.850130432214314,22.817612763595267,0.9750935458968418,43.16897886850751,42.77172191,9.226416110436379
ziri,rgs,rgs_abduction,260.622,262.122,,hip_flexion_l,14.9038377424017,198.47314931654202,-0.35966239812312517,7.509246360892767,14.361950479999999,13.900438297215572
ziri,rgs,rgs_abduction,260.622,262.122,,hip_adduction_l,4.7939018128949815,96.80099344900998,0.5955144236326765,4.9523270806308135,4.2929182300000015,4.604507286151582
ziri,rgs,rgs_abduction,260.622,262.122,,hip_rotation_l,1.8684102022243692,19.234927481823185,0.7733834129449628,9.713632681953172,7.87786121,0.3767126263159045
ziri,rgs,rgs_abduction,260.622,262.122,,knee_angle_l,6.753299979104836,424.01739058914217,0.7729248539921397,1.592694103824752,7.76990598,6.270104177522357
ziri,rgs,rgs_abduction,260.622,262.122,,ankle_angle_l,6.779169472678542,142.36856991448192,0.7246051289862171,4.761703708023941,3.68047185,6.7263505787042766
ziri,rgs,rgs_stork,368.337,369.837,,pelvis_tilt,4.561562232175699,37.81149344438076,0.9344181774948523,12.06395679368121,15.956824309999998,-4.1343299491950365
ziri,rgs,rgs_stork,368.337,369.837,,pelvis_list,6.8528269618413935,74.57083777401677,0.9879455294477749,9.189687505735884,13.14629388,6.6706174466867525
ziri,rgs,rgs_stork,368.337,369.837,,pelvis_rotation,1.7616892439334662,45.03848311320679,0.3407056086607544,3.911519931755606,3.8480782200000005,1.284113416425245
ziri,rgs,rgs_stork,368.337,369.837,,hip_flexion_r,12.818152842894571,14.964343931960986,0.9956968034764929,85.65796737348064,87.5797416,12.52719282299642
ziri,rgs,rgs_stork,368.337,369.837,,hip_adduction_r,8.186901286632049,68.77216024112613,0.9852209028253262,11.904382904255836,17.04103212,-7.822621216957331
ziri,rgs,rgs_stork,368.337,369.837,,hip_rotation_r,2.805550863220664,32.126268022741094,0.8268302888467922,8.732887558662929,12.698426870000002,2.102587125523654
ziri,rgs,rgs_stork,368.337,369.837,,knee_angle_r,6.341217837486769,7.730543547253695,0.9950017299324,82.02809800792741,84.80300077999999,5.871201502188355
ziri,rgs,rgs_stork,368.337,369.837,,ankle_angle_r,2.452727035212431,5.212064036865421,0.9893072936203817,47.05865119584221,44.11336883,0.05892167886586186
ziri,rgs,rgs_stork,368.337,369.837,,hip_flexion_l,8.705576610227952,74.94017792454123,0.9125448967118676,11.616701282713489,17.95011487,8.382406276941163
ziri,rgs,rgs_stork,368.337,369.837,,hip_adduction_l,7.952288322034873,154.10848055904842,0.9759721216602575,5.160188649701119,11.90580869,7.564053187802394
ziri,rgs,rgs_stork,368.337,369.837,,hip_rotation_l,5.709964446685529,55.904295615755004,0.5183795226308389,10.213820572808256,4.04605032,5.085047050134862
ziri,rgs,rgs_stork,368.337,369.837,,knee_angle_l,4.175835500922328,62.8691168434273,0.9827382134792869,6.642109370363923,7.740013530000001,4.156076588329316
ziri,rgs,rgs_stork,368.337,369.837,,ankle_angle_l,5.822847439486369,51.10824587905375,0.9008404692271753,11.39316628722883,5.034726750000001,5.532760881518262
